symptom_text,severity,disease,total_weight
vomiting breathlessness sweating chest_pain,MEDIUM,Heart attack,19
itching vomiting yellowish_skin nausea loss_of_appetite abdominal_pain yellowing_of_eyes,HIGH,Chronic cholestasis,26
joint_pain skin_peeling silver_like_dusting small_dents_in_nails inflammatory_nails,LOW,Psoriasis,12
back_pain weakness_in_limbs dizziness loss_of_balance,MEDIUM,Cervical spondylosis,18
joint_pain vomiting yellowish_skin dark_urine nausea loss_of_appetite abdominal_pain diarrhoea mild_fever yellowing_of_eyes muscle_pain,CRITICAL,hepatitis A,45
skin_rash joint_pain skin_peeling silver_like_dusting small_dents_in_nails inflammatory_nails,MEDIUM,Psoriasis,15
chills vomiting fatigue high_fever headache nausea constipation abdominal_pain diarrhoea toxic_look_(typhos) belly_pain,CRITICAL,Typhoid,50
fatigue cramps bruising obesity swollen_legs swollen_blood_vessels prominent_veins_on_calf,HIGH,Varicose veins,32
itching skin_rash fatigue lethargy high_fever headache loss_of_appetite mild_fever swelled_lymph_nodes malaise red_spots_over_body,CRITICAL,Chicken pox,44
joint_pain vomiting yellowish_skin dark_urine nausea loss_of_appetite abdominal_pain mild_fever yellowing_of_eyes muscle_pain,HIGH,hepatitis A,39
itching vomiting yellowish_skin nausea loss_of_appetite abdominal_pain yellowing_of_eyes,HIGH,Chronic cholestasis,26
chills vomiting high_fever sweating headache nausea diarrhoea muscle_pain,HIGH,Malaria,34
stomach_pain acidity ulcers_on_tongue vomiting cough chest_pain,HIGH,GERD,28
vomiting sunken_eyes diarrhoea,MEDIUM,Gastroenteritis,14
back_pain weakness_in_limbs neck_pain dizziness loss_of_balance,MEDIUM,Cervical spondylosis,23
weight_gain cold_hands_and_feets mood_swings lethargy dizziness puffy_face_and_eyes enlarged_thyroid brittle_nails swollen_extremeties depression irritability abnormal_menstruation,CRITICAL,Hypothyroidism,49
constipation pain_during_bowel_movements pain_in_anal_region bloody_stool,MEDIUM,Dimorphic hemmorhoids(piles),20
continuous_sneezing chills fatigue cough high_fever headache swelled_lymph_nodes malaise phlegm throat_irritation redness_of_eyes sinus_pressure runny_nose congestion chest_pain loss_of_smell muscle_pain,CRITICAL,Common Cold,77
vomiting sunken_eyes dehydration diarrhoea,MEDIUM,Gastroenteritis,18
continuous_sneezing shivering chills,LOW,Allergy,12
muscle_wasting patches_in_throat high_fever extra_marital_contacts,MEDIUM,AIDS,21
itching vomiting yellowish_skin nausea loss_of_appetite abdominal_pain,MEDIUM,Chronic cholestasis,22
joint_pain vomiting fatigue high_fever yellowish_skin dark_urine nausea loss_of_appetite abdominal_pain yellowing_of_eyes acute_liver_failure coma stomach_bleeding,CRITICAL,Hepatitis E,62
chills fatigue cough high_fever breathlessness sweating malaise phlegm chest_pain fast_heart_rate rusty_sputum,CRITICAL,Pneumonia,52
itching skin_rash nodal_skin_eruptions dischromic _patches,LOW,Fungal infection,8
joint_pain fatigue high_fever yellowish_skin dark_urine nausea loss_of_appetite abdominal_pain yellowing_of_eyes acute_liver_failure coma stomach_bleeding,CRITICAL,Hepatitis E,57
itching vomiting yellowish_skin nausea loss_of_appetite abdominal_pain yellowing_of_eyes,HIGH,Chronic cholestasis,26
stomach_pain acidity ulcers_on_tongue vomiting cough chest_pain,HIGH,GERD,28
chills vomiting high_fever sweating headache nausea diarrhoea muscle_pain,HIGH,Malaria,34
chills joint_pain vomiting fatigue high_fever headache nausea loss_of_appetite pain_behind_the_eyes back_pain malaise muscle_pain red_spots_over_body,CRITICAL,Dengue,52
fatigue weight_loss restlessness lethargy irregular_sugar_level blurred_and_distorted_vision excessive_hunger increased_appetite polyuria,HIGH,Diabetes,37
fatigue yellowish_skin loss_of_appetite yellowing_of_eyes family_history,MEDIUM,Hepatitis C,20
itching skin_rash nodal_skin_eruptions dischromic _patches,LOW,Fungal infection,8
itching vomiting weight_loss high_fever yellowish_skin dark_urine abdominal_pain,HIGH,Jaundice,27
chills vomiting fatigue weight_loss cough high_fever breathlessness sweating loss_of_appetite mild_fever yellowing_of_eyes swelled_lymph_nodes malaise phlegm chest_pain blood_in_sputum,CRITICAL,Tuberculosis,75
stomach_pain acidity ulcers_on_tongue vomiting cough chest_pain,HIGH,GERD,28
back_pain weakness_in_limbs neck_pain loss_of_balance,MEDIUM,Cervical spondylosis,19
fatigue yellowish_skin nausea loss_of_appetite yellowing_of_eyes family_history,HIGH,Hepatitis C,25
chills vomiting fatigue weight_loss cough high_fever breathlessness sweating loss_of_appetite mild_fever yellowing_of_eyes swelled_lymph_nodes malaise phlegm chest_pain blood_in_sputum,CRITICAL,Tuberculosis,75
itching skin_rash stomach_pain burning_micturition spotting_ urination,MEDIUM,Drug Reaction,15
joint_pain vomiting fatigue yellowish_skin dark_urine nausea loss_of_appetite abdominal_pain yellowing_of_eyes,HIGH,Hepatitis D,36
itching skin_rash nodal_skin_eruptions dischromic _patches,LOW,Fungal infection,8
headache weakness_of_one_body_side altered_sensorium,LOW,Paralysis (brain hemorrhage),9
fatigue mood_swings weight_loss restlessness sweating diarrhoea fast_heart_rate excessive_hunger muscle_weakness irritability abnormal_menstruation,CRITICAL,Hyperthyroidism,43
vomiting breathlessness sweating chest_pain,MEDIUM,Heart attack,19
vomiting breathlessness sweating,LOW,Heart attack,12
vomiting headache weakness_of_one_body_side altered_sensorium,MEDIUM,Paralysis (brain hemorrhage),14
itching skin_rash fatigue lethargy high_fever headache loss_of_appetite mild_fever swelled_lymph_nodes malaise red_spots_over_body,CRITICAL,Chicken pox,44
headache chest_pain dizziness lack_of_concentration,MEDIUM,Hypertension,17
vomiting breathlessness sweating chest_pain,MEDIUM,Heart attack,19
vomiting sunken_eyes dehydration diarrhoea,MEDIUM,Gastroenteritis,18
joint_pain vomiting fatigue yellowish_skin dark_urine nausea loss_of_appetite abdominal_pain yellowing_of_eyes,HIGH,Hepatitis D,36
vomiting yellowish_skin abdominal_pain swelling_of_stomach distention_of_abdomen history_of_alcohol_consumption fluid_overload,HIGH,Alcoholic hepatitis,32
stomach_pain acidity ulcers_on_tongue vomiting cough chest_pain,HIGH,GERD,28
itching skin_rash nodal_skin_eruptions dischromic _patches,LOW,Fungal infection,8
itching skin_rash nodal_skin_eruptions dischromic _patches,LOW,Fungal infection,8
itching vomiting fatigue weight_loss high_fever yellowish_skin dark_urine abdominal_pain,HIGH,Jaundice,31
itching vomiting yellowish_skin nausea loss_of_appetite abdominal_pain yellowing_of_eyes,HIGH,Chronic cholestasis,26
itching skin_rash nodal_skin_eruptions dischromic _patches,LOW,Fungal infection,8
fatigue mood_swings weight_loss restlessness sweating diarrhoea fast_heart_rate excessive_hunger muscle_weakness irritability abnormal_menstruation,CRITICAL,Hyperthyroidism,43
fatigue weight_loss restlessness lethargy irregular_sugar_level blurred_and_distorted_vision obesity excessive_hunger increased_appetite polyuria,CRITICAL,Diabetes,41
fatigue cough high_fever breathlessness family_history mucoid_sputum,HIGH,Bronchial Asthma,28
joint_pain neck_pain knee_pain hip_joint_pain swelling_joints painful_walking,MEDIUM,Osteoarthristis,20
fatigue weight_loss restlessness lethargy irregular_sugar_level blurred_and_distorted_vision obesity excessive_hunger increased_appetite polyuria,CRITICAL,Diabetes,41
fatigue mood_swings weight_loss restlessness sweating diarrhoea fast_heart_rate excessive_hunger muscle_weakness irritability abnormal_menstruation,CRITICAL,Hyperthyroidism,43
skin_rash pus_filled_pimples blackheads scurring,LOW,Acne,9
vomiting fatigue anxiety sweating headache nausea blurred_and_distorted_vision excessive_hunger drying_and_tingling_lips slurred_speech irritability palpitations,CRITICAL,Hypoglycemia,47
sunken_eyes dehydration diarrhoea,MEDIUM,Gastroenteritis,13
acidity indigestion headache blurred_and_distorted_vision excessive_hunger stiff_neck depression irritability visual_disturbances,HIGH,Migraine,32
fatigue weight_gain cold_hands_and_feets mood_swings lethargy dizziness puffy_face_and_eyes enlarged_thyroid brittle_nails swollen_extremeties depression irritability abnormal_menstruation,CRITICAL,Hypothyroidism,53
headache chest_pain dizziness loss_of_balance,MEDIUM,Hypertension,18
itching vomiting yellowish_skin nausea loss_of_appetite abdominal_pain yellowing_of_eyes,HIGH,Chronic cholestasis,26
skin_rash high_fever blister red_sore_around_nose,MEDIUM,Impetigo,16
fatigue cramps bruising obesity swollen_legs swollen_blood_vessels prominent_veins_on_calf,HIGH,Varicose veins,32
acidity indigestion blurred_and_distorted_vision excessive_hunger stiff_neck depression irritability visual_disturbances,HIGH,Migraine,29
joint_pain vomiting fatigue yellowish_skin dark_urine loss_of_appetite abdominal_pain yellowing_of_eyes,HIGH,Hepatitis D,31
joint_pain vomiting yellowish_skin dark_urine nausea loss_of_appetite abdominal_pain diarrhoea mild_fever yellowing_of_eyes muscle_pain,CRITICAL,hepatitis A,45
skin_rash chills joint_pain vomiting fatigue high_fever headache nausea loss_of_appetite pain_behind_the_eyes back_pain malaise muscle_pain red_spots_over_body,CRITICAL,Dengue,55
vomiting fatigue anxiety sweating headache nausea blurred_and_distorted_vision excessive_hunger drying_and_tingling_lips slurred_speech irritability palpitations,CRITICAL,Hypoglycemia,47
fatigue cramps bruising obesity swollen_legs prominent_veins_on_calf,HIGH,Varicose veins,27
vomiting headache nausea spinning_movements loss_of_balance unsteadiness,HIGH,(vertigo) Paroymsal  Positional Vertigo,27
vomiting fatigue anxiety sweating headache nausea excessive_hunger drying_and_tingling_lips slurred_speech irritability palpitations,CRITICAL,Hypoglycemia,42
acidity indigestion headache blurred_and_distorted_vision excessive_hunger stiff_neck depression irritability visual_disturbances,HIGH,Migraine,32
headache chest_pain dizziness loss_of_balance lack_of_concentration,MEDIUM,Hypertension,21
headache chest_pain dizziness loss_of_balance lack_of_concentration,MEDIUM,Hypertension,21
vomiting fatigue anxiety sweating headache blurred_and_distorted_vision excessive_hunger drying_and_tingling_lips slurred_speech irritability palpitations,CRITICAL,Hypoglycemia,42
itching skin_rash stomach_pain burning_micturition spotting_ urination,MEDIUM,Drug Reaction,15
skin_rash high_fever blister red_sore_around_nose yellow_crust_ooze,MEDIUM,Impetigo,19
fatigue yellowish_skin nausea loss_of_appetite yellowing_of_eyes family_history,HIGH,Hepatitis C,25
fatigue weight_gain cold_hands_and_feets mood_swings lethargy dizziness puffy_face_and_eyes enlarged_thyroid brittle_nails swollen_extremeties depression irritability abnormal_menstruation,CRITICAL,Hypothyroidism,53
itching vomiting yellowish_skin nausea loss_of_appetite abdominal_pain yellowing_of_eyes,HIGH,Chronic cholestasis,26
vomiting headache nausea spinning_movements loss_of_balance unsteadiness,HIGH,(vertigo) Paroymsal  Positional Vertigo,27
headache nausea spinning_movements loss_of_balance unsteadiness,MEDIUM,(vertigo) Paroymsal  Positional Vertigo,22
vomiting headache nausea spinning_movements loss_of_balance unsteadiness,HIGH,(vertigo) Paroymsal  Positional Vertigo,27
chills vomiting fatigue high_fever headache nausea constipation abdominal_pain diarrhoea toxic_look_(typhos) belly_pain,CRITICAL,Typhoid,50
muscle_wasting patches_in_throat high_fever,MEDIUM,AIDS,16
constipation pain_during_bowel_movements pain_in_anal_region bloody_stool irritation_in_anus,HIGH,Dimorphic hemmorhoids(piles),26
muscle_weakness stiff_neck swelling_joints movement_stiffness painful_walking,MEDIUM,Arthritis,18
weight_gain cold_hands_and_feets mood_swings lethargy dizziness puffy_face_and_eyes enlarged_thyroid brittle_nails swollen_extremeties depression irritability abnormal_menstruation,CRITICAL,Hypothyroidism,49
itching skin_rash nodal_skin_eruptions dischromic _patches,LOW,Fungal infection,8
joint_pain vomiting fatigue high_fever yellowish_skin dark_urine nausea loss_of_appetite abdominal_pain yellowing_of_eyes acute_liver_failure coma stomach_bleeding,CRITICAL,Hepatitis E,62
acidity indigestion headache blurred_and_distorted_vision excessive_hunger stiff_neck depression irritability visual_disturbances,HIGH,Migraine,32
continuous_sneezing chills fatigue cough high_fever headache swelled_lymph_nodes malaise phlegm throat_irritation redness_of_eyes sinus_pressure runny_nose congestion chest_pain loss_of_smell muscle_pain,CRITICAL,Common Cold,77
chills fatigue cough high_fever breathlessness sweating malaise phlegm chest_pain fast_heart_rate rusty_sputum,CRITICAL,Pneumonia,52
fatigue cough high_fever family_history mucoid_sputum,MEDIUM,Bronchial Asthma,24
chills fatigue cough high_fever headache swelled_lymph_nodes malaise phlegm throat_irritation redness_of_eyes sinus_pressure runny_nose congestion chest_pain loss_of_smell muscle_pain,CRITICAL,Common Cold,73
stomach_pain acidity ulcers_on_tongue vomiting cough chest_pain,HIGH,GERD,28
burning_micturition bladder_discomfort foul_smell_of urine continuous_feel_of_urine,MEDIUM,Urinary tract infection,16
fatigue yellowish_skin nausea loss_of_appetite yellowing_of_eyes family_history,HIGH,Hepatitis C,25
skin_rash chills joint_pain vomiting fatigue high_fever headache nausea loss_of_appetite pain_behind_the_eyes back_pain malaise muscle_pain,CRITICAL,Dengue,52
skin_rash high_fever blister red_sore_around_nose yellow_crust_ooze,MEDIUM,Impetigo,19
fatigue cramps bruising obesity swollen_legs swollen_blood_vessels prominent_veins_on_calf,HIGH,Varicose veins,32
vomiting headache spinning_movements loss_of_balance unsteadiness,MEDIUM,(vertigo) Paroymsal  Positional Vertigo,22
joint_pain vomiting fatigue yellowish_skin dark_urine nausea loss_of_appetite abdominal_pain yellowing_of_eyes,HIGH,Hepatitis D,36
skin_rash pus_filled_pimples scurring,LOW,Acne,7
continuous_sneezing shivering chills watering_from_eyes,MEDIUM,Allergy,16
headache chest_pain loss_of_balance lack_of_concentration,MEDIUM,Hypertension,17
chills vomiting fatigue weight_loss high_fever breathlessness sweating loss_of_appetite mild_fever yellowing_of_eyes swelled_lymph_nodes malaise phlegm chest_pain blood_in_sputum,CRITICAL,Tuberculosis,71
chills fatigue cough high_fever headache swelled_lymph_nodes malaise phlegm throat_irritation redness_of_eyes sinus_pressure runny_nose congestion chest_pain loss_of_smell muscle_pain,CRITICAL,Common Cold,73
itching vomiting fatigue weight_loss high_fever yellowish_skin dark_urine abdominal_pain,HIGH,Jaundice,31
itching skin_rash stomach_pain burning_micturition spotting_ urination,MEDIUM,Drug Reaction,15
vomiting sunken_eyes dehydration diarrhoea,MEDIUM,Gastroenteritis,18
joint_pain vomiting fatigue yellowish_skin dark_urine nausea loss_of_appetite abdominal_pain,HIGH,Hepatitis D,32
chills vomiting fatigue cough high_fever breathlessness sweating loss_of_appetite mild_fever yellowing_of_eyes swelled_lymph_nodes malaise phlegm chest_pain blood_in_sputum,CRITICAL,Tuberculosis,72
acidity ulcers_on_tongue vomiting cough chest_pain,MEDIUM,GERD,23
itching skin_rash stomach_pain burning_micturition spotting_ urination,MEDIUM,Drug Reaction,15
stomach_pain acidity ulcers_on_tongue vomiting cough,MEDIUM,GERD,21
muscle_wasting patches_in_throat high_fever,MEDIUM,AIDS,16
joint_pain vomiting fatigue high_fever yellowish_skin dark_urine nausea loss_of_appetite abdominal_pain yellowing_of_eyes acute_liver_failure coma stomach_bleeding,CRITICAL,Hepatitis E,62
itching vomiting fatigue weight_loss high_fever dark_urine abdominal_pain,HIGH,Jaundice,28
chills vomiting fatigue weight_loss cough high_fever breathlessness sweating loss_of_appetite mild_fever yellowing_of_eyes swelled_lymph_nodes malaise phlegm chest_pain blood_in_sputum,CRITICAL,Tuberculosis,75
chills vomiting fatigue high_fever headache nausea constipation abdominal_pain diarrhoea toxic_look_(typhos) belly_pain,CRITICAL,Typhoid,50
fatigue weight_gain cold_hands_and_feets lethargy dizziness puffy_face_and_eyes enlarged_thyroid brittle_nails swollen_extremeties depression irritability abnormal_menstruation,CRITICAL,Hypothyroidism,50
joint_pain neck_pain knee_pain hip_joint_pain swelling_joints painful_walking,MEDIUM,Osteoarthristis,20
continuous_sneezing chills fatigue cough high_fever headache swelled_lymph_nodes malaise phlegm throat_irritation redness_of_eyes sinus_pressure runny_nose congestion chest_pain loss_of_smell muscle_pain,CRITICAL,Common Cold,77
muscle_weakness stiff_neck swelling_joints movement_stiffness painful_walking,MEDIUM,Arthritis,18
burning_micturition bladder_discomfort foul_smell_of urine,LOW,Urinary tract infection,10
muscle_wasting patches_in_throat high_fever extra_marital_contacts,MEDIUM,AIDS,21
continuous_sneezing chills fatigue cough high_fever headache swelled_lymph_nodes malaise phlegm throat_irritation redness_of_eyes sinus_pressure runny_nose congestion chest_pain loss_of_smell muscle_pain,CRITICAL,Common Cold,77
back_pain weakness_in_limbs neck_pain dizziness loss_of_balance,MEDIUM,Cervical spondylosis,23
vomiting yellowish_skin swelling_of_stomach distention_of_abdomen history_of_alcohol_consumption fluid_overload,HIGH,Alcoholic hepatitis,28
joint_pain vomiting fatigue yellowish_skin nausea loss_of_appetite abdominal_pain yellowing_of_eyes,HIGH,Hepatitis D,32
fatigue cramps bruising obesity swollen_legs swollen_blood_vessels prominent_veins_on_calf,HIGH,Varicose veins,32
muscle_wasting patches_in_throat high_fever extra_marital_contacts,MEDIUM,AIDS,21
vomiting indigestion loss_of_appetite abdominal_pain passage_of_gases internal_itching,HIGH,Peptic ulcer diseae,27
fatigue yellowish_skin nausea loss_of_appetite yellowing_of_eyes family_history,HIGH,Hepatitis C,25
joint_pain vomiting dark_urine nausea loss_of_appetite abdominal_pain diarrhoea mild_fever yellowing_of_eyes muscle_pain,CRITICAL,hepatitis A,42
vomiting yellowish_skin abdominal_pain swelling_of_stomach distention_of_abdomen history_of_alcohol_consumption fluid_overload,HIGH,Alcoholic hepatitis,32
itching fatigue lethargy yellowish_skin dark_urine loss_of_appetite abdominal_pain yellow_urine yellowing_of_eyes malaise receiving_blood_transfusion receiving_unsterile_injections,CRITICAL,Hepatitis B,43
stomach_pain acidity ulcers_on_tongue vomiting cough chest_pain,HIGH,GERD,28
joint_pain neck_pain knee_pain hip_joint_pain swelling_joints painful_walking,MEDIUM,Osteoarthristis,20
vomiting breathlessness chest_pain,MEDIUM,Heart attack,16
joint_pain vomiting fatigue yellowish_skin dark_urine nausea loss_of_appetite abdominal_pain yellowing_of_eyes,HIGH,Hepatitis D,36
skin_rash joint_pain skin_peeling silver_like_dusting small_dents_in_nails inflammatory_nails,MEDIUM,Psoriasis,15
joint_pain vomiting fatigue high_fever yellowish_skin dark_urine nausea loss_of_appetite abdominal_pain yellowing_of_eyes acute_liver_failure coma stomach_bleeding,CRITICAL,Hepatitis E,62
skin_rash chills joint_pain vomiting high_fever headache nausea loss_of_appetite pain_behind_the_eyes back_pain malaise muscle_pain red_spots_over_body,CRITICAL,Dengue,51
joint_pain neck_pain hip_joint_pain swelling_joints painful_walking,MEDIUM,Osteoarthristis,17
continuous_sneezing chills fatigue cough high_fever headache swelled_lymph_nodes malaise phlegm throat_irritation redness_of_eyes sinus_pressure runny_nose congestion chest_pain loss_of_smell muscle_pain,CRITICAL,Common Cold,77
itching vomiting fatigue weight_loss high_fever yellowish_skin dark_urine abdominal_pain,HIGH,Jaundice,31
vomiting fatigue anxiety sweating headache nausea blurred_and_distorted_vision excessive_hunger drying_and_tingling_lips slurred_speech irritability palpitations,CRITICAL,Hypoglycemia,47
bladder_discomfort foul_smell_of urine continuous_feel_of_urine,LOW,Urinary tract infection,10
skin_rash high_fever blister red_sore_around_nose yellow_crust_ooze,MEDIUM,Impetigo,19
joint_pain vomiting fatigue yellowish_skin dark_urine nausea loss_of_appetite yellowing_of_eyes,HIGH,Hepatitis D,32
vomiting breathlessness sweating chest_pain,MEDIUM,Heart attack,19
chills fatigue cough high_fever breathlessness sweating malaise chest_pain fast_heart_rate rusty_sputum,CRITICAL,Pneumonia,47
joint_pain vomiting dark_urine nausea loss_of_appetite abdominal_pain diarrhoea mild_fever yellowing_of_eyes muscle_pain,CRITICAL,hepatitis A,42
skin_rash blackheads scurring,LOW,Acne,7
vomiting indigestion abdominal_pain passage_of_gases internal_itching,MEDIUM,Peptic ulcer diseae,23
joint_pain vomiting yellowish_skin dark_urine nausea loss_of_appetite abdominal_pain diarrhoea mild_fever yellowing_of_eyes muscle_pain,CRITICAL,hepatitis A,45
skin_rash high_fever blister red_sore_around_nose yellow_crust_ooze,MEDIUM,Impetigo,19
vomiting sunken_eyes dehydration diarrhoea,MEDIUM,Gastroenteritis,18
fatigue high_fever breathlessness family_history mucoid_sputum,MEDIUM,Bronchial Asthma,24
skin_rash chills joint_pain vomiting high_fever headache nausea loss_of_appetite pain_behind_the_eyes back_pain malaise muscle_pain red_spots_over_body,CRITICAL,Dengue,51
joint_pain vomiting fatigue high_fever yellowish_skin dark_urine nausea loss_of_appetite abdominal_pain yellowing_of_eyes acute_liver_failure coma stomach_bleeding,CRITICAL,Hepatitis E,62
headache weakness_of_one_body_side altered_sensorium,LOW,Paralysis (brain hemorrhage),9
stomach_pain acidity vomiting cough chest_pain,MEDIUM,GERD,24
continuous_sneezing shivering chills watering_from_eyes,MEDIUM,Allergy,16
joint_pain vomiting fatigue high_fever yellowish_skin dark_urine nausea loss_of_appetite abdominal_pain yellowing_of_eyes acute_liver_failure coma stomach_bleeding,CRITICAL,Hepatitis E,62
skin_rash chills joint_pain vomiting fatigue headache nausea loss_of_appetite pain_behind_the_eyes back_pain malaise muscle_pain red_spots_over_body,CRITICAL,Dengue,48
vomiting indigestion abdominal_pain passage_of_gases internal_itching,MEDIUM,Peptic ulcer diseae,23
itching nodal_skin_eruptions dischromic _patches,LOW,Fungal infection,5
skin_rash joint_pain skin_peeling silver_like_dusting small_dents_in_nails inflammatory_nails,MEDIUM,Psoriasis,15
muscle_wasting patches_in_throat high_fever extra_marital_contacts,MEDIUM,AIDS,21
itching skin_rash stomach_pain burning_micturition spotting_ urination,MEDIUM,Drug Reaction,15
itching fatigue lethargy yellowish_skin dark_urine loss_of_appetite abdominal_pain yellow_urine yellowing_of_eyes malaise receiving_blood_transfusion receiving_unsterile_injections,CRITICAL,Hepatitis B,43
itching fatigue weight_loss high_fever yellowish_skin dark_urine abdominal_pain,HIGH,Jaundice,26
fatigue cough high_fever breathlessness family_history mucoid_sputum,HIGH,Bronchial Asthma,28
weight_gain cold_hands_and_feets mood_swings lethargy dizziness puffy_face_and_eyes enlarged_thyroid brittle_nails swollen_extremeties depression irritability abnormal_menstruation,CRITICAL,Hypothyroidism,49
fatigue weight_loss restlessness lethargy irregular_sugar_level blurred_and_distorted_vision obesity excessive_hunger increased_appetite polyuria,CRITICAL,Diabetes,41
bladder_discomfort foul_smell_of urine continuous_feel_of_urine,LOW,Urinary tract infection,10
joint_pain vomiting yellowish_skin dark_urine nausea abdominal_pain diarrhoea mild_fever yellowing_of_eyes muscle_pain,CRITICAL,hepatitis A,41
fatigue mood_swings weight_loss restlessness sweating diarrhoea fast_heart_rate excessive_hunger muscle_weakness irritability abnormal_menstruation,CRITICAL,Hyperthyroidism,43
joint_pain vomiting fatigue yellowish_skin dark_urine nausea loss_of_appetite abdominal_pain yellowing_of_eyes,HIGH,Hepatitis D,36
fatigue cough high_fever breathlessness family_history mucoid_sputum,HIGH,Bronchial Asthma,28
vomiting yellowish_skin abdominal_pain swelling_of_stomach distention_of_abdomen history_of_alcohol_consumption fluid_overload,HIGH,Alcoholic hepatitis,32
joint_pain vomiting yellowish_skin dark_urine nausea abdominal_pain diarrhoea mild_fever yellowing_of_eyes muscle_pain,CRITICAL,hepatitis A,41
joint_pain vomiting yellowish_skin dark_urine nausea loss_of_appetite abdominal_pain diarrhoea mild_fever yellowing_of_eyes muscle_pain,CRITICAL,hepatitis A,45
stomach_pain acidity ulcers_on_tongue vomiting cough chest_pain,HIGH,GERD,28
back_pain weakness_in_limbs dizziness loss_of_balance,MEDIUM,Cervical spondylosis,18
skin_rash blackheads scurring,LOW,Acne,7
vomiting yellowish_skin abdominal_pain swelling_of_stomach distention_of_abdomen fluid_overload,HIGH,Alcoholic hepatitis,27
fatigue cough high_fever breathlessness family_history mucoid_sputum,HIGH,Bronchial Asthma,28
chills vomiting high_fever sweating headache nausea muscle_pain,HIGH,Malaria,28
continuous_sneezing chills fatigue cough high_fever headache swelled_lymph_nodes malaise phlegm throat_irritation redness_of_eyes sinus_pressure runny_nose congestion chest_pain loss_of_smell muscle_pain,CRITICAL,Common Cold,77
itching vomiting fatigue weight_loss high_fever yellowish_skin dark_urine abdominal_pain,HIGH,Jaundice,31
constipation pain_during_bowel_movements pain_in_anal_region bloody_stool,MEDIUM,Dimorphic hemmorhoids(piles),20
weakness_in_limbs neck_pain dizziness loss_of_balance,MEDIUM,Cervical spondylosis,20
chills vomiting high_fever sweating headache nausea diarrhoea muscle_pain,HIGH,Malaria,34
itching skin_rash nodal_skin_eruptions dischromic _patches,LOW,Fungal infection,8
fatigue mood_swings weight_loss restlessness sweating diarrhoea fast_heart_rate excessive_hunger muscle_weakness irritability abnormal_menstruation,CRITICAL,Hyperthyroidism,43
cough high_fever breathlessness family_history mucoid_sputum,MEDIUM,Bronchial Asthma,24
joint_pain neck_pain knee_pain hip_joint_pain painful_walking,MEDIUM,Osteoarthristis,15
burning_micturition bladder_discomfort foul_smell_of urine continuous_feel_of_urine,MEDIUM,Urinary tract infection,16
stomach_pain acidity ulcers_on_tongue vomiting cough chest_pain,HIGH,GERD,28
burning_micturition bladder_discomfort foul_smell_of urine continuous_feel_of_urine,MEDIUM,Urinary tract infection,16
headache chest_pain dizziness loss_of_balance lack_of_concentration,MEDIUM,Hypertension,21
chills vomiting fatigue high_fever nausea constipation abdominal_pain diarrhoea toxic_look_(typhos) belly_pain,CRITICAL,Typhoid,47
itching skin_rash stomach_pain burning_micturition spotting_ urination,MEDIUM,Drug Reaction,15
skin_rash joint_pain skin_peeling silver_like_dusting small_dents_in_nails inflammatory_nails,MEDIUM,Psoriasis,15
continuous_sneezing chills fatigue cough high_fever headache swelled_lymph_nodes malaise phlegm throat_irritation redness_of_eyes sinus_pressure runny_nose congestion chest_pain loss_of_smell muscle_pain,CRITICAL,Common Cold,77
fatigue mood_swings weight_loss restlessness sweating diarrhoea fast_heart_rate excessive_hunger muscle_weakness irritability abnormal_menstruation,CRITICAL,Hyperthyroidism,43
continuous_sneezing chills fatigue high_fever headache swelled_lymph_nodes malaise phlegm throat_irritation redness_of_eyes sinus_pressure runny_nose congestion chest_pain loss_of_smell muscle_pain,CRITICAL,Common Cold,73
skin_rash chills joint_pain vomiting fatigue high_fever headache nausea loss_of_appetite pain_behind_the_eyes back_pain malaise muscle_pain red_spots_over_body,CRITICAL,Dengue,55
joint_pain vomiting fatigue high_fever yellowish_skin dark_urine nausea loss_of_appetite abdominal_pain yellowing_of_eyes acute_liver_failure coma stomach_bleeding,CRITICAL,Hepatitis E,62
itching vomiting fatigue weight_loss high_fever yellowish_skin dark_urine abdominal_pain,HIGH,Jaundice,31
joint_pain vomiting fatigue yellowish_skin dark_urine nausea loss_of_appetite abdominal_pain yellowing_of_eyes,HIGH,Hepatitis D,36
joint_pain vomiting yellowish_skin dark_urine nausea loss_of_appetite abdominal_pain diarrhoea mild_fever yellowing_of_eyes muscle_pain,CRITICAL,hepatitis A,45
chills fatigue cough high_fever breathlessness sweating malaise phlegm chest_pain fast_heart_rate rusty_sputum,CRITICAL,Pneumonia,52
chills vomiting high_fever sweating headache nausea diarrhoea muscle_pain,HIGH,Malaria,34
fatigue weight_loss restlessness lethargy irregular_sugar_level blurred_and_distorted_vision excessive_hunger increased_appetite polyuria,HIGH,Diabetes,37
headache chest_pain dizziness loss_of_balance lack_of_concentration,MEDIUM,Hypertension,21
itching fatigue lethargy yellowish_skin loss_of_appetite abdominal_pain yellow_urine yellowing_of_eyes malaise receiving_blood_transfusion receiving_unsterile_injections,HIGH,Hepatitis B,39
fatigue cough high_fever breathlessness family_history mucoid_sputum,HIGH,Bronchial Asthma,28
vomiting anxiety sweating headache nausea blurred_and_distorted_vision excessive_hunger drying_and_tingling_lips slurred_speech irritability palpitations,CRITICAL,Hypoglycemia,43
skin_rash high_fever blister red_sore_around_nose yellow_crust_ooze,MEDIUM,Impetigo,19
joint_pain neck_pain knee_pain hip_joint_pain swelling_joints painful_walking,MEDIUM,Osteoarthristis,20
muscle_weakness stiff_neck swelling_joints movement_stiffness,MEDIUM,Arthritis,16
muscle_wasting patches_in_throat high_fever extra_marital_contacts,MEDIUM,AIDS,21
chills vomiting fatigue high_fever headache nausea constipation abdominal_pain diarrhoea toxic_look_(typhos) belly_pain,CRITICAL,Typhoid,50
chills fatigue cough high_fever breathlessness sweating malaise phlegm chest_pain fast_heart_rate rusty_sputum,CRITICAL,Pneumonia,52
joint_pain vomiting fatigue high_fever yellowish_skin dark_urine loss_of_appetite abdominal_pain yellowing_of_eyes acute_liver_failure coma stomach_bleeding,CRITICAL,Hepatitis E,57
joint_pain neck_pain knee_pain hip_joint_pain swelling_joints painful_walking,MEDIUM,Osteoarthristis,20
chills vomiting fatigue high_fever headache nausea constipation abdominal_pain diarrhoea toxic_look_(typhos) belly_pain,CRITICAL,Typhoid,50
high_fever blister red_sore_around_nose yellow_crust_ooze,MEDIUM,Impetigo,16
back_pain weakness_in_limbs neck_pain dizziness loss_of_balance,MEDIUM,Cervical spondylosis,23
fatigue cramps bruising obesity swollen_legs prominent_veins_on_calf,HIGH,Varicose veins,27
vomiting headache weakness_of_one_body_side altered_sensorium,MEDIUM,Paralysis (brain hemorrhage),14
back_pain weakness_in_limbs neck_pain dizziness loss_of_balance,MEDIUM,Cervical spondylosis,23
itching fatigue lethargy yellowish_skin dark_urine loss_of_appetite abdominal_pain yellow_urine yellowing_of_eyes malaise receiving_blood_transfusion receiving_unsterile_injections,CRITICAL,Hepatitis B,43
headache chest_pain loss_of_balance lack_of_concentration,MEDIUM,Hypertension,17
acidity indigestion headache blurred_and_distorted_vision excessive_hunger stiff_neck depression irritability visual_disturbances,HIGH,Migraine,32
itching vomiting yellowish_skin nausea loss_of_appetite abdominal_pain yellowing_of_eyes,HIGH,Chronic cholestasis,26
skin_rash high_fever blister red_sore_around_nose yellow_crust_ooze,MEDIUM,Impetigo,19
burning_micturition bladder_discomfort continuous_feel_of_urine,MEDIUM,Urinary tract infection,16
fatigue cramps bruising obesity swollen_legs swollen_blood_vessels prominent_veins_on_calf,HIGH,Varicose veins,32
chills vomiting weight_loss cough high_fever breathlessness sweating loss_of_appetite mild_fever yellowing_of_eyes swelled_lymph_nodes malaise phlegm chest_pain blood_in_sputum,CRITICAL,Tuberculosis,71
itching skin_rash dischromic _patches,LOW,Fungal infection,4
itching skin_rash nodal_skin_eruptions,LOW,Fungal infection,8
itching fatigue lethargy yellowish_skin dark_urine loss_of_appetite abdominal_pain yellow_urine yellowing_of_eyes malaise receiving_blood_transfusion receiving_unsterile_injections,CRITICAL,Hepatitis B,43
joint_pain vomiting fatigue yellowish_skin dark_urine nausea loss_of_appetite yellowing_of_eyes,HIGH,Hepatitis D,32
vomiting headache altered_sensorium,LOW,Paralysis (brain hemorrhage),10
fatigue yellowish_skin nausea loss_of_appetite yellowing_of_eyes family_history,HIGH,Hepatitis C,25
acidity indigestion headache blurred_and_distorted_vision excessive_hunger stiff_neck irritability visual_disturbances,HIGH,Migraine,29
fatigue weight_loss restlessness lethargy irregular_sugar_level blurred_and_distorted_vision obesity excessive_hunger increased_appetite polyuria,CRITICAL,Diabetes,41
chills vomiting fatigue high_fever headache nausea constipation diarrhoea toxic_look_(typhos) belly_pain,CRITICAL,Typhoid,46
vomiting yellowish_skin abdominal_pain swelling_of_stomach history_of_alcohol_consumption fluid_overload,HIGH,Alcoholic hepatitis,28
fatigue yellowish_skin nausea yellowing_of_eyes family_history,MEDIUM,Hepatitis C,21
skin_rash chills joint_pain vomiting fatigue high_fever headache nausea loss_of_appetite pain_behind_the_eyes back_pain malaise muscle_pain red_spots_over_body,CRITICAL,Dengue,55
constipation pain_during_bowel_movements pain_in_anal_region bloody_stool irritation_in_anus,HIGH,Dimorphic hemmorhoids(piles),26
itching fatigue lethargy yellowish_skin dark_urine loss_of_appetite abdominal_pain yellow_urine yellowing_of_eyes malaise receiving_blood_transfusion receiving_unsterile_injections,CRITICAL,Hepatitis B,43
vomiting headache spinning_movements loss_of_balance unsteadiness,MEDIUM,(vertigo) Paroymsal  Positional Vertigo,22
skin_rash joint_pain skin_peeling silver_like_dusting small_dents_in_nails inflammatory_nails,MEDIUM,Psoriasis,15
skin_rash chills joint_pain vomiting high_fever headache nausea loss_of_appetite pain_behind_the_eyes back_pain malaise muscle_pain red_spots_over_body,CRITICAL,Dengue,51
constipation pain_during_bowel_movements pain_in_anal_region bloody_stool irritation_in_anus,HIGH,Dimorphic hemmorhoids(piles),26
chills vomiting fatigue weight_loss cough high_fever breathlessness sweating loss_of_appetite mild_fever yellowing_of_eyes swelled_lymph_nodes malaise phlegm chest_pain blood_in_sputum,CRITICAL,Tuberculosis,75
fatigue yellowish_skin nausea loss_of_appetite yellowing_of_eyes family_history,HIGH,Hepatitis C,25
fatigue weight_loss restlessness lethargy irregular_sugar_level blurred_and_distorted_vision obesity excessive_hunger increased_appetite polyuria,CRITICAL,Diabetes,41
itching skin_rash fatigue lethargy high_fever headache loss_of_appetite mild_fever swelled_lymph_nodes malaise red_spots_over_body,CRITICAL,Chicken pox,44
fatigue cough high_fever family_history mucoid_sputum,MEDIUM,Bronchial Asthma,24
itching skin_rash fatigue lethargy headache loss_of_appetite mild_fever swelled_lymph_nodes malaise red_spots_over_body,HIGH,Chicken pox,37
continuous_sneezing shivering chills watering_from_eyes,MEDIUM,Allergy,16
skin_rash high_fever blister red_sore_around_nose yellow_crust_ooze,MEDIUM,Impetigo,19
vomiting high_fever sweating headache nausea diarrhoea muscle_pain,HIGH,Malaria,31
chills fatigue cough high_fever headache swelled_lymph_nodes malaise phlegm throat_irritation redness_of_eyes sinus_pressure runny_nose congestion chest_pain loss_of_smell muscle_pain,CRITICAL,Common Cold,73
itching skin_rash nodal_skin_eruptions,LOW,Fungal infection,8
skin_rash chills joint_pain vomiting fatigue high_fever headache nausea loss_of_appetite pain_behind_the_eyes back_pain malaise muscle_pain red_spots_over_body,CRITICAL,Dengue,55
skin_rash joint_pain skin_peeling silver_like_dusting small_dents_in_nails,MEDIUM,Psoriasis,13
vomiting yellowish_skin abdominal_pain swelling_of_stomach distention_of_abdomen history_of_alcohol_consumption fluid_overload,HIGH,Alcoholic hepatitis,32
fatigue weight_gain cold_hands_and_feets mood_swings lethargy dizziness puffy_face_and_eyes enlarged_thyroid brittle_nails swollen_extremeties depression irritability abnormal_menstruation,CRITICAL,Hypothyroidism,53
itching skin_rash nodal_skin_eruptions dischromic _patches,LOW,Fungal infection,8
vomiting yellowish_skin abdominal_pain swelling_of_stomach distention_of_abdomen history_of_alcohol_consumption fluid_overload,HIGH,Alcoholic hepatitis,32
back_pain weakness_in_limbs neck_pain dizziness loss_of_balance,MEDIUM,Cervical spondylosis,23
vomiting headache nausea spinning_movements loss_of_balance,MEDIUM,(vertigo) Paroymsal  Positional Vertigo,23
fatigue weight_loss restlessness lethargy irregular_sugar_level blurred_and_distorted_vision obesity excessive_hunger increased_appetite polyuria,CRITICAL,Diabetes,41
vomiting headache weakness_of_one_body_side altered_sensorium,MEDIUM,Paralysis (brain hemorrhage),14
constipation pain_in_anal_region bloody_stool irritation_in_anus,MEDIUM,Dimorphic hemmorhoids(piles),21
itching vomiting fatigue weight_loss high_fever yellowish_skin dark_urine,HIGH,Jaundice,27
chills vomiting high_fever sweating nausea diarrhoea muscle_pain,HIGH,Malaria,31
acidity indigestion headache blurred_and_distorted_vision excessive_hunger stiff_neck depression visual_disturbances,HIGH,Migraine,30
vomiting headache weakness_of_one_body_side altered_sensorium,MEDIUM,Paralysis (brain hemorrhage),14
skin_rash blister red_sore_around_nose yellow_crust_ooze,LOW,Impetigo,12
fatigue cough high_fever breathlessness family_history mucoid_sputum,HIGH,Bronchial Asthma,28
itching vomiting yellowish_skin loss_of_appetite abdominal_pain yellowing_of_eyes,MEDIUM,Chronic cholestasis,21
vomiting fatigue anxiety sweating headache nausea blurred_and_distorted_vision excessive_hunger drying_and_tingling_lips slurred_speech irritability palpitations,CRITICAL,Hypoglycemia,47
itching nodal_skin_eruptions dischromic _patches,LOW,Fungal infection,5
vomiting headache nausea spinning_movements loss_of_balance unsteadiness,HIGH,(vertigo) Paroymsal  Positional Vertigo,27
joint_pain vomiting fatigue high_fever yellowish_skin dark_urine nausea loss_of_appetite abdominal_pain yellowing_of_eyes acute_liver_failure coma stomach_bleeding,CRITICAL,Hepatitis E,62
skin_rash pus_filled_pimples blackheads scurring,LOW,Acne,9
headache chest_pain dizziness loss_of_balance lack_of_concentration,MEDIUM,Hypertension,21
continuous_sneezing chills fatigue cough high_fever headache swelled_lymph_nodes malaise phlegm throat_irritation redness_of_eyes sinus_pressure runny_nose congestion chest_pain loss_of_smell muscle_pain,CRITICAL,Common Cold,77
vomiting headache weakness_of_one_body_side,LOW,Paralysis (brain hemorrhage),12
continuous_sneezing shivering chills watering_from_eyes,MEDIUM,Allergy,16
constipation pain_during_bowel_movements pain_in_anal_region bloody_stool irritation_in_anus,HIGH,Dimorphic hemmorhoids(piles),26
neck_pain knee_pain hip_joint_pain swelling_joints painful_walking,MEDIUM,Osteoarthristis,17
joint_pain vomiting fatigue yellowish_skin dark_urine nausea loss_of_appetite abdominal_pain,HIGH,Hepatitis D,32
skin_rash pus_filled_pimples blackheads scurring,LOW,Acne,9
vomiting headache altered_sensorium,LOW,Paralysis (brain hemorrhage),10
joint_pain vomiting yellowish_skin dark_urine nausea loss_of_appetite abdominal_pain diarrhoea mild_fever yellowing_of_eyes muscle_pain,CRITICAL,hepatitis A,45
vomiting headache weakness_of_one_body_side altered_sensorium,MEDIUM,Paralysis (brain hemorrhage),14
skin_rash high_fever blister red_sore_around_nose yellow_crust_ooze,MEDIUM,Impetigo,19
pus_filled_pimples blackheads scurring,LOW,Acne,6
fatigue weight_gain cold_hands_and_feets mood_swings lethargy dizziness puffy_face_and_eyes enlarged_thyroid brittle_nails swollen_extremeties depression irritability abnormal_menstruation,CRITICAL,Hypothyroidism,53
fatigue cramps bruising obesity swollen_legs swollen_blood_vessels prominent_veins_on_calf,HIGH,Varicose veins,32
breathlessness sweating chest_pain,MEDIUM,Heart attack,14
skin_rash joint_pain skin_peeling silver_like_dusting small_dents_in_nails inflammatory_nails,MEDIUM,Psoriasis,15
fatigue cough high_fever breathlessness mucoid_sputum,MEDIUM,Bronchial Asthma,23
joint_pain vomiting fatigue yellowish_skin dark_urine nausea loss_of_appetite abdominal_pain yellowing_of_eyes,HIGH,Hepatitis D,36
vomiting headache weakness_of_one_body_side altered_sensorium,MEDIUM,Paralysis (brain hemorrhage),14
vomiting indigestion loss_of_appetite abdominal_pain passage_of_gases internal_itching,HIGH,Peptic ulcer diseae,27
skin_rash pus_filled_pimples blackheads,LOW,Acne,7
joint_pain neck_pain knee_pain hip_joint_pain swelling_joints painful_walking,MEDIUM,Osteoarthristis,20
itching vomiting fatigue weight_loss high_fever yellowish_skin dark_urine abdominal_pain,HIGH,Jaundice,31
stomach_pain acidity ulcers_on_tongue vomiting cough,MEDIUM,GERD,21
itching skin_rash stomach_pain burning_micturition spotting_ urination,MEDIUM,Drug Reaction,15
burning_micturition bladder_discomfort foul_smell_of urine continuous_feel_of_urine,MEDIUM,Urinary tract infection,16
itching vomiting yellowish_skin nausea loss_of_appetite abdominal_pain yellowing_of_eyes,HIGH,Chronic cholestasis,26
chills vomiting fatigue high_fever headache nausea abdominal_pain diarrhoea toxic_look_(typhos) belly_pain,CRITICAL,Typhoid,46
back_pain weakness_in_limbs neck_pain dizziness loss_of_balance,MEDIUM,Cervical spondylosis,23
vomiting fatigue anxiety sweating headache blurred_and_distorted_vision excessive_hunger drying_and_tingling_lips slurred_speech irritability palpitations,CRITICAL,Hypoglycemia,42
continuous_sneezing chills watering_from_eyes,LOW,Allergy,11
itching vomiting fatigue weight_loss high_fever yellowish_skin dark_urine abdominal_pain,HIGH,Jaundice,31
constipation pain_during_bowel_movements pain_in_anal_region bloody_stool irritation_in_anus,HIGH,Dimorphic hemmorhoids(piles),26
burning_micturition bladder_discomfort continuous_feel_of_urine,MEDIUM,Urinary tract infection,16
vomiting headache nausea spinning_movements loss_of_balance unsteadiness,HIGH,(vertigo) Paroymsal  Positional Vertigo,27
fatigue weight_gain cold_hands_and_feets mood_swings dizziness puffy_face_and_eyes enlarged_thyroid brittle_nails swollen_extremeties depression irritability abnormal_menstruation,CRITICAL,Hypothyroidism,51
chills vomiting fatigue high_fever headache nausea constipation abdominal_pain diarrhoea toxic_look_(typhos) belly_pain,CRITICAL,Typhoid,50
joint_pain vomiting fatigue yellowish_skin dark_urine nausea loss_of_appetite abdominal_pain yellowing_of_eyes,HIGH,Hepatitis D,36
muscle_weakness stiff_neck swelling_joints painful_walking,MEDIUM,Arthritis,13
skin_rash chills joint_pain vomiting fatigue high_fever headache nausea loss_of_appetite pain_behind_the_eyes back_pain malaise muscle_pain red_spots_over_body,CRITICAL,Dengue,55
constipation pain_during_bowel_movements pain_in_anal_region bloody_stool irritation_in_anus,HIGH,Dimorphic hemmorhoids(piles),26
skin_rash pus_filled_pimples blackheads scurring,LOW,Acne,9
itching skin_rash stomach_pain burning_micturition spotting_ urination,MEDIUM,Drug Reaction,15
skin_rash chills joint_pain vomiting fatigue high_fever headache nausea loss_of_appetite pain_behind_the_eyes back_pain malaise muscle_pain red_spots_over_body,CRITICAL,Dengue,55
skin_rash high_fever blister red_sore_around_nose,MEDIUM,Impetigo,16
vomiting indigestion loss_of_appetite abdominal_pain passage_of_gases internal_itching,HIGH,Peptic ulcer diseae,27
skin_rash joint_pain vomiting fatigue high_fever headache nausea loss_of_appetite pain_behind_the_eyes back_pain malaise muscle_pain red_spots_over_body,CRITICAL,Dengue,52
headache chest_pain loss_of_balance lack_of_concentration,MEDIUM,Hypertension,17
skin_rash pus_filled_pimples blackheads scurring,LOW,Acne,9
skin_rash pus_filled_pimples blackheads,LOW,Acne,7
vomiting indigestion loss_of_appetite abdominal_pain passage_of_gases internal_itching,HIGH,Peptic ulcer diseae,27
fatigue yellowish_skin nausea yellowing_of_eyes family_history,MEDIUM,Hepatitis C,21
itching vomiting fatigue weight_loss high_fever yellowish_skin dark_urine abdominal_pain,HIGH,Jaundice,31
fatigue cough high_fever breathlessness family_history mucoid_sputum,HIGH,Bronchial Asthma,28
continuous_sneezing shivering chills,LOW,Allergy,12
skin_rash blister red_sore_around_nose yellow_crust_ooze,LOW,Impetigo,12
joint_pain yellowish_skin dark_urine nausea loss_of_appetite abdominal_pain diarrhoea mild_fever yellowing_of_eyes muscle_pain,CRITICAL,hepatitis A,40
headache chest_pain dizziness loss_of_balance lack_of_concentration,MEDIUM,Hypertension,21
chills vomiting fatigue weight_loss cough high_fever breathlessness loss_of_appetite mild_fever yellowing_of_eyes swelled_lymph_nodes malaise phlegm chest_pain blood_in_sputum,CRITICAL,Tuberculosis,72
fatigue cramps bruising swollen_legs swollen_blood_vessels prominent_veins_on_calf,HIGH,Varicose veins,28
itching skin_rash stomach_pain burning_micturition spotting_ urination,MEDIUM,Drug Reaction,15
vomiting breathlessness sweating chest_pain,MEDIUM,Heart attack,19
itching vomiting fatigue weight_loss high_fever dark_urine abdominal_pain,HIGH,Jaundice,28
chills vomiting fatigue weight_loss cough high_fever breathlessness loss_of_appetite mild_fever yellowing_of_eyes swelled_lymph_nodes malaise phlegm chest_pain blood_in_sputum,CRITICAL,Tuberculosis,72
fatigue yellowish_skin nausea loss_of_appetite yellowing_of_eyes family_history,HIGH,Hepatitis C,25
stomach_pain acidity ulcers_on_tongue vomiting cough chest_pain,HIGH,GERD,28
stomach_pain acidity ulcers_on_tongue vomiting cough,MEDIUM,GERD,21
continuous_sneezing shivering watering_from_eyes,MEDIUM,Allergy,13
breathlessness sweating chest_pain,MEDIUM,Heart attack,14
continuous_sneezing chills fatigue cough high_fever headache swelled_lymph_nodes malaise phlegm throat_irritation redness_of_eyes sinus_pressure runny_nose congestion chest_pain loss_of_smell muscle_pain,CRITICAL,Common Cold,77
skin_rash joint_pain skin_peeling silver_like_dusting small_dents_in_nails inflammatory_nails,MEDIUM,Psoriasis,15
vomiting sunken_eyes dehydration diarrhoea,MEDIUM,Gastroenteritis,18
weakness_in_limbs neck_pain dizziness loss_of_balance,MEDIUM,Cervical spondylosis,20
fatigue cramps bruising obesity swollen_legs swollen_blood_vessels prominent_veins_on_calf,HIGH,Varicose veins,32
muscle_wasting patches_in_throat extra_marital_contacts,MEDIUM,AIDS,14
skin_rash pus_filled_pimples blackheads scurring,LOW,Acne,9
skin_rash pus_filled_pimples blackheads scurring,LOW,Acne,9
joint_pain neck_pain knee_pain hip_joint_pain swelling_joints painful_walking,MEDIUM,Osteoarthristis,20
joint_pain neck_pain knee_pain hip_joint_pain swelling_joints painful_walking,MEDIUM,Osteoarthristis,20
chills vomiting high_fever sweating headache nausea diarrhoea muscle_pain,HIGH,Malaria,34
vomiting headache nausea spinning_movements loss_of_balance unsteadiness,HIGH,(vertigo) Paroymsal  Positional Vertigo,27
constipation pain_during_bowel_movements pain_in_anal_region bloody_stool irritation_in_anus,HIGH,Dimorphic hemmorhoids(piles),26
vomiting nausea spinning_movements loss_of_balance unsteadiness,MEDIUM,(vertigo) Paroymsal  Positional Vertigo,24
vomiting high_fever sweating headache nausea diarrhoea muscle_pain,HIGH,Malaria,31
vomiting fatigue anxiety sweating headache nausea blurred_and_distorted_vision excessive_hunger drying_and_tingling_lips slurred_speech irritability palpitations,CRITICAL,Hypoglycemia,47
indigestion loss_of_appetite abdominal_pain passage_of_gases internal_itching,MEDIUM,Peptic ulcer diseae,22
muscle_weakness swelling_joints movement_stiffness painful_walking,MEDIUM,Arthritis,14
vomiting breathlessness chest_pain,MEDIUM,Heart attack,16
itching vomiting fatigue weight_loss yellowish_skin dark_urine abdominal_pain,MEDIUM,Jaundice,24
continuous_sneezing shivering chills watering_from_eyes,MEDIUM,Allergy,16
chills vomiting high_fever sweating headache nausea diarrhoea muscle_pain,HIGH,Malaria,34
itching vomiting fatigue weight_loss high_fever yellowish_skin dark_urine abdominal_pain,HIGH,Jaundice,31
acidity indigestion headache blurred_and_distorted_vision excessive_hunger stiff_neck irritability visual_disturbances,HIGH,Migraine,29
continuous_sneezing shivering watering_from_eyes,MEDIUM,Allergy,13
vomiting headache nausea spinning_movements loss_of_balance unsteadiness,HIGH,(vertigo) Paroymsal  Positional Vertigo,27
fatigue weight_gain cold_hands_and_feets mood_swings lethargy dizziness puffy_face_and_eyes enlarged_thyroid brittle_nails swollen_extremeties depression irritability abnormal_menstruation,CRITICAL,Hypothyroidism,53
joint_pain vomiting fatigue yellowish_skin dark_urine nausea loss_of_appetite abdominal_pain yellowing_of_eyes,HIGH,Hepatitis D,36
chills vomiting fatigue high_fever headache nausea constipation abdominal_pain diarrhoea belly_pain,CRITICAL,Typhoid,45
back_pain weakness_in_limbs neck_pain dizziness loss_of_balance,MEDIUM,Cervical spondylosis,23
vomiting headache weakness_of_one_body_side,LOW,Paralysis (brain hemorrhage),12
burning_micturition bladder_discomfort foul_smell_of urine continuous_feel_of_urine,MEDIUM,Urinary tract infection,16
itching skin_rash fatigue lethargy high_fever headache loss_of_appetite swelled_lymph_nodes malaise red_spots_over_body,HIGH,Chicken pox,39
itching lethargy yellowish_skin dark_urine loss_of_appetite abdominal_pain yellow_urine yellowing_of_eyes malaise receiving_blood_transfusion receiving_unsterile_injections,HIGH,Hepatitis B,39
vomiting yellowish_skin abdominal_pain swelling_of_stomach distention_of_abdomen history_of_alcohol_consumption fluid_overload,HIGH,Alcoholic hepatitis,32
chills vomiting fatigue high_fever headache nausea constipation diarrhoea toxic_look_(typhos) belly_pain,CRITICAL,Typhoid,46
itching skin_rash fatigue lethargy high_fever headache loss_of_appetite mild_fever swelled_lymph_nodes malaise red_spots_over_body,CRITICAL,Chicken pox,44
continuous_sneezing shivering chills watering_from_eyes,MEDIUM,Allergy,16
fatigue mood_swings weight_loss restlessness sweating diarrhoea fast_heart_rate excessive_hunger muscle_weakness irritability abnormal_menstruation,CRITICAL,Hyperthyroidism,43
skin_rash chills joint_pain vomiting fatigue high_fever headache nausea loss_of_appetite pain_behind_the_eyes back_pain malaise muscle_pain red_spots_over_body,CRITICAL,Dengue,55
vomiting indigestion loss_of_appetite abdominal_pain passage_of_gases internal_itching,HIGH,Peptic ulcer diseae,27
constipation pain_during_bowel_movements pain_in_anal_region bloody_stool irritation_in_anus,HIGH,Dimorphic hemmorhoids(piles),26
stomach_pain acidity ulcers_on_tongue cough chest_pain,MEDIUM,GERD,23
fatigue mood_swings weight_loss restlessness sweating diarrhoea fast_heart_rate excessive_hunger muscle_weakness irritability abnormal_menstruation,CRITICAL,Hyperthyroidism,43
joint_pain vomiting fatigue yellowish_skin dark_urine loss_of_appetite abdominal_pain yellowing_of_eyes,HIGH,Hepatitis D,31
itching skin_rash nodal_skin_eruptions dischromic _patches,LOW,Fungal infection,8
bladder_discomfort foul_smell_of urine continuous_feel_of_urine,LOW,Urinary tract infection,10
fatigue cramps bruising obesity swollen_legs swollen_blood_vessels prominent_veins_on_calf,HIGH,Varicose veins,32
itching skin_rash fatigue lethargy high_fever headache loss_of_appetite mild_fever malaise red_spots_over_body,HIGH,Chicken pox,38
fatigue high_fever breathlessness family_history mucoid_sputum,MEDIUM,Bronchial Asthma,24
fatigue mood_swings weight_loss restlessness sweating diarrhoea fast_heart_rate excessive_hunger muscle_weakness irritability abnormal_menstruation,CRITICAL,Hyperthyroidism,43
acidity headache blurred_and_distorted_vision excessive_hunger stiff_neck depression irritability visual_disturbances,HIGH,Migraine,27
burning_micturition bladder_discomfort continuous_feel_of_urine,MEDIUM,Urinary tract infection,16
vomiting yellowish_skin abdominal_pain swelling_of_stomach distention_of_abdomen history_of_alcohol_consumption fluid_overload,HIGH,Alcoholic hepatitis,32
itching skin_rash fatigue lethargy high_fever headache loss_of_appetite mild_fever swelled_lymph_nodes malaise red_spots_over_body,CRITICAL,Chicken pox,44
weight_loss restlessness lethargy irregular_sugar_level blurred_and_distorted_vision obesity excessive_hunger increased_appetite polyuria,HIGH,Diabetes,37
chills vomiting high_fever sweating headache nausea diarrhoea muscle_pain,HIGH,Malaria,34
cough high_fever breathlessness family_history mucoid_sputum,MEDIUM,Bronchial Asthma,24
vomiting yellowish_skin swelling_of_stomach distention_of_abdomen history_of_alcohol_consumption fluid_overload,HIGH,Alcoholic hepatitis,28
headache dizziness loss_of_balance lack_of_concentration,MEDIUM,Hypertension,14
vomiting loss_of_appetite abdominal_pain passage_of_gases internal_itching,MEDIUM,Peptic ulcer diseae,22
continuous_sneezing chills fatigue high_fever headache swelled_lymph_nodes malaise phlegm throat_irritation redness_of_eyes sinus_pressure runny_nose congestion chest_pain loss_of_smell muscle_pain,CRITICAL,Common Cold,73
fatigue cramps bruising obesity swollen_legs swollen_blood_vessels prominent_veins_on_calf,HIGH,Varicose veins,32
burning_micturition bladder_discomfort foul_smell_of urine continuous_feel_of_urine,MEDIUM,Urinary tract infection,16
vomiting sunken_eyes diarrhoea,MEDIUM,Gastroenteritis,14
joint_pain neck_pain knee_pain hip_joint_pain swelling_joints painful_walking,MEDIUM,Osteoarthristis,20
fatigue mood_swings weight_loss restlessness sweating diarrhoea fast_heart_rate excessive_hunger muscle_weakness irritability abnormal_menstruation,CRITICAL,Hyperthyroidism,43
stomach_pain acidity ulcers_on_tongue cough chest_pain,MEDIUM,GERD,23
itching skin_rash burning_micturition spotting_ urination,LOW,Drug Reaction,10
itching skin_rash nodal_skin_eruptions dischromic _patches,LOW,Fungal infection,8
itching fatigue lethargy yellowish_skin dark_urine loss_of_appetite abdominal_pain yellow_urine yellowing_of_eyes malaise receiving_blood_transfusion receiving_unsterile_injections,CRITICAL,Hepatitis B,43
chills high_fever sweating headache nausea diarrhoea muscle_pain,HIGH,Malaria,29
fatigue restlessness lethargy irregular_sugar_level blurred_and_distorted_vision obesity excessive_hunger increased_appetite polyuria,HIGH,Diabetes,38
itching skin_rash nodal_skin_eruptions dischromic _patches,LOW,Fungal infection,8
muscle_weakness stiff_neck swelling_joints movement_stiffness painful_walking,MEDIUM,Arthritis,18
fatigue weight_gain cold_hands_and_feets mood_swings lethargy puffy_face_and_eyes enlarged_thyroid brittle_nails swollen_extremeties depression irritability abnormal_menstruation,CRITICAL,Hypothyroidism,49
fatigue mood_swings weight_loss restlessness sweating diarrhoea fast_heart_rate excessive_hunger muscle_weakness irritability abnormal_menstruation,CRITICAL,Hyperthyroidism,43
fatigue yellowish_skin nausea loss_of_appetite yellowing_of_eyes family_history,HIGH,Hepatitis C,25
itching stomach_pain burning_micturition spotting_ urination,LOW,Drug Reaction,12
chills vomiting high_fever sweating headache nausea diarrhoea muscle_pain,HIGH,Malaria,34
back_pain weakness_in_limbs neck_pain dizziness,MEDIUM,Cervical spondylosis,19
patches_in_throat high_fever extra_marital_contacts,MEDIUM,AIDS,18
skin_rash joint_pain skin_peeling silver_like_dusting small_dents_in_nails inflammatory_nails,MEDIUM,Psoriasis,15
itching skin_rash dischromic _patches,LOW,Fungal infection,4
skin_rash pus_filled_pimples blackheads scurring,LOW,Acne,9
continuous_sneezing shivering chills,LOW,Allergy,12
fatigue cramps bruising obesity swollen_legs swollen_blood_vessels prominent_veins_on_calf,HIGH,Varicose veins,32
itching skin_rash nodal_skin_eruptions dischromic _patches,LOW,Fungal infection,8
fatigue mood_swings weight_loss sweating diarrhoea fast_heart_rate excessive_hunger muscle_weakness irritability abnormal_menstruation,HIGH,Hyperthyroidism,38
fatigue high_fever breathlessness family_history mucoid_sputum,MEDIUM,Bronchial Asthma,24
vomiting breathlessness sweating chest_pain,MEDIUM,Heart attack,19
constipation pain_during_bowel_movements pain_in_anal_region bloody_stool irritation_in_anus,HIGH,Dimorphic hemmorhoids(piles),26
muscle_weakness stiff_neck swelling_joints movement_stiffness painful_walking,MEDIUM,Arthritis,18
skin_rash joint_pain skin_peeling silver_like_dusting small_dents_in_nails inflammatory_nails,MEDIUM,Psoriasis,15
acidity ulcers_on_tongue vomiting cough chest_pain,MEDIUM,GERD,23
fatigue weight_gain cold_hands_and_feets mood_swings lethargy dizziness puffy_face_and_eyes enlarged_thyroid brittle_nails swollen_extremeties depression irritability abnormal_menstruation,CRITICAL,Hypothyroidism,53
constipation pain_during_bowel_movements bloody_stool irritation_in_anus,MEDIUM,Dimorphic hemmorhoids(piles),20
vomiting headache weakness_of_one_body_side altered_sensorium,MEDIUM,Paralysis (brain hemorrhage),14
fatigue weight_gain cold_hands_and_feets mood_swings lethargy dizziness puffy_face_and_eyes enlarged_thyroid brittle_nails swollen_extremeties depression irritability abnormal_menstruation,CRITICAL,Hypothyroidism,53
joint_pain vomiting yellowish_skin dark_urine nausea loss_of_appetite diarrhoea mild_fever yellowing_of_eyes muscle_pain,CRITICAL,hepatitis A,41
constipation pain_during_bowel_movements pain_in_anal_region bloody_stool irritation_in_anus,HIGH,Dimorphic hemmorhoids(piles),26
constipation pain_during_bowel_movements pain_in_anal_region bloody_stool irritation_in_anus,HIGH,Dimorphic hemmorhoids(piles),26
skin_rash high_fever blister red_sore_around_nose yellow_crust_ooze,MEDIUM,Impetigo,19
joint_pain vomiting yellowish_skin dark_urine nausea loss_of_appetite diarrhoea mild_fever yellowing_of_eyes muscle_pain,CRITICAL,hepatitis A,41
continuous_sneezing shivering watering_from_eyes,MEDIUM,Allergy,13
fatigue mood_swings weight_loss restlessness sweating diarrhoea fast_heart_rate excessive_hunger muscle_weakness irritability abnormal_menstruation,CRITICAL,Hyperthyroidism,43
fatigue weight_gain cold_hands_and_feets mood_swings lethargy dizziness puffy_face_and_eyes enlarged_thyroid brittle_nails swollen_extremeties depression irritability abnormal_menstruation,CRITICAL,Hypothyroidism,53
joint_pain vomiting fatigue high_fever yellowish_skin dark_urine nausea loss_of_appetite abdominal_pain yellowing_of_eyes acute_liver_failure coma stomach_bleeding,CRITICAL,Hepatitis E,62
fatigue anxiety sweating headache nausea blurred_and_distorted_vision excessive_hunger drying_and_tingling_lips slurred_speech irritability palpitations,CRITICAL,Hypoglycemia,42
chills vomiting high_fever sweating headache diarrhoea muscle_pain,HIGH,Malaria,29
vomiting yellowish_skin abdominal_pain swelling_of_stomach distention_of_abdomen history_of_alcohol_consumption fluid_overload,HIGH,Alcoholic hepatitis,32
stomach_pain acidity ulcers_on_tongue vomiting cough chest_pain,HIGH,GERD,28
vomiting yellowish_skin abdominal_pain swelling_of_stomach distention_of_abdomen history_of_alcohol_consumption fluid_overload,HIGH,Alcoholic hepatitis,32
muscle_wasting patches_in_throat high_fever extra_marital_contacts,MEDIUM,AIDS,21
constipation pain_during_bowel_movements pain_in_anal_region bloody_stool irritation_in_anus,HIGH,Dimorphic hemmorhoids(piles),26
joint_pain fatigue high_fever yellowish_skin dark_urine nausea loss_of_appetite abdominal_pain yellowing_of_eyes acute_liver_failure coma stomach_bleeding,CRITICAL,Hepatitis E,57
vomiting yellowish_skin nausea loss_of_appetite abdominal_pain yellowing_of_eyes,HIGH,Chronic cholestasis,25
vomiting yellowish_skin abdominal_pain swelling_of_stomach distention_of_abdomen history_of_alcohol_consumption,HIGH,Alcoholic hepatitis,28
constipation pain_during_bowel_movements pain_in_anal_region bloody_stool irritation_in_anus,HIGH,Dimorphic hemmorhoids(piles),26
vomiting weakness_of_one_body_side altered_sensorium,LOW,Paralysis (brain hemorrhage),11
skin_rash nodal_skin_eruptions dischromic _patches,LOW,Fungal infection,7
itching vomiting yellowish_skin nausea loss_of_appetite abdominal_pain yellowing_of_eyes,HIGH,Chronic cholestasis,26
chills fatigue cough high_fever breathlessness malaise phlegm chest_pain fast_heart_rate rusty_sputum,CRITICAL,Pneumonia,49
sunken_eyes dehydration diarrhoea,MEDIUM,Gastroenteritis,13
vomiting sunken_eyes dehydration diarrhoea,MEDIUM,Gastroenteritis,18
itching vomiting yellowish_skin nausea loss_of_appetite abdominal_pain yellowing_of_eyes,HIGH,Chronic cholestasis,26
joint_pain vomiting yellowish_skin dark_urine nausea loss_of_appetite abdominal_pain mild_fever yellowing_of_eyes muscle_pain,HIGH,hepatitis A,39
muscle_wasting patches_in_throat extra_marital_contacts,MEDIUM,AIDS,14
continuous_sneezing chills fatigue cough high_fever headache swelled_lymph_nodes malaise phlegm throat_irritation redness_of_eyes sinus_pressure runny_nose congestion chest_pain loss_of_smell muscle_pain,CRITICAL,Common Cold,77
continuous_sneezing chills fatigue cough high_fever headache malaise phlegm throat_irritation redness_of_eyes sinus_pressure runny_nose congestion chest_pain loss_of_smell muscle_pain,CRITICAL,Common Cold,71
back_pain weakness_in_limbs neck_pain dizziness loss_of_balance,MEDIUM,Cervical spondylosis,23
joint_pain neck_pain knee_pain hip_joint_pain painful_walking,MEDIUM,Osteoarthristis,15
fatigue mood_swings weight_loss restlessness sweating fast_heart_rate excessive_hunger muscle_weakness irritability abnormal_menstruation,HIGH,Hyperthyroidism,37
vomiting fatigue yellowish_skin dark_urine nausea loss_of_appetite abdominal_pain yellowing_of_eyes,HIGH,Hepatitis D,33
fatigue weight_gain cold_hands_and_feets mood_swings lethargy dizziness puffy_face_and_eyes enlarged_thyroid brittle_nails swollen_extremeties depression irritability abnormal_menstruation,CRITICAL,Hypothyroidism,53
fatigue mood_swings weight_loss restlessness sweating diarrhoea fast_heart_rate excessive_hunger muscle_weakness irritability abnormal_menstruation,CRITICAL,Hyperthyroidism,43
vomiting headache weakness_of_one_body_side altered_sensorium,MEDIUM,Paralysis (brain hemorrhage),14
joint_pain vomiting yellowish_skin dark_urine nausea loss_of_appetite abdominal_pain diarrhoea mild_fever yellowing_of_eyes muscle_pain,CRITICAL,hepatitis A,45
muscle_weakness stiff_neck swelling_joints painful_walking,MEDIUM,Arthritis,13
vomiting headache nausea spinning_movements loss_of_balance unsteadiness,HIGH,(vertigo) Paroymsal  Positional Vertigo,27
itching skin_rash nodal_skin_eruptions dischromic _patches,LOW,Fungal infection,8
constipation pain_during_bowel_movements bloody_stool irritation_in_anus,MEDIUM,Dimorphic hemmorhoids(piles),20
yellowish_skin nausea loss_of_appetite yellowing_of_eyes family_history,MEDIUM,Hepatitis C,21
chills vomiting fatigue high_fever headache nausea constipation abdominal_pain diarrhoea toxic_look_(typhos) belly_pain,CRITICAL,Typhoid,50
chills fatigue cough high_fever breathlessness malaise phlegm chest_pain fast_heart_rate rusty_sputum,CRITICAL,Pneumonia,49
itching vomiting yellowish_skin nausea loss_of_appetite abdominal_pain yellowing_of_eyes,HIGH,Chronic cholestasis,26
vomiting headache nausea loss_of_balance unsteadiness,MEDIUM,(vertigo) Paroymsal  Positional Vertigo,21
itching fatigue lethargy yellowish_skin dark_urine loss_of_appetite abdominal_pain yellowing_of_eyes malaise receiving_blood_transfusion receiving_unsterile_injections,HIGH,Hepatitis B,39
vomiting sunken_eyes dehydration diarrhoea,MEDIUM,Gastroenteritis,18
muscle_wasting patches_in_throat high_fever extra_marital_contacts,MEDIUM,AIDS,21
vomiting indigestion loss_of_appetite abdominal_pain passage_of_gases internal_itching,HIGH,Peptic ulcer diseae,27
chills vomiting fatigue weight_loss cough high_fever breathlessness loss_of_appetite mild_fever yellowing_of_eyes swelled_lymph_nodes malaise phlegm chest_pain blood_in_sputum,CRITICAL,Tuberculosis,72
fatigue weight_gain mood_swings lethargy dizziness puffy_face_and_eyes enlarged_thyroid brittle_nails swollen_extremeties depression irritability abnormal_menstruation,CRITICAL,Hypothyroidism,48
vomiting headache nausea spinning_movements unsteadiness,MEDIUM,(vertigo) Paroymsal  Positional Vertigo,23
fatigue weight_gain cold_hands_and_feets mood_swings dizziness puffy_face_and_eyes enlarged_thyroid brittle_nails swollen_extremeties depression irritability abnormal_menstruation,CRITICAL,Hypothyroidism,51
itching fatigue lethargy yellowish_skin dark_urine loss_of_appetite abdominal_pain yellow_urine yellowing_of_eyes malaise receiving_blood_transfusion receiving_unsterile_injections,CRITICAL,Hepatitis B,43
vomiting indigestion loss_of_appetite abdominal_pain passage_of_gases internal_itching,HIGH,Peptic ulcer diseae,27
joint_pain vomiting fatigue high_fever yellowish_skin nausea loss_of_appetite abdominal_pain yellowing_of_eyes acute_liver_failure coma stomach_bleeding,CRITICAL,Hepatitis E,58
pain_during_bowel_movements pain_in_anal_region bloody_stool irritation_in_anus,MEDIUM,Dimorphic hemmorhoids(piles),22
itching skin_rash dischromic _patches,LOW,Fungal infection,4
vomiting breathlessness sweating chest_pain,MEDIUM,Heart attack,19
fatigue weight_loss restlessness lethargy irregular_sugar_level blurred_and_distorted_vision obesity excessive_hunger increased_appetite polyuria,CRITICAL,Diabetes,41
chills fatigue weight_loss cough high_fever breathlessness sweating loss_of_appetite mild_fever yellowing_of_eyes swelled_lymph_nodes malaise phlegm chest_pain blood_in_sputum,CRITICAL,Tuberculosis,70
constipation pain_during_bowel_movements pain_in_anal_region bloody_stool irritation_in_anus,HIGH,Dimorphic hemmorhoids(piles),26
itching fatigue lethargy yellowish_skin dark_urine loss_of_appetite abdominal_pain yellow_urine yellowing_of_eyes malaise receiving_blood_transfusion receiving_unsterile_injections,CRITICAL,Hepatitis B,43
vomiting fatigue anxiety sweating headache nausea blurred_and_distorted_vision excessive_hunger drying_and_tingling_lips slurred_speech irritability palpitations,CRITICAL,Hypoglycemia,47
fatigue cramps bruising obesity swollen_legs swollen_blood_vessels prominent_veins_on_calf,HIGH,Varicose veins,32
headache chest_pain dizziness lack_of_concentration,MEDIUM,Hypertension,17
itching fatigue lethargy yellowish_skin dark_urine loss_of_appetite abdominal_pain yellow_urine yellowing_of_eyes malaise receiving_blood_transfusion receiving_unsterile_injections,CRITICAL,Hepatitis B,43
itching vomiting yellowish_skin nausea loss_of_appetite abdominal_pain yellowing_of_eyes,HIGH,Chronic cholestasis,26
headache chest_pain loss_of_balance lack_of_concentration,MEDIUM,Hypertension,17
fatigue weight_gain cold_hands_and_feets mood_swings lethargy dizziness puffy_face_and_eyes enlarged_thyroid brittle_nails swollen_extremeties depression irritability abnormal_menstruation,CRITICAL,Hypothyroidism,53
fatigue weight_loss restlessness lethargy irregular_sugar_level blurred_and_distorted_vision obesity excessive_hunger increased_appetite polyuria,CRITICAL,Diabetes,41
joint_pain fatigue yellowish_skin dark_urine nausea loss_of_appetite abdominal_pain yellowing_of_eyes,HIGH,Hepatitis D,31
itching skin_rash fatigue lethargy high_fever headache loss_of_appetite mild_fever swelled_lymph_nodes malaise red_spots_over_body,CRITICAL,Chicken pox,44
itching skin_rash fatigue lethargy high_fever headache loss_of_appetite mild_fever swelled_lymph_nodes malaise red_spots_over_body,CRITICAL,Chicken pox,44
headache chest_pain dizziness loss_of_balance lack_of_concentration,MEDIUM,Hypertension,21
burning_micturition bladder_discomfort continuous_feel_of_urine,MEDIUM,Urinary tract infection,16
vomiting sunken_eyes dehydration diarrhoea,MEDIUM,Gastroenteritis,18
itching skin_rash burning_micturition spotting_ urination,LOW,Drug Reaction,10
skin_rash pus_filled_pimples blackheads scurring,LOW,Acne,9
vomiting headache nausea spinning_movements loss_of_balance unsteadiness,HIGH,(vertigo) Paroymsal  Positional Vertigo,27
joint_pain vomiting high_fever yellowish_skin dark_urine nausea loss_of_appetite abdominal_pain yellowing_of_eyes acute_liver_failure coma stomach_bleeding,CRITICAL,Hepatitis E,58
fatigue yellowish_skin nausea loss_of_appetite yellowing_of_eyes family_history,HIGH,Hepatitis C,25
yellowish_skin nausea loss_of_appetite yellowing_of_eyes family_history,MEDIUM,Hepatitis C,21
muscle_wasting patches_in_throat high_fever extra_marital_contacts,MEDIUM,AIDS,21
fatigue yellowish_skin nausea loss_of_appetite yellowing_of_eyes family_history,HIGH,Hepatitis C,25
fatigue cramps bruising obesity swollen_legs swollen_blood_vessels prominent_veins_on_calf,HIGH,Varicose veins,32
burning_micturition bladder_discomfort continuous_feel_of_urine,MEDIUM,Urinary tract infection,16
itching skin_rash stomach_pain burning_micturition spotting_ urination,MEDIUM,Drug Reaction,15
continuous_sneezing chills fatigue cough high_fever headache swelled_lymph_nodes phlegm throat_irritation redness_of_eyes sinus_pressure runny_nose congestion chest_pain loss_of_smell muscle_pain,CRITICAL,Common Cold,71
fatigue mood_swings weight_loss restlessness sweating diarrhoea excessive_hunger muscle_weakness irritability abnormal_menstruation,HIGH,Hyperthyroidism,38
chills cough high_fever breathlessness sweating malaise phlegm chest_pain fast_heart_rate rusty_sputum,CRITICAL,Pneumonia,48
skin_rash chills joint_pain vomiting fatigue high_fever headache nausea loss_of_appetite pain_behind_the_eyes back_pain malaise muscle_pain red_spots_over_body,CRITICAL,Dengue,55
joint_pain vomiting fatigue yellowish_skin dark_urine nausea loss_of_appetite abdominal_pain yellowing_of_eyes,HIGH,Hepatitis D,36
muscle_wasting patches_in_throat high_fever extra_marital_contacts,MEDIUM,AIDS,21
continuous_sneezing chills cough high_fever headache swelled_lymph_nodes malaise phlegm throat_irritation redness_of_eyes sinus_pressure runny_nose congestion chest_pain loss_of_smell muscle_pain,CRITICAL,Common Cold,73
fatigue cramps bruising obesity swollen_legs swollen_blood_vessels prominent_veins_on_calf,HIGH,Varicose veins,32
joint_pain vomiting fatigue high_fever yellowish_skin dark_urine loss_of_appetite abdominal_pain yellowing_of_eyes acute_liver_failure coma stomach_bleeding,CRITICAL,Hepatitis E,57
itching vomiting fatigue weight_loss high_fever yellowish_skin dark_urine abdominal_pain,HIGH,Jaundice,31
headache weakness_of_one_body_side altered_sensorium,LOW,Paralysis (brain hemorrhage),9
joint_pain vomiting fatigue high_fever yellowish_skin dark_urine nausea loss_of_appetite abdominal_pain yellowing_of_eyes acute_liver_failure coma stomach_bleeding,CRITICAL,Hepatitis E,62
joint_pain vomiting fatigue high_fever yellowish_skin dark_urine nausea loss_of_appetite abdominal_pain yellowing_of_eyes acute_liver_failure coma stomach_bleeding,CRITICAL,Hepatitis E,62
joint_pain vomiting fatigue yellowish_skin dark_urine nausea loss_of_appetite abdominal_pain yellowing_of_eyes,HIGH,Hepatitis D,36
chills vomiting fatigue weight_loss cough high_fever breathlessness sweating loss_of_appetite mild_fever yellowing_of_eyes swelled_lymph_nodes malaise phlegm chest_pain blood_in_sputum,CRITICAL,Tuberculosis,75
itching skin_rash fatigue lethargy high_fever headache mild_fever swelled_lymph_nodes malaise red_spots_over_body,CRITICAL,Chicken pox,40
back_pain neck_pain dizziness loss_of_balance,MEDIUM,Cervical spondylosis,16
constipation pain_during_bowel_movements pain_in_anal_region bloody_stool irritation_in_anus,HIGH,Dimorphic hemmorhoids(piles),26
muscle_wasting patches_in_throat high_fever,MEDIUM,AIDS,16
itching skin_rash stomach_pain burning_micturition spotting_ urination,MEDIUM,Drug Reaction,15
joint_pain neck_pain knee_pain hip_joint_pain swelling_joints painful_walking,MEDIUM,Osteoarthristis,20
joint_pain vomiting yellowish_skin dark_urine nausea loss_of_appetite abdominal_pain diarrhoea mild_fever yellowing_of_eyes muscle_pain,CRITICAL,hepatitis A,45
chills vomiting fatigue weight_loss cough high_fever breathlessness sweating loss_of_appetite mild_fever yellowing_of_eyes swelled_lymph_nodes malaise phlegm chest_pain blood_in_sputum,CRITICAL,Tuberculosis,75
vomiting headache weakness_of_one_body_side altered_sensorium,MEDIUM,Paralysis (brain hemorrhage),14
itching skin_rash fatigue lethargy high_fever loss_of_appetite mild_fever swelled_lymph_nodes malaise red_spots_over_body,CRITICAL,Chicken pox,41
chills fatigue cough high_fever breathlessness sweating phlegm chest_pain fast_heart_rate rusty_sputum,CRITICAL,Pneumonia,46
burning_micturition bladder_discomfort foul_smell_of urine continuous_feel_of_urine,MEDIUM,Urinary tract infection,16
itching fatigue lethargy yellowish_skin dark_urine loss_of_appetite yellow_urine yellowing_of_eyes malaise receiving_blood_transfusion receiving_unsterile_injections,HIGH,Hepatitis B,39
joint_pain vomiting yellowish_skin dark_urine nausea loss_of_appetite abdominal_pain diarrhoea mild_fever yellowing_of_eyes muscle_pain,CRITICAL,hepatitis A,45
fatigue mood_swings weight_loss restlessness sweating diarrhoea fast_heart_rate excessive_hunger muscle_weakness irritability abnormal_menstruation,CRITICAL,Hyperthyroidism,43
vomiting breathlessness sweating chest_pain,MEDIUM,Heart attack,19
vomiting breathlessness sweating chest_pain,MEDIUM,Heart attack,19
acidity indigestion headache blurred_and_distorted_vision excessive_hunger stiff_neck depression visual_disturbances,HIGH,Migraine,30
skin_rash chills joint_pain vomiting fatigue headache nausea loss_of_appetite pain_behind_the_eyes back_pain malaise muscle_pain red_spots_over_body,CRITICAL,Dengue,48
vomiting indigestion loss_of_appetite abdominal_pain passage_of_gases internal_itching,HIGH,Peptic ulcer diseae,27
fatigue weight_gain cold_hands_and_feets lethargy dizziness puffy_face_and_eyes enlarged_thyroid brittle_nails swollen_extremeties depression irritability abnormal_menstruation,CRITICAL,Hypothyroidism,50
vomiting weakness_of_one_body_side altered_sensorium,LOW,Paralysis (brain hemorrhage),11
headache nausea spinning_movements loss_of_balance unsteadiness,MEDIUM,(vertigo) Paroymsal  Positional Vertigo,22
itching skin_rash nodal_skin_eruptions dischromic _patches,LOW,Fungal infection,8
fatigue weight_gain cold_hands_and_feets mood_swings lethargy dizziness puffy_face_and_eyes enlarged_thyroid brittle_nails swollen_extremeties depression irritability abnormal_menstruation,CRITICAL,Hypothyroidism,53
fatigue mood_swings weight_loss restlessness sweating diarrhoea excessive_hunger muscle_weakness irritability abnormal_menstruation,HIGH,Hyperthyroidism,38
vomiting breathlessness sweating chest_pain,MEDIUM,Heart attack,19
stomach_pain acidity ulcers_on_tongue vomiting cough chest_pain,HIGH,GERD,28
vomiting headache weakness_of_one_body_side altered_sensorium,MEDIUM,Paralysis (brain hemorrhage),14
fatigue yellowish_skin nausea loss_of_appetite yellowing_of_eyes family_history,HIGH,Hepatitis C,25
skin_rash high_fever blister red_sore_around_nose yellow_crust_ooze,MEDIUM,Impetigo,19
vomiting indigestion loss_of_appetite abdominal_pain passage_of_gases internal_itching,HIGH,Peptic ulcer diseae,27
joint_pain fatigue high_fever yellowish_skin dark_urine nausea loss_of_appetite abdominal_pain yellowing_of_eyes acute_liver_failure coma stomach_bleeding,CRITICAL,Hepatitis E,57
fatigue high_fever breathlessness family_history mucoid_sputum,MEDIUM,Bronchial Asthma,24
fatigue mood_swings restlessness sweating diarrhoea fast_heart_rate excessive_hunger muscle_weakness irritability abnormal_menstruation,CRITICAL,Hyperthyroidism,40
chills vomiting sweating headache nausea diarrhoea muscle_pain,HIGH,Malaria,27
burning_micturition foul_smell_of urine continuous_feel_of_urine,LOW,Urinary tract infection,12
acidity indigestion headache blurred_and_distorted_vision excessive_hunger stiff_neck depression irritability visual_disturbances,HIGH,Migraine,32
muscle_wasting patches_in_throat high_fever extra_marital_contacts,MEDIUM,AIDS,21
skin_rash joint_pain skin_peeling small_dents_in_nails inflammatory_nails,MEDIUM,Psoriasis,13
shivering chills watering_from_eyes,LOW,Allergy,12
muscle_wasting patches_in_throat high_fever extra_marital_contacts,MEDIUM,AIDS,21
itching skin_rash stomach_pain burning_micturition,MEDIUM,Drug Reaction,15
continuous_sneezing chills fatigue cough high_fever headache swelled_lymph_nodes malaise phlegm throat_irritation redness_of_eyes sinus_pressure runny_nose congestion chest_pain loss_of_smell muscle_pain,CRITICAL,Common Cold,77
fatigue weight_loss restlessness lethargy irregular_sugar_level blurred_and_distorted_vision obesity excessive_hunger increased_appetite polyuria,CRITICAL,Diabetes,41
vomiting headache nausea spinning_movements loss_of_balance unsteadiness,HIGH,(vertigo) Paroymsal  Positional Vertigo,27
joint_pain vomiting yellowish_skin dark_urine nausea loss_of_appetite abdominal_pain diarrhoea mild_fever yellowing_of_eyes muscle_pain,CRITICAL,hepatitis A,45
fatigue weight_gain cold_hands_and_feets mood_swings lethargy dizziness puffy_face_and_eyes enlarged_thyroid brittle_nails swollen_extremeties depression irritability abnormal_menstruation,CRITICAL,Hypothyroidism,53
skin_rash nodal_skin_eruptions dischromic _patches,LOW,Fungal infection,7
chills vomiting fatigue high_fever headache nausea constipation abdominal_pain diarrhoea toxic_look_(typhos) belly_pain,CRITICAL,Typhoid,50
stomach_pain acidity ulcers_on_tongue vomiting cough chest_pain,HIGH,GERD,28
vomiting dehydration diarrhoea,MEDIUM,Gastroenteritis,15
vomiting sunken_eyes dehydration,LOW,Gastroenteritis,12
skin_rash joint_pain silver_like_dusting small_dents_in_nails inflammatory_nails,LOW,Psoriasis,12
joint_pain neck_pain knee_pain hip_joint_pain swelling_joints painful_walking,MEDIUM,Osteoarthristis,20
chills fatigue cough high_fever breathlessness sweating malaise phlegm chest_pain fast_heart_rate rusty_sputum,CRITICAL,Pneumonia,52
fatigue mood_swings weight_loss restlessness sweating diarrhoea fast_heart_rate excessive_hunger muscle_weakness irritability abnormal_menstruation,CRITICAL,Hyperthyroidism,43
joint_pain vomiting yellowish_skin dark_urine nausea loss_of_appetite abdominal_pain diarrhoea mild_fever yellowing_of_eyes muscle_pain,CRITICAL,hepatitis A,45
neck_pain knee_pain hip_joint_pain swelling_joints painful_walking,MEDIUM,Osteoarthristis,17
itching vomiting yellowish_skin nausea abdominal_pain yellowing_of_eyes,MEDIUM,Chronic cholestasis,22
vomiting breathlessness sweating,LOW,Heart attack,12
breathlessness sweating chest_pain,MEDIUM,Heart attack,14
itching vomiting fatigue weight_loss high_fever yellowish_skin dark_urine abdominal_pain,HIGH,Jaundice,31
skin_rash chills joint_pain vomiting fatigue high_fever headache nausea loss_of_appetite pain_behind_the_eyes back_pain malaise muscle_pain red_spots_over_body,CRITICAL,Dengue,55
vomiting fatigue anxiety sweating headache nausea blurred_and_distorted_vision excessive_hunger drying_and_tingling_lips slurred_speech irritability palpitations,CRITICAL,Hypoglycemia,47
itching fatigue lethargy yellowish_skin dark_urine loss_of_appetite abdominal_pain yellow_urine yellowing_of_eyes malaise receiving_blood_transfusion receiving_unsterile_injections,CRITICAL,Hepatitis B,43
chills fatigue high_fever headache nausea constipation abdominal_pain diarrhoea toxic_look_(typhos) belly_pain,CRITICAL,Typhoid,45
vomiting sunken_eyes diarrhoea,MEDIUM,Gastroenteritis,14
vomiting fatigue anxiety sweating headache nausea blurred_and_distorted_vision excessive_hunger drying_and_tingling_lips slurred_speech irritability palpitations,CRITICAL,Hypoglycemia,47
itching vomiting fatigue high_fever yellowish_skin dark_urine abdominal_pain,HIGH,Jaundice,28
itching skin_rash stomach_pain burning_micturition spotting_ urination,MEDIUM,Drug Reaction,15
chills vomiting fatigue high_fever headache nausea constipation abdominal_pain diarrhoea toxic_look_(typhos) belly_pain,CRITICAL,Typhoid,50
acidity indigestion headache blurred_and_distorted_vision excessive_hunger stiff_neck depression visual_disturbances,HIGH,Migraine,30
itching vomiting yellowish_skin loss_of_appetite abdominal_pain yellowing_of_eyes,MEDIUM,Chronic cholestasis,21
chills vomiting fatigue cough high_fever breathlessness sweating loss_of_appetite mild_fever yellowing_of_eyes swelled_lymph_nodes malaise phlegm chest_pain blood_in_sputum,CRITICAL,Tuberculosis,72
headache chest_pain dizziness loss_of_balance lack_of_concentration,MEDIUM,Hypertension,21
fatigue mood_swings weight_loss restlessness sweating diarrhoea fast_heart_rate excessive_hunger muscle_weakness irritability abnormal_menstruation,CRITICAL,Hyperthyroidism,43
constipation pain_during_bowel_movements pain_in_anal_region bloody_stool irritation_in_anus,HIGH,Dimorphic hemmorhoids(piles),26
chills vomiting high_fever sweating headache nausea diarrhoea muscle_pain,HIGH,Malaria,34
chills fatigue cough high_fever breathlessness sweating malaise phlegm chest_pain fast_heart_rate rusty_sputum,CRITICAL,Pneumonia,52
vomiting headache nausea spinning_movements loss_of_balance unsteadiness,HIGH,(vertigo) Paroymsal  Positional Vertigo,27
fatigue cramps bruising obesity swollen_legs swollen_blood_vessels prominent_veins_on_calf,HIGH,Varicose veins,32
chills fatigue high_fever breathlessness sweating malaise phlegm chest_pain fast_heart_rate rusty_sputum,CRITICAL,Pneumonia,48
itching vomiting yellowish_skin nausea loss_of_appetite abdominal_pain yellowing_of_eyes,HIGH,Chronic cholestasis,26
continuous_sneezing chills watering_from_eyes,LOW,Allergy,11
vomiting sweating chest_pain,MEDIUM,Heart attack,15
fatigue weight_loss lethargy irregular_sugar_level blurred_and_distorted_vision obesity excessive_hunger increased_appetite polyuria,HIGH,Diabetes,36
vomiting headache weakness_of_one_body_side altered_sensorium,MEDIUM,Paralysis (brain hemorrhage),14
vomiting headache nausea spinning_movements loss_of_balance unsteadiness,HIGH,(vertigo) Paroymsal  Positional Vertigo,27
joint_pain vomiting fatigue high_fever yellowish_skin dark_urine nausea loss_of_appetite abdominal_pain yellowing_of_eyes acute_liver_failure coma stomach_bleeding,CRITICAL,Hepatitis E,62
fatigue cold_hands_and_feets mood_swings lethargy dizziness puffy_face_and_eyes enlarged_thyroid brittle_nails swollen_extremeties depression irritability abnormal_menstruation,CRITICAL,Hypothyroidism,50
muscle_weakness stiff_neck swelling_joints movement_stiffness painful_walking,MEDIUM,Arthritis,18
itching skin_rash burning_micturition spotting_ urination,LOW,Drug Reaction,10
joint_pain vomiting fatigue high_fever yellowish_skin dark_urine nausea loss_of_appetite abdominal_pain yellowing_of_eyes acute_liver_failure coma stomach_bleeding,CRITICAL,Hepatitis E,62
fatigue cramps bruising obesity swollen_legs swollen_blood_vessels prominent_veins_on_calf,HIGH,Varicose veins,32
fatigue cramps bruising obesity swollen_legs swollen_blood_vessels prominent_veins_on_calf,HIGH,Varicose veins,32
fatigue yellowish_skin nausea loss_of_appetite family_history,MEDIUM,Hepatitis C,21
skin_rash joint_pain skin_peeling silver_like_dusting small_dents_in_nails inflammatory_nails,MEDIUM,Psoriasis,15
vomiting headache weakness_of_one_body_side altered_sensorium,MEDIUM,Paralysis (brain hemorrhage),14
chills vomiting fatigue weight_loss cough high_fever sweating loss_of_appetite mild_fever yellowing_of_eyes swelled_lymph_nodes malaise phlegm chest_pain blood_in_sputum,CRITICAL,Tuberculosis,71
skin_rash joint_pain silver_like_dusting small_dents_in_nails inflammatory_nails,LOW,Psoriasis,12
itching fatigue lethargy yellowish_skin dark_urine loss_of_appetite abdominal_pain yellow_urine yellowing_of_eyes malaise receiving_blood_transfusion receiving_unsterile_injections,CRITICAL,Hepatitis B,43
skin_rash joint_pain skin_peeling silver_like_dusting small_dents_in_nails inflammatory_nails,MEDIUM,Psoriasis,15
vomiting headache nausea spinning_movements loss_of_balance unsteadiness,HIGH,(vertigo) Paroymsal  Positional Vertigo,27
fatigue cramps bruising obesity swollen_legs swollen_blood_vessels prominent_veins_on_calf,HIGH,Varicose veins,32
vomiting indigestion loss_of_appetite abdominal_pain passage_of_gases internal_itching,HIGH,Peptic ulcer diseae,27
skin_rash high_fever blister red_sore_around_nose yellow_crust_ooze,MEDIUM,Impetigo,19
vomiting sunken_eyes dehydration diarrhoea,MEDIUM,Gastroenteritis,18
vomiting sunken_eyes dehydration diarrhoea,MEDIUM,Gastroenteritis,18
fatigue weight_loss restlessness lethargy blurred_and_distorted_vision obesity excessive_hunger increased_appetite polyuria,HIGH,Diabetes,36
back_pain weakness_in_limbs neck_pain dizziness loss_of_balance,MEDIUM,Cervical spondylosis,23
fatigue mood_swings weight_loss restlessness sweating diarrhoea fast_heart_rate excessive_hunger muscle_weakness irritability abnormal_menstruation,CRITICAL,Hyperthyroidism,43
acidity indigestion headache blurred_and_distorted_vision excessive_hunger stiff_neck depression irritability visual_disturbances,HIGH,Migraine,32
skin_rash joint_pain skin_peeling silver_like_dusting small_dents_in_nails inflammatory_nails,MEDIUM,Psoriasis,15
vomiting headache nausea spinning_movements loss_of_balance unsteadiness,HIGH,(vertigo) Paroymsal  Positional Vertigo,27
chills vomiting sweating headache nausea diarrhoea muscle_pain,HIGH,Malaria,27
skin_rash high_fever blister red_sore_around_nose yellow_crust_ooze,MEDIUM,Impetigo,19
vomiting dehydration diarrhoea,MEDIUM,Gastroenteritis,15
skin_rash pus_filled_pimples blackheads scurring,LOW,Acne,9
vomiting fatigue anxiety sweating headache nausea blurred_and_distorted_vision excessive_hunger drying_and_tingling_lips slurred_speech irritability palpitations,CRITICAL,Hypoglycemia,47
skin_rash pus_filled_pimples blackheads scurring,LOW,Acne,9
vomiting headache weakness_of_one_body_side altered_sensorium,MEDIUM,Paralysis (brain hemorrhage),14
skin_rash high_fever blister red_sore_around_nose yellow_crust_ooze,MEDIUM,Impetigo,19
vomiting headache nausea spinning_movements loss_of_balance unsteadiness,HIGH,(vertigo) Paroymsal  Positional Vertigo,27
muscle_weakness stiff_neck swelling_joints movement_stiffness painful_walking,MEDIUM,Arthritis,18
fatigue cough high_fever breathlessness family_history mucoid_sputum,HIGH,Bronchial Asthma,28
vomiting sunken_eyes diarrhoea,MEDIUM,Gastroenteritis,14
vomiting yellowish_skin abdominal_pain swelling_of_stomach distention_of_abdomen history_of_alcohol_consumption fluid_overload,HIGH,Alcoholic hepatitis,32
stomach_pain ulcers_on_tongue vomiting cough chest_pain,HIGH,GERD,25
stomach_pain ulcers_on_tongue vomiting cough chest_pain,HIGH,GERD,25
joint_pain vomiting fatigue yellowish_skin dark_urine loss_of_appetite abdominal_pain yellowing_of_eyes,HIGH,Hepatitis D,31
fatigue cough high_fever breathlessness sweating malaise phlegm chest_pain fast_heart_rate rusty_sputum,CRITICAL,Pneumonia,49
vomiting indigestion loss_of_appetite abdominal_pain passage_of_gases internal_itching,HIGH,Peptic ulcer diseae,27
weakness_in_limbs neck_pain dizziness loss_of_balance,MEDIUM,Cervical spondylosis,20
joint_pain neck_pain knee_pain hip_joint_pain swelling_joints painful_walking,MEDIUM,Osteoarthristis,20
chills vomiting fatigue high_fever headache nausea constipation abdominal_pain diarrhoea toxic_look_(typhos) belly_pain,CRITICAL,Typhoid,50
joint_pain neck_pain knee_pain hip_joint_pain swelling_joints painful_walking,MEDIUM,Osteoarthristis,20
constipation pain_during_bowel_movements pain_in_anal_region bloody_stool irritation_in_anus,HIGH,Dimorphic hemmorhoids(piles),26
chills vomiting fatigue weight_loss cough high_fever breathlessness sweating loss_of_appetite mild_fever yellowing_of_eyes swelled_lymph_nodes malaise phlegm chest_pain blood_in_sputum,CRITICAL,Tuberculosis,75
fatigue weight_loss restlessness lethargy irregular_sugar_level blurred_and_distorted_vision obesity excessive_hunger increased_appetite polyuria,CRITICAL,Diabetes,41
burning_micturition bladder_discomfort foul_smell_of urine continuous_feel_of_urine,MEDIUM,Urinary tract infection,16
fatigue weight_gain cold_hands_and_feets mood_swings lethargy dizziness puffy_face_and_eyes enlarged_thyroid brittle_nails swollen_extremeties depression irritability abnormal_menstruation,CRITICAL,Hypothyroidism,53
joint_pain vomiting fatigue high_fever yellowish_skin dark_urine nausea loss_of_appetite abdominal_pain yellowing_of_eyes acute_liver_failure coma stomach_bleeding,CRITICAL,Hepatitis E,62
fatigue cough high_fever breathlessness family_history mucoid_sputum,HIGH,Bronchial Asthma,28
vomiting fatigue anxiety sweating headache nausea blurred_and_distorted_vision excessive_hunger drying_and_tingling_lips slurred_speech irritability palpitations,CRITICAL,Hypoglycemia,47
skin_rash high_fever blister red_sore_around_nose yellow_crust_ooze,MEDIUM,Impetigo,19
back_pain weakness_in_limbs neck_pain dizziness loss_of_balance,MEDIUM,Cervical spondylosis,23
chills vomiting fatigue weight_loss cough high_fever breathlessness sweating loss_of_appetite mild_fever yellowing_of_eyes swelled_lymph_nodes malaise phlegm chest_pain blood_in_sputum,CRITICAL,Tuberculosis,75
itching skin_rash fatigue lethargy high_fever headache loss_of_appetite mild_fever malaise red_spots_over_body,HIGH,Chicken pox,38
vomiting fatigue anxiety sweating headache nausea blurred_and_distorted_vision excessive_hunger drying_and_tingling_lips slurred_speech irritability palpitations,CRITICAL,Hypoglycemia,47
fatigue cramps bruising obesity swollen_legs swollen_blood_vessels prominent_veins_on_calf,HIGH,Varicose veins,32
vomiting headache nausea spinning_movements loss_of_balance,MEDIUM,(vertigo) Paroymsal  Positional Vertigo,23
fatigue weight_loss restlessness lethargy irregular_sugar_level blurred_and_distorted_vision obesity excessive_hunger increased_appetite polyuria,CRITICAL,Diabetes,41
itching skin_rash dischromic _patches,LOW,Fungal infection,4
skin_rash stomach_pain burning_micturition spotting_ urination,MEDIUM,Drug Reaction,14
chills vomiting fatigue high_fever headache nausea constipation abdominal_pain diarrhoea toxic_look_(typhos) belly_pain,CRITICAL,Typhoid,50
acidity indigestion headache blurred_and_distorted_vision excessive_hunger stiff_neck depression irritability visual_disturbances,HIGH,Migraine,32
vomiting headache nausea spinning_movements loss_of_balance unsteadiness,HIGH,(vertigo) Paroymsal  Positional Vertigo,27
vomiting indigestion loss_of_appetite abdominal_pain passage_of_gases internal_itching,HIGH,Peptic ulcer diseae,27
skin_rash skin_peeling silver_like_dusting small_dents_in_nails inflammatory_nails,LOW,Psoriasis,12
fatigue yellowish_skin nausea loss_of_appetite yellowing_of_eyes family_history,HIGH,Hepatitis C,25
vomiting weakness_of_one_body_side altered_sensorium,LOW,Paralysis (brain hemorrhage),11
itching vomiting yellowish_skin nausea loss_of_appetite abdominal_pain yellowing_of_eyes,HIGH,Chronic cholestasis,26
constipation pain_during_bowel_movements pain_in_anal_region bloody_stool irritation_in_anus,HIGH,Dimorphic hemmorhoids(piles),26
skin_rash chills joint_pain fatigue high_fever headache nausea loss_of_appetite pain_behind_the_eyes back_pain malaise muscle_pain red_spots_over_body,CRITICAL,Dengue,50
fatigue weight_loss restlessness irregular_sugar_level blurred_and_distorted_vision obesity excessive_hunger increased_appetite polyuria,HIGH,Diabetes,39
constipation pain_during_bowel_movements pain_in_anal_region bloody_stool irritation_in_anus,HIGH,Dimorphic hemmorhoids(piles),26
vomiting breathlessness sweating chest_pain,MEDIUM,Heart attack,19
itching skin_rash stomach_pain burning_micturition,MEDIUM,Drug Reaction,15
fatigue mood_swings weight_loss restlessness diarrhoea fast_heart_rate excessive_hunger muscle_weakness irritability abnormal_menstruation,CRITICAL,Hyperthyroidism,40
vomiting indigestion abdominal_pain passage_of_gases internal_itching,MEDIUM,Peptic ulcer diseae,23
skin_rash stomach_pain burning_micturition spotting_ urination,MEDIUM,Drug Reaction,14
burning_micturition bladder_discomfort foul_smell_of urine continuous_feel_of_urine,MEDIUM,Urinary tract infection,16
itching vomiting yellowish_skin nausea loss_of_appetite abdominal_pain yellowing_of_eyes,HIGH,Chronic cholestasis,26
headache dizziness loss_of_balance lack_of_concentration,MEDIUM,Hypertension,14
skin_rash high_fever blister red_sore_around_nose yellow_crust_ooze,MEDIUM,Impetigo,19
joint_pain vomiting dark_urine nausea loss_of_appetite abdominal_pain diarrhoea mild_fever yellowing_of_eyes muscle_pain,CRITICAL,hepatitis A,42
skin_rash joint_pain skin_peeling silver_like_dusting small_dents_in_nails inflammatory_nails,MEDIUM,Psoriasis,15
itching vomiting yellowish_skin nausea abdominal_pain yellowing_of_eyes,MEDIUM,Chronic cholestasis,22
joint_pain vomiting yellowish_skin dark_urine nausea loss_of_appetite abdominal_pain diarrhoea mild_fever yellowing_of_eyes muscle_pain,CRITICAL,hepatitis A,45
vomiting sweating chest_pain,MEDIUM,Heart attack,15
fatigue nausea loss_of_appetite yellowing_of_eyes family_history,MEDIUM,Hepatitis C,22
vomiting yellowish_skin abdominal_pain swelling_of_stomach distention_of_abdomen history_of_alcohol_consumption fluid_overload,HIGH,Alcoholic hepatitis,32
vomiting breathlessness sweating,LOW,Heart attack,12
fatigue yellowish_skin nausea loss_of_appetite yellowing_of_eyes family_history,HIGH,Hepatitis C,25
vomiting yellowish_skin abdominal_pain swelling_of_stomach distention_of_abdomen history_of_alcohol_consumption fluid_overload,HIGH,Alcoholic hepatitis,32
fatigue mood_swings weight_loss restlessness sweating fast_heart_rate excessive_hunger muscle_weakness irritability abnormal_menstruation,HIGH,Hyperthyroidism,37
itching skin_rash lethargy high_fever headache loss_of_appetite mild_fever swelled_lymph_nodes malaise red_spots_over_body,CRITICAL,Chicken pox,40
fatigue weight_gain cold_hands_and_feets mood_swings lethargy dizziness puffy_face_and_eyes enlarged_thyroid brittle_nails swollen_extremeties depression irritability abnormal_menstruation,CRITICAL,Hypothyroidism,53
fatigue mood_swings weight_loss restlessness sweating diarrhoea fast_heart_rate excessive_hunger muscle_weakness irritability abnormal_menstruation,CRITICAL,Hyperthyroidism,43
itching fatigue weight_loss high_fever yellowish_skin dark_urine abdominal_pain,HIGH,Jaundice,26
constipation pain_during_bowel_movements pain_in_anal_region bloody_stool,MEDIUM,Dimorphic hemmorhoids(piles),20
itching fatigue lethargy yellowish_skin dark_urine loss_of_appetite abdominal_pain yellow_urine yellowing_of_eyes malaise receiving_blood_transfusion receiving_unsterile_injections,CRITICAL,Hepatitis B,43
fatigue mood_swings weight_loss restlessness diarrhoea fast_heart_rate excessive_hunger muscle_weakness irritability abnormal_menstruation,CRITICAL,Hyperthyroidism,40
vomiting yellowish_skin abdominal_pain distention_of_abdomen history_of_alcohol_consumption fluid_overload,HIGH,Alcoholic hepatitis,25
burning_micturition bladder_discomfort foul_smell_of urine continuous_feel_of_urine,MEDIUM,Urinary tract infection,16
headache chest_pain dizziness loss_of_balance lack_of_concentration,MEDIUM,Hypertension,21
muscle_wasting patches_in_throat high_fever extra_marital_contacts,MEDIUM,AIDS,21
joint_pain vomiting fatigue high_fever yellowish_skin dark_urine nausea loss_of_appetite abdominal_pain yellowing_of_eyes coma stomach_bleeding,CRITICAL,Hepatitis E,56
stomach_pain acidity ulcers_on_tongue vomiting cough chest_pain,HIGH,GERD,28
itching vomiting yellowish_skin nausea loss_of_appetite abdominal_pain yellowing_of_eyes,HIGH,Chronic cholestasis,26
vomiting breathlessness sweating chest_pain,MEDIUM,Heart attack,19
joint_pain vomiting fatigue high_fever yellowish_skin dark_urine nausea loss_of_appetite abdominal_pain yellowing_of_eyes acute_liver_failure coma stomach_bleeding,CRITICAL,Hepatitis E,62
itching vomiting fatigue weight_loss high_fever yellowish_skin dark_urine abdominal_pain,HIGH,Jaundice,31
muscle_wasting patches_in_throat high_fever extra_marital_contacts,MEDIUM,AIDS,21
continuous_sneezing shivering chills,LOW,Allergy,12
itching vomiting fatigue weight_loss high_fever yellowish_skin dark_urine abdominal_pain,HIGH,Jaundice,31
fatigue cough high_fever breathlessness family_history mucoid_sputum,HIGH,Bronchial Asthma,28
vomiting breathlessness sweating chest_pain,MEDIUM,Heart attack,19
joint_pain vomiting fatigue high_fever yellowish_skin dark_urine nausea loss_of_appetite abdominal_pain yellowing_of_eyes acute_liver_failure coma stomach_bleeding,CRITICAL,Hepatitis E,62
vomiting sunken_eyes diarrhoea,MEDIUM,Gastroenteritis,14
continuous_sneezing shivering chills watering_from_eyes,MEDIUM,Allergy,16
itching fatigue lethargy high_fever headache loss_of_appetite mild_fever swelled_lymph_nodes malaise red_spots_over_body,CRITICAL,Chicken pox,41
joint_pain vomiting fatigue high_fever yellowish_skin dark_urine nausea loss_of_appetite abdominal_pain yellowing_of_eyes acute_liver_failure coma stomach_bleeding,CRITICAL,Hepatitis E,62
vomiting sunken_eyes dehydration diarrhoea,MEDIUM,Gastroenteritis,18
joint_pain vomiting fatigue high_fever yellowish_skin dark_urine nausea loss_of_appetite abdominal_pain yellowing_of_eyes acute_liver_failure coma stomach_bleeding,CRITICAL,Hepatitis E,62
itching skin_rash fatigue lethargy high_fever headache loss_of_appetite mild_fever swelled_lymph_nodes malaise red_spots_over_body,CRITICAL,Chicken pox,44
chills fatigue cough high_fever breathlessness sweating malaise phlegm chest_pain fast_heart_rate rusty_sputum,CRITICAL,Pneumonia,52
fatigue cough high_fever breathlessness family_history mucoid_sputum,HIGH,Bronchial Asthma,28
fatigue cough high_fever breathlessness family_history,MEDIUM,Bronchial Asthma,24
muscle_weakness stiff_neck swelling_joints movement_stiffness painful_walking,MEDIUM,Arthritis,18
fatigue cramps bruising swollen_legs swollen_blood_vessels prominent_veins_on_calf,HIGH,Varicose veins,28
skin_rash blackheads scurring,LOW,Acne,7
itching skin_rash stomach_pain burning_micturition spotting_ urination,MEDIUM,Drug Reaction,15
vomiting headache nausea loss_of_balance unsteadiness,MEDIUM,(vertigo) Paroymsal  Positional Vertigo,21
skin_rash chills joint_pain vomiting fatigue high_fever headache nausea loss_of_appetite pain_behind_the_eyes back_pain malaise muscle_pain red_spots_over_body,CRITICAL,Dengue,55
skin_rash high_fever blister red_sore_around_nose yellow_crust_ooze,MEDIUM,Impetigo,19
acidity indigestion headache blurred_and_distorted_vision excessive_hunger stiff_neck depression irritability visual_disturbances,HIGH,Migraine,32
patches_in_throat high_fever extra_marital_contacts,MEDIUM,AIDS,18
joint_pain neck_pain knee_pain hip_joint_pain swelling_joints painful_walking,MEDIUM,Osteoarthristis,20
joint_pain knee_pain hip_joint_pain swelling_joints painful_walking,MEDIUM,Osteoarthristis,15
fatigue mood_swings weight_loss restlessness sweating diarrhoea fast_heart_rate excessive_hunger muscle_weakness irritability abnormal_menstruation,CRITICAL,Hyperthyroidism,43
chills vomiting fatigue high_fever headache nausea abdominal_pain diarrhoea toxic_look_(typhos) belly_pain,CRITICAL,Typhoid,46
joint_pain vomiting fatigue high_fever yellowish_skin dark_urine nausea loss_of_appetite abdominal_pain yellowing_of_eyes acute_liver_failure coma stomach_bleeding,CRITICAL,Hepatitis E,62
vomiting fatigue weight_loss high_fever yellowish_skin dark_urine abdominal_pain,HIGH,Jaundice,30
vomiting sunken_eyes dehydration,LOW,Gastroenteritis,12
continuous_sneezing chills fatigue cough high_fever swelled_lymph_nodes malaise phlegm throat_irritation redness_of_eyes sinus_pressure runny_nose congestion chest_pain loss_of_smell muscle_pain,CRITICAL,Common Cold,74
itching vomiting yellowish_skin nausea loss_of_appetite abdominal_pain yellowing_of_eyes,HIGH,Chronic cholestasis,26
joint_pain vomiting yellowish_skin nausea loss_of_appetite abdominal_pain diarrhoea mild_fever yellowing_of_eyes muscle_pain,CRITICAL,hepatitis A,41
vomiting headache nausea loss_of_balance unsteadiness,MEDIUM,(vertigo) Paroymsal  Positional Vertigo,21
continuous_sneezing shivering chills,LOW,Allergy,12
fatigue anxiety sweating headache nausea blurred_and_distorted_vision excessive_hunger drying_and_tingling_lips slurred_speech irritability palpitations,CRITICAL,Hypoglycemia,42
continuous_sneezing chills watering_from_eyes,LOW,Allergy,11
fatigue cramps bruising obesity swollen_legs swollen_blood_vessels prominent_veins_on_calf,HIGH,Varicose veins,32
skin_rash joint_pain skin_peeling silver_like_dusting small_dents_in_nails inflammatory_nails,MEDIUM,Psoriasis,15
itching skin_rash fatigue lethargy high_fever headache loss_of_appetite mild_fever malaise red_spots_over_body,HIGH,Chicken pox,38
chills vomiting fatigue weight_loss cough high_fever breathlessness sweating loss_of_appetite mild_fever yellowing_of_eyes swelled_lymph_nodes malaise phlegm chest_pain blood_in_sputum,CRITICAL,Tuberculosis,75
continuous_sneezing shivering chills watering_from_eyes,MEDIUM,Allergy,16
itching fatigue lethargy yellowish_skin dark_urine loss_of_appetite abdominal_pain yellow_urine yellowing_of_eyes malaise receiving_blood_transfusion receiving_unsterile_injections,CRITICAL,Hepatitis B,43
vomiting breathlessness chest_pain,MEDIUM,Heart attack,16
itching vomiting yellowish_skin nausea loss_of_appetite abdominal_pain,MEDIUM,Chronic cholestasis,22
muscle_wasting high_fever extra_marital_contacts,MEDIUM,AIDS,15
fatigue weight_loss restlessness lethargy irregular_sugar_level blurred_and_distorted_vision obesity excessive_hunger increased_appetite polyuria,CRITICAL,Diabetes,41
joint_pain vomiting fatigue yellowish_skin dark_urine nausea loss_of_appetite abdominal_pain yellowing_of_eyes acute_liver_failure coma stomach_bleeding,CRITICAL,Hepatitis E,55
back_pain neck_pain dizziness loss_of_balance,MEDIUM,Cervical spondylosis,16
vomiting fatigue anxiety sweating nausea blurred_and_distorted_vision excessive_hunger drying_and_tingling_lips slurred_speech irritability palpitations,CRITICAL,Hypoglycemia,44
stomach_pain acidity ulcers_on_tongue vomiting cough chest_pain,HIGH,GERD,28
itching skin_rash stomach_pain burning_micturition,MEDIUM,Drug Reaction,15
skin_rash pus_filled_pimples blackheads scurring,LOW,Acne,9
chills vomiting high_fever sweating headache nausea diarrhoea muscle_pain,HIGH,Malaria,34
patches_in_throat high_fever extra_marital_contacts,MEDIUM,AIDS,18
fatigue yellowish_skin nausea loss_of_appetite yellowing_of_eyes family_history,HIGH,Hepatitis C,25
fatigue cramps bruising obesity swollen_legs swollen_blood_vessels,HIGH,Varicose veins,26
joint_pain vomiting fatigue high_fever yellowish_skin dark_urine nausea loss_of_appetite abdominal_pain yellowing_of_eyes acute_liver_failure coma stomach_bleeding,CRITICAL,Hepatitis E,62
itching fatigue lethargy yellowish_skin dark_urine loss_of_appetite abdominal_pain yellow_urine yellowing_of_eyes malaise receiving_blood_transfusion receiving_unsterile_injections,CRITICAL,Hepatitis B,43
chills vomiting high_fever sweating headache nausea muscle_pain,HIGH,Malaria,28
skin_rash joint_pain skin_peeling silver_like_dusting small_dents_in_nails inflammatory_nails,MEDIUM,Psoriasis,15
continuous_sneezing shivering chills watering_from_eyes,MEDIUM,Allergy,16
joint_pain neck_pain knee_pain hip_joint_pain swelling_joints painful_walking,MEDIUM,Osteoarthristis,20
muscle_wasting patches_in_throat high_fever extra_marital_contacts,MEDIUM,AIDS,21
fatigue cough high_fever breathlessness family_history mucoid_sputum,HIGH,Bronchial Asthma,28
vomiting weakness_of_one_body_side altered_sensorium,LOW,Paralysis (brain hemorrhage),11
fatigue yellowish_skin nausea loss_of_appetite yellowing_of_eyes family_history,HIGH,Hepatitis C,25
fatigue cramps bruising obesity swollen_legs swollen_blood_vessels prominent_veins_on_calf,HIGH,Varicose veins,32
vomiting headache nausea spinning_movements loss_of_balance unsteadiness,HIGH,(vertigo) Paroymsal  Positional Vertigo,27
muscle_wasting patches_in_throat extra_marital_contacts,MEDIUM,AIDS,14
fatigue weight_gain cold_hands_and_feets mood_swings lethargy dizziness puffy_face_and_eyes enlarged_thyroid brittle_nails swollen_extremeties depression irritability abnormal_menstruation,CRITICAL,Hypothyroidism,53
itching vomiting fatigue weight_loss high_fever yellowish_skin dark_urine abdominal_pain,HIGH,Jaundice,31
vomiting breathlessness sweating chest_pain,MEDIUM,Heart attack,19
chills vomiting high_fever headache nausea diarrhoea muscle_pain,HIGH,Malaria,31
joint_pain neck_pain knee_pain swelling_joints painful_walking,MEDIUM,Osteoarthristis,18
vomiting sunken_eyes dehydration diarrhoea,MEDIUM,Gastroenteritis,18
itching skin_rash nodal_skin_eruptions dischromic _patches,LOW,Fungal infection,8
joint_pain vomiting yellowish_skin dark_urine nausea loss_of_appetite abdominal_pain diarrhoea mild_fever yellowing_of_eyes muscle_pain,CRITICAL,hepatitis A,45
skin_rash pus_filled_pimples blackheads scurring,LOW,Acne,9
weakness_in_limbs neck_pain dizziness loss_of_balance,MEDIUM,Cervical spondylosis,20
chills vomiting fatigue high_fever headache nausea constipation abdominal_pain diarrhoea toxic_look_(typhos) belly_pain,CRITICAL,Typhoid,50
joint_pain neck_pain knee_pain hip_joint_pain swelling_joints painful_walking,MEDIUM,Osteoarthristis,20
joint_pain neck_pain knee_pain hip_joint_pain swelling_joints painful_walking,MEDIUM,Osteoarthristis,20
chills fatigue cough high_fever breathlessness sweating malaise phlegm chest_pain fast_heart_rate rusty_sputum,CRITICAL,Pneumonia,52
vomiting headache weakness_of_one_body_side altered_sensorium,MEDIUM,Paralysis (brain hemorrhage),14
itching skin_rash stomach_pain burning_micturition spotting_ urination,MEDIUM,Drug Reaction,15
shivering chills watering_from_eyes,LOW,Allergy,12
vomiting headache weakness_of_one_body_side altered_sensorium,MEDIUM,Paralysis (brain hemorrhage),14
muscle_weakness stiff_neck swelling_joints movement_stiffness painful_walking,MEDIUM,Arthritis,18
acidity indigestion headache blurred_and_distorted_vision excessive_hunger stiff_neck depression irritability visual_disturbances,HIGH,Migraine,32
skin_rash pus_filled_pimples blackheads scurring,LOW,Acne,9
vomiting indigestion loss_of_appetite abdominal_pain passage_of_gases internal_itching,HIGH,Peptic ulcer diseae,27
continuous_sneezing chills fatigue cough high_fever headache swelled_lymph_nodes malaise phlegm throat_irritation redness_of_eyes sinus_pressure runny_nose congestion chest_pain loss_of_smell muscle_pain,CRITICAL,Common Cold,77
fatigue yellowish_skin nausea loss_of_appetite yellowing_of_eyes family_history,HIGH,Hepatitis C,25
vomiting headache weakness_of_one_body_side altered_sensorium,MEDIUM,Paralysis (brain hemorrhage),14
itching fatigue lethargy yellowish_skin dark_urine loss_of_appetite abdominal_pain yellow_urine yellowing_of_eyes malaise receiving_blood_transfusion receiving_unsterile_injections,CRITICAL,Hepatitis B,43
itching lethargy yellowish_skin dark_urine loss_of_appetite abdominal_pain yellow_urine yellowing_of_eyes malaise receiving_blood_transfusion receiving_unsterile_injections,HIGH,Hepatitis B,39
vomiting sweating chest_pain,MEDIUM,Heart attack,15
fatigue weight_gain cold_hands_and_feets mood_swings lethargy dizziness puffy_face_and_eyes enlarged_thyroid brittle_nails swollen_extremeties depression irritability abnormal_menstruation,CRITICAL,Hypothyroidism,53
stomach_pain acidity ulcers_on_tongue vomiting cough chest_pain,HIGH,GERD,28
vomiting headache weakness_of_one_body_side altered_sensorium,MEDIUM,Paralysis (brain hemorrhage),14
vomiting sunken_eyes dehydration diarrhoea,MEDIUM,Gastroenteritis,18
constipation pain_during_bowel_movements pain_in_anal_region bloody_stool irritation_in_anus,HIGH,Dimorphic hemmorhoids(piles),26
itching stomach_pain burning_micturition spotting_ urination,LOW,Drug Reaction,12
joint_pain vomiting fatigue yellowish_skin dark_urine nausea loss_of_appetite abdominal_pain yellowing_of_eyes,HIGH,Hepatitis D,36
itching vomiting nausea loss_of_appetite abdominal_pain yellowing_of_eyes,MEDIUM,Chronic cholestasis,23
vomiting fatigue yellowish_skin dark_urine nausea loss_of_appetite abdominal_pain yellowing_of_eyes,HIGH,Hepatitis D,33
constipation pain_during_bowel_movements pain_in_anal_region bloody_stool irritation_in_anus,HIGH,Dimorphic hemmorhoids(piles),26
itching vomiting fatigue weight_loss high_fever yellowish_skin dark_urine abdominal_pain,HIGH,Jaundice,31
continuous_sneezing shivering chills watering_from_eyes,MEDIUM,Allergy,16
itching skin_rash fatigue lethargy high_fever headache loss_of_appetite mild_fever swelled_lymph_nodes malaise red_spots_over_body,CRITICAL,Chicken pox,44
itching fatigue lethargy yellowish_skin dark_urine loss_of_appetite abdominal_pain yellow_urine yellowing_of_eyes malaise receiving_blood_transfusion receiving_unsterile_injections,CRITICAL,Hepatitis B,43
chills vomiting weight_loss cough high_fever breathlessness sweating loss_of_appetite mild_fever yellowing_of_eyes swelled_lymph_nodes malaise phlegm chest_pain blood_in_sputum,CRITICAL,Tuberculosis,71
fatigue yellowish_skin nausea loss_of_appetite yellowing_of_eyes family_history,HIGH,Hepatitis C,25
burning_micturition bladder_discomfort foul_smell_of urine continuous_feel_of_urine,MEDIUM,Urinary tract infection,16
vomiting sunken_eyes dehydration diarrhoea,MEDIUM,Gastroenteritis,18
back_pain weakness_in_limbs neck_pain dizziness loss_of_balance,MEDIUM,Cervical spondylosis,23
stomach_pain acidity ulcers_on_tongue vomiting cough chest_pain,HIGH,GERD,28
joint_pain neck_pain knee_pain hip_joint_pain swelling_joints painful_walking,MEDIUM,Osteoarthristis,20
chills vomiting high_fever sweating headache nausea diarrhoea muscle_pain,HIGH,Malaria,34
muscle_weakness stiff_neck swelling_joints movement_stiffness painful_walking,MEDIUM,Arthritis,18
chills fatigue weight_loss cough high_fever breathlessness sweating loss_of_appetite mild_fever yellowing_of_eyes swelled_lymph_nodes malaise phlegm chest_pain blood_in_sputum,CRITICAL,Tuberculosis,70
vomiting abdominal_pain swelling_of_stomach distention_of_abdomen history_of_alcohol_consumption fluid_overload,HIGH,Alcoholic hepatitis,29
vomiting indigestion loss_of_appetite abdominal_pain passage_of_gases internal_itching,HIGH,Peptic ulcer diseae,27
vomiting sunken_eyes dehydration diarrhoea,MEDIUM,Gastroenteritis,18
fatigue cough breathlessness family_history mucoid_sputum,MEDIUM,Bronchial Asthma,21
itching vomiting yellowish_skin nausea loss_of_appetite abdominal_pain yellowing_of_eyes,HIGH,Chronic cholestasis,26
skin_rash pus_filled_pimples blackheads scurring,LOW,Acne,9
joint_pain vomiting fatigue yellowish_skin dark_urine nausea loss_of_appetite abdominal_pain,HIGH,Hepatitis D,32
vomiting breathlessness sweating chest_pain,MEDIUM,Heart attack,19
itching skin_rash stomach_pain burning_micturition spotting_ urination,MEDIUM,Drug Reaction,15
acidity indigestion headache blurred_and_distorted_vision excessive_hunger depression irritability visual_disturbances,HIGH,Migraine,28
itching skin_rash nodal_skin_eruptions dischromic _patches,LOW,Fungal infection,8
continuous_sneezing shivering chills watering_from_eyes,MEDIUM,Allergy,16
vomiting headache weakness_of_one_body_side altered_sensorium,MEDIUM,Paralysis (brain hemorrhage),14
vomiting fatigue anxiety sweating headache nausea blurred_and_distorted_vision excessive_hunger drying_and_tingling_lips slurred_speech irritability palpitations,CRITICAL,Hypoglycemia,47
itching vomiting fatigue weight_loss high_fever yellowish_skin dark_urine abdominal_pain,HIGH,Jaundice,31
skin_rash chills joint_pain vomiting fatigue high_fever headache nausea loss_of_appetite pain_behind_the_eyes back_pain malaise muscle_pain red_spots_over_body,CRITICAL,Dengue,55
vomiting indigestion loss_of_appetite abdominal_pain passage_of_gases,MEDIUM,Peptic ulcer diseae,23
itching fatigue yellowish_skin dark_urine loss_of_appetite abdominal_pain yellow_urine yellowing_of_eyes malaise receiving_blood_transfusion receiving_unsterile_injections,CRITICAL,Hepatitis B,41
joint_pain vomiting yellowish_skin dark_urine nausea loss_of_appetite abdominal_pain diarrhoea mild_fever yellowing_of_eyes muscle_pain,CRITICAL,hepatitis A,45
joint_pain vomiting yellowish_skin dark_urine nausea loss_of_appetite abdominal_pain diarrhoea mild_fever yellowing_of_eyes muscle_pain,CRITICAL,hepatitis A,45
chills vomiting fatigue weight_loss cough high_fever breathlessness sweating loss_of_appetite mild_fever yellowing_of_eyes swelled_lymph_nodes malaise phlegm chest_pain blood_in_sputum,CRITICAL,Tuberculosis,75
headache weakness_of_one_body_side altered_sensorium,LOW,Paralysis (brain hemorrhage),9
stomach_pain acidity ulcers_on_tongue vomiting cough chest_pain,HIGH,GERD,28
fatigue mood_swings weight_loss sweating diarrhoea fast_heart_rate excessive_hunger muscle_weakness irritability abnormal_menstruation,HIGH,Hyperthyroidism,38
itching skin_rash nodal_skin_eruptions dischromic _patches,LOW,Fungal infection,8
itching skin_rash nodal_skin_eruptions dischromic _patches,LOW,Fungal infection,8
fatigue cough high_fever breathlessness family_history mucoid_sputum,HIGH,Bronchial Asthma,28
chest_pain dizziness loss_of_balance lack_of_concentration,MEDIUM,Hypertension,18
chills vomiting fatigue high_fever headache nausea constipation abdominal_pain diarrhoea toxic_look_(typhos) belly_pain,CRITICAL,Typhoid,50
weight_loss restlessness lethargy irregular_sugar_level blurred_and_distorted_vision obesity excessive_hunger increased_appetite polyuria,HIGH,Diabetes,37
joint_pain vomiting yellowish_skin dark_urine nausea loss_of_appetite abdominal_pain diarrhoea mild_fever yellowing_of_eyes muscle_pain,CRITICAL,hepatitis A,45
muscle_wasting patches_in_throat high_fever extra_marital_contacts,MEDIUM,AIDS,21
chills vomiting sweating headache nausea diarrhoea muscle_pain,HIGH,Malaria,27
chest_pain dizziness loss_of_balance lack_of_concentration,MEDIUM,Hypertension,18
itching vomiting yellowish_skin nausea loss_of_appetite abdominal_pain yellowing_of_eyes,HIGH,Chronic cholestasis,26
chills fatigue cough high_fever breathlessness sweating phlegm chest_pain fast_heart_rate rusty_sputum,CRITICAL,Pneumonia,46
acidity indigestion headache excessive_hunger stiff_neck depression irritability visual_disturbances,HIGH,Migraine,27
joint_pain neck_pain knee_pain hip_joint_pain swelling_joints painful_walking,MEDIUM,Osteoarthristis,20
constipation pain_during_bowel_movements pain_in_anal_region bloody_stool,MEDIUM,Dimorphic hemmorhoids(piles),20
muscle_weakness stiff_neck swelling_joints movement_stiffness painful_walking,MEDIUM,Arthritis,18
itching skin_rash stomach_pain burning_micturition spotting_ urination,MEDIUM,Drug Reaction,15
fatigue cough high_fever breathlessness family_history mucoid_sputum,HIGH,Bronchial Asthma,28
skin_rash joint_pain skin_peeling silver_like_dusting small_dents_in_nails inflammatory_nails,MEDIUM,Psoriasis,15
skin_rash joint_pain skin_peeling silver_like_dusting inflammatory_nails,MEDIUM,Psoriasis,13
stomach_pain acidity ulcers_on_tongue vomiting cough chest_pain,HIGH,GERD,28
muscle_weakness stiff_neck swelling_joints movement_stiffness painful_walking,MEDIUM,Arthritis,18
itching skin_rash fatigue lethargy high_fever headache loss_of_appetite mild_fever swelled_lymph_nodes malaise red_spots_over_body,CRITICAL,Chicken pox,44
acidity indigestion headache blurred_and_distorted_vision excessive_hunger stiff_neck depression irritability visual_disturbances,HIGH,Migraine,32
chills vomiting fatigue weight_loss cough high_fever breathlessness sweating loss_of_appetite mild_fever yellowing_of_eyes swelled_lymph_nodes malaise phlegm chest_pain blood_in_sputum,CRITICAL,Tuberculosis,75
joint_pain vomiting yellowish_skin dark_urine loss_of_appetite abdominal_pain diarrhoea mild_fever yellowing_of_eyes muscle_pain,CRITICAL,hepatitis A,40
fatigue cold_hands_and_feets mood_swings lethargy dizziness puffy_face_and_eyes enlarged_thyroid brittle_nails swollen_extremeties depression irritability abnormal_menstruation,CRITICAL,Hypothyroidism,50
chills vomiting high_fever headache nausea diarrhoea muscle_pain,HIGH,Malaria,31
vomiting fatigue anxiety sweating headache nausea blurred_and_distorted_vision excessive_hunger drying_and_tingling_lips slurred_speech irritability palpitations,CRITICAL,Hypoglycemia,47
fatigue cramps bruising obesity swollen_legs swollen_blood_vessels,HIGH,Varicose veins,26
joint_pain vomiting fatigue yellowish_skin dark_urine nausea loss_of_appetite abdominal_pain yellowing_of_eyes,HIGH,Hepatitis D,36
fatigue weight_loss restlessness lethargy irregular_sugar_level blurred_and_distorted_vision obesity excessive_hunger increased_appetite polyuria,CRITICAL,Diabetes,41
vomiting dehydration diarrhoea,MEDIUM,Gastroenteritis,15
fatigue weight_loss restlessness lethargy irregular_sugar_level blurred_and_distorted_vision obesity excessive_hunger increased_appetite polyuria,CRITICAL,Diabetes,41
itching stomach_pain burning_micturition spotting_ urination,LOW,Drug Reaction,12
itching skin_rash stomach_pain burning_micturition spotting_ urination,MEDIUM,Drug Reaction,15
fatigue weight_loss lethargy irregular_sugar_level blurred_and_distorted_vision obesity excessive_hunger increased_appetite polyuria,HIGH,Diabetes,36
acidity indigestion headache blurred_and_distorted_vision excessive_hunger stiff_neck depression irritability visual_disturbances,HIGH,Migraine,32
chills vomiting fatigue weight_loss cough high_fever breathlessness sweating loss_of_appetite mild_fever yellowing_of_eyes swelled_lymph_nodes malaise phlegm chest_pain blood_in_sputum,CRITICAL,Tuberculosis,75
chills vomiting weight_loss cough high_fever breathlessness sweating loss_of_appetite mild_fever yellowing_of_eyes swelled_lymph_nodes malaise phlegm chest_pain blood_in_sputum,CRITICAL,Tuberculosis,71
skin_rash joint_pain skin_peeling silver_like_dusting small_dents_in_nails inflammatory_nails,MEDIUM,Psoriasis,15
skin_rash pus_filled_pimples blackheads scurring,LOW,Acne,9
constipation pain_during_bowel_movements bloody_stool irritation_in_anus,MEDIUM,Dimorphic hemmorhoids(piles),20
vomiting headache weakness_of_one_body_side altered_sensorium,MEDIUM,Paralysis (brain hemorrhage),14
itching fatigue lethargy yellowish_skin dark_urine loss_of_appetite abdominal_pain yellowing_of_eyes malaise receiving_blood_transfusion receiving_unsterile_injections,HIGH,Hepatitis B,39
fatigue weight_loss restlessness lethargy irregular_sugar_level blurred_and_distorted_vision obesity excessive_hunger increased_appetite polyuria,CRITICAL,Diabetes,41
fatigue cough breathlessness family_history mucoid_sputum,MEDIUM,Bronchial Asthma,21
stomach_pain acidity ulcers_on_tongue vomiting chest_pain,MEDIUM,GERD,24
fatigue weight_loss restlessness lethargy irregular_sugar_level blurred_and_distorted_vision obesity increased_appetite polyuria,HIGH,Diabetes,37
acidity indigestion headache blurred_and_distorted_vision excessive_hunger stiff_neck depression visual_disturbances,HIGH,Migraine,30
vomiting headache weakness_of_one_body_side altered_sensorium,MEDIUM,Paralysis (brain hemorrhage),14
chills fatigue cough high_fever breathlessness sweating malaise phlegm chest_pain fast_heart_rate rusty_sputum,CRITICAL,Pneumonia,52
vomiting headache weakness_of_one_body_side altered_sensorium,MEDIUM,Paralysis (brain hemorrhage),14
itching vomiting fatigue weight_loss high_fever yellowish_skin dark_urine abdominal_pain,HIGH,Jaundice,31
skin_rash pus_filled_pimples blackheads scurring,LOW,Acne,9
fatigue mood_swings weight_loss restlessness sweating diarrhoea fast_heart_rate muscle_weakness irritability abnormal_menstruation,HIGH,Hyperthyroidism,39
burning_micturition bladder_discomfort foul_smell_of urine continuous_feel_of_urine,MEDIUM,Urinary tract infection,16
vomiting yellowish_skin abdominal_pain swelling_of_stomach history_of_alcohol_consumption fluid_overload,HIGH,Alcoholic hepatitis,28
fatigue weight_gain cold_hands_and_feets mood_swings lethargy dizziness puffy_face_and_eyes enlarged_thyroid brittle_nails swollen_extremeties depression irritability abnormal_menstruation,CRITICAL,Hypothyroidism,53
vomiting fatigue anxiety sweating headache nausea blurred_and_distorted_vision excessive_hunger drying_and_tingling_lips slurred_speech irritability palpitations,CRITICAL,Hypoglycemia,47
continuous_sneezing shivering chills watering_from_eyes,MEDIUM,Allergy,16
continuous_sneezing shivering chills watering_from_eyes,MEDIUM,Allergy,16
itching fatigue lethargy yellowish_skin dark_urine loss_of_appetite abdominal_pain yellow_urine yellowing_of_eyes malaise receiving_blood_transfusion receiving_unsterile_injections,CRITICAL,Hepatitis B,43
back_pain weakness_in_limbs neck_pain dizziness loss_of_balance,MEDIUM,Cervical spondylosis,23
muscle_weakness stiff_neck swelling_joints movement_stiffness,MEDIUM,Arthritis,16
constipation pain_during_bowel_movements pain_in_anal_region bloody_stool irritation_in_anus,HIGH,Dimorphic hemmorhoids(piles),26
muscle_weakness stiff_neck swelling_joints painful_walking,MEDIUM,Arthritis,13
itching fatigue weight_loss high_fever yellowish_skin dark_urine abdominal_pain,HIGH,Jaundice,26
fatigue weight_loss restlessness lethargy irregular_sugar_level blurred_and_distorted_vision obesity increased_appetite polyuria,HIGH,Diabetes,37
headache chest_pain dizziness loss_of_balance lack_of_concentration,MEDIUM,Hypertension,21
itching skin_rash stomach_pain burning_micturition spotting_ urination,MEDIUM,Drug Reaction,15
itching skin_rash stomach_pain burning_micturition,MEDIUM,Drug Reaction,15
skin_rash skin_peeling silver_like_dusting small_dents_in_nails inflammatory_nails,LOW,Psoriasis,12
joint_pain vomiting fatigue yellowish_skin dark_urine nausea loss_of_appetite abdominal_pain yellowing_of_eyes,HIGH,Hepatitis D,36
vomiting indigestion loss_of_appetite abdominal_pain passage_of_gases internal_itching,HIGH,Peptic ulcer diseae,27
vomiting fatigue anxiety sweating nausea blurred_and_distorted_vision excessive_hunger drying_and_tingling_lips slurred_speech irritability palpitations,CRITICAL,Hypoglycemia,44
itching fatigue lethargy yellowish_skin dark_urine loss_of_appetite abdominal_pain yellow_urine yellowing_of_eyes malaise receiving_blood_transfusion receiving_unsterile_injections,CRITICAL,Hepatitis B,43
fatigue yellowish_skin nausea loss_of_appetite yellowing_of_eyes,MEDIUM,Hepatitis C,20
vomiting fatigue anxiety sweating headache nausea blurred_and_distorted_vision excessive_hunger drying_and_tingling_lips slurred_speech irritability palpitations,CRITICAL,Hypoglycemia,47
itching skin_rash nodal_skin_eruptions dischromic _patches,LOW,Fungal infection,8
skin_rash high_fever blister red_sore_around_nose yellow_crust_ooze,MEDIUM,Impetigo,19
chills vomiting high_fever sweating headache nausea diarrhoea muscle_pain,HIGH,Malaria,34
fatigue weight_loss restlessness lethargy irregular_sugar_level blurred_and_distorted_vision obesity excessive_hunger increased_appetite polyuria,CRITICAL,Diabetes,41
itching skin_rash stomach_pain spotting_ urination,LOW,Drug Reaction,9
back_pain weakness_in_limbs neck_pain dizziness loss_of_balance,MEDIUM,Cervical spondylosis,23
fatigue weight_gain cold_hands_and_feets mood_swings dizziness puffy_face_and_eyes enlarged_thyroid brittle_nails swollen_extremeties depression irritability abnormal_menstruation,CRITICAL,Hypothyroidism,51
headache chest_pain dizziness loss_of_balance lack_of_concentration,MEDIUM,Hypertension,21
itching skin_rash stomach_pain burning_micturition,MEDIUM,Drug Reaction,15
yellowish_skin nausea loss_of_appetite yellowing_of_eyes family_history,MEDIUM,Hepatitis C,21
fatigue mood_swings weight_loss restlessness sweating diarrhoea fast_heart_rate excessive_hunger muscle_weakness irritability abnormal_menstruation,CRITICAL,Hyperthyroidism,43
vomiting fatigue anxiety sweating headache nausea blurred_and_distorted_vision excessive_hunger drying_and_tingling_lips slurred_speech irritability palpitations,CRITICAL,Hypoglycemia,47
vomiting sunken_eyes diarrhoea,MEDIUM,Gastroenteritis,14
continuous_sneezing chills fatigue cough headache swelled_lymph_nodes malaise phlegm throat_irritation redness_of_eyes sinus_pressure runny_nose congestion chest_pain loss_of_smell muscle_pain,CRITICAL,Common Cold,70
itching fatigue lethargy yellowish_skin dark_urine abdominal_pain yellow_urine yellowing_of_eyes malaise receiving_blood_transfusion receiving_unsterile_injections,HIGH,Hepatitis B,39
back_pain weakness_in_limbs neck_pain dizziness loss_of_balance,MEDIUM,Cervical spondylosis,23
vomiting yellowish_skin abdominal_pain swelling_of_stomach distention_of_abdomen history_of_alcohol_consumption fluid_overload,HIGH,Alcoholic hepatitis,32
continuous_sneezing shivering chills,LOW,Allergy,12
itching vomiting fatigue weight_loss high_fever yellowish_skin dark_urine abdominal_pain,HIGH,Jaundice,31
vomiting indigestion abdominal_pain passage_of_gases internal_itching,MEDIUM,Peptic ulcer diseae,23
acidity indigestion headache blurred_and_distorted_vision excessive_hunger stiff_neck depression irritability visual_disturbances,HIGH,Migraine,32
vomiting nausea spinning_movements loss_of_balance unsteadiness,MEDIUM,(vertigo) Paroymsal  Positional Vertigo,24
chills fatigue weight_loss cough high_fever breathlessness sweating loss_of_appetite mild_fever yellowing_of_eyes swelled_lymph_nodes malaise phlegm chest_pain blood_in_sputum,CRITICAL,Tuberculosis,70
vomiting yellowish_skin abdominal_pain swelling_of_stomach distention_of_abdomen history_of_alcohol_consumption fluid_overload,HIGH,Alcoholic hepatitis,32
vomiting headache weakness_of_one_body_side altered_sensorium,MEDIUM,Paralysis (brain hemorrhage),14
itching fatigue lethargy dark_urine loss_of_appetite abdominal_pain yellow_urine yellowing_of_eyes malaise receiving_blood_transfusion receiving_unsterile_injections,CRITICAL,Hepatitis B,40
itching vomiting yellowish_skin nausea loss_of_appetite abdominal_pain,MEDIUM,Chronic cholestasis,22
vomiting yellowish_skin abdominal_pain swelling_of_stomach distention_of_abdomen history_of_alcohol_consumption fluid_overload,HIGH,Alcoholic hepatitis,32
burning_micturition bladder_discomfort foul_smell_of urine,LOW,Urinary tract infection,10
vomiting headache altered_sensorium,LOW,Paralysis (brain hemorrhage),10
chills cough high_fever breathlessness sweating malaise phlegm chest_pain fast_heart_rate rusty_sputum,CRITICAL,Pneumonia,48
chills vomiting high_fever sweating nausea diarrhoea muscle_pain,HIGH,Malaria,31
itching skin_rash fatigue lethargy high_fever headache loss_of_appetite mild_fever swelled_lymph_nodes malaise red_spots_over_body,CRITICAL,Chicken pox,44
vomiting fatigue weight_loss cough high_fever breathlessness sweating loss_of_appetite mild_fever yellowing_of_eyes swelled_lymph_nodes malaise phlegm chest_pain blood_in_sputum,CRITICAL,Tuberculosis,72
chills vomiting fatigue weight_loss cough high_fever breathlessness sweating loss_of_appetite mild_fever yellowing_of_eyes swelled_lymph_nodes malaise phlegm chest_pain blood_in_sputum,CRITICAL,Tuberculosis,75
joint_pain neck_pain knee_pain hip_joint_pain swelling_joints painful_walking,MEDIUM,Osteoarthristis,20
itching fatigue lethargy yellowish_skin dark_urine loss_of_appetite abdominal_pain yellow_urine yellowing_of_eyes malaise receiving_blood_transfusion receiving_unsterile_injections,CRITICAL,Hepatitis B,43
continuous_sneezing chills fatigue cough high_fever headache swelled_lymph_nodes malaise phlegm throat_irritation redness_of_eyes sinus_pressure runny_nose congestion chest_pain loss_of_smell muscle_pain,CRITICAL,Common Cold,77
fatigue weight_loss restlessness lethargy blurred_and_distorted_vision obesity excessive_hunger increased_appetite polyuria,HIGH,Diabetes,36
fatigue weight_gain cold_hands_and_feets mood_swings lethargy puffy_face_and_eyes enlarged_thyroid brittle_nails swollen_extremeties depression irritability abnormal_menstruation,CRITICAL,Hypothyroidism,49
vomiting fatigue anxiety sweating headache nausea excessive_hunger drying_and_tingling_lips slurred_speech irritability palpitations,CRITICAL,Hypoglycemia,42
itching skin_rash fatigue lethargy high_fever headache loss_of_appetite mild_fever swelled_lymph_nodes malaise red_spots_over_body,CRITICAL,Chicken pox,44
fatigue cramps bruising obesity swollen_legs prominent_veins_on_calf,HIGH,Varicose veins,27
skin_rash high_fever blister red_sore_around_nose yellow_crust_ooze,MEDIUM,Impetigo,19
fatigue weight_gain cold_hands_and_feets mood_swings lethargy dizziness puffy_face_and_eyes enlarged_thyroid brittle_nails swollen_extremeties depression irritability abnormal_menstruation,CRITICAL,Hypothyroidism,53
itching fatigue lethargy yellowish_skin dark_urine loss_of_appetite abdominal_pain yellow_urine yellowing_of_eyes malaise receiving_blood_transfusion receiving_unsterile_injections,CRITICAL,Hepatitis B,43
chills vomiting fatigue high_fever headache constipation abdominal_pain diarrhoea toxic_look_(typhos) belly_pain,CRITICAL,Typhoid,45
chills vomiting fatigue weight_loss cough high_fever breathlessness loss_of_appetite mild_fever yellowing_of_eyes swelled_lymph_nodes malaise phlegm chest_pain blood_in_sputum,CRITICAL,Tuberculosis,72
muscle_weakness stiff_neck swelling_joints movement_stiffness painful_walking,MEDIUM,Arthritis,18
vomiting yellowish_skin abdominal_pain swelling_of_stomach distention_of_abdomen history_of_alcohol_consumption fluid_overload,HIGH,Alcoholic hepatitis,32
high_fever blister red_sore_around_nose yellow_crust_ooze,MEDIUM,Impetigo,16
vomiting headache weakness_of_one_body_side altered_sensorium,MEDIUM,Paralysis (brain hemorrhage),14
itching fatigue lethargy yellowish_skin dark_urine loss_of_appetite abdominal_pain yellow_urine yellowing_of_eyes malaise receiving_blood_transfusion receiving_unsterile_injections,CRITICAL,Hepatitis B,43
itching fatigue lethargy yellowish_skin dark_urine loss_of_appetite abdominal_pain yellow_urine yellowing_of_eyes malaise receiving_blood_transfusion receiving_unsterile_injections,CRITICAL,Hepatitis B,43
muscle_wasting patches_in_throat high_fever extra_marital_contacts,MEDIUM,AIDS,21
back_pain weakness_in_limbs neck_pain dizziness loss_of_balance,MEDIUM,Cervical spondylosis,23
joint_pain vomiting yellowish_skin dark_urine nausea loss_of_appetite abdominal_pain diarrhoea mild_fever yellowing_of_eyes muscle_pain,CRITICAL,hepatitis A,45
muscle_wasting patches_in_throat high_fever extra_marital_contacts,MEDIUM,AIDS,21
fatigue cramps bruising obesity swollen_legs prominent_veins_on_calf,HIGH,Varicose veins,27
back_pain weakness_in_limbs neck_pain dizziness loss_of_balance,MEDIUM,Cervical spondylosis,23
chills vomiting weight_loss cough high_fever breathlessness sweating loss_of_appetite mild_fever yellowing_of_eyes swelled_lymph_nodes malaise phlegm chest_pain blood_in_sputum,CRITICAL,Tuberculosis,71
chills vomiting high_fever sweating headache nausea diarrhoea muscle_pain,HIGH,Malaria,34
back_pain neck_pain dizziness loss_of_balance,MEDIUM,Cervical spondylosis,16
acidity indigestion headache blurred_and_distorted_vision excessive_hunger stiff_neck irritability visual_disturbances,HIGH,Migraine,29
itching vomiting fatigue weight_loss high_fever yellowish_skin dark_urine abdominal_pain,HIGH,Jaundice,31
chills vomiting high_fever sweating headache nausea diarrhoea muscle_pain,HIGH,Malaria,34
chills vomiting fatigue high_fever headache constipation abdominal_pain diarrhoea toxic_look_(typhos) belly_pain,CRITICAL,Typhoid,45
vomiting fatigue anxiety sweating headache nausea blurred_and_distorted_vision excessive_hunger drying_and_tingling_lips slurred_speech irritability palpitations,CRITICAL,Hypoglycemia,47
itching vomiting yellowish_skin loss_of_appetite abdominal_pain yellowing_of_eyes,MEDIUM,Chronic cholestasis,21
skin_rash blister red_sore_around_nose yellow_crust_ooze,LOW,Impetigo,12
fatigue cramps bruising obesity swollen_legs swollen_blood_vessels prominent_veins_on_calf,HIGH,Varicose veins,32
fatigue yellowish_skin nausea loss_of_appetite yellowing_of_eyes family_history,HIGH,Hepatitis C,25
fatigue yellowish_skin loss_of_appetite yellowing_of_eyes family_history,MEDIUM,Hepatitis C,20
muscle_wasting high_fever extra_marital_contacts,MEDIUM,AIDS,15
muscle_wasting patches_in_throat high_fever extra_marital_contacts,MEDIUM,AIDS,21
vomiting sunken_eyes dehydration diarrhoea,MEDIUM,Gastroenteritis,18
vomiting fatigue anxiety sweating headache nausea blurred_and_distorted_vision excessive_hunger drying_and_tingling_lips slurred_speech irritability palpitations,CRITICAL,Hypoglycemia,47
skin_rash joint_pain vomiting fatigue high_fever headache nausea loss_of_appetite pain_behind_the_eyes back_pain malaise muscle_pain red_spots_over_body,CRITICAL,Dengue,52
vomiting yellowish_skin abdominal_pain swelling_of_stomach distention_of_abdomen history_of_alcohol_consumption fluid_overload,HIGH,Alcoholic hepatitis,32
itching skin_rash fatigue lethargy high_fever headache loss_of_appetite mild_fever swelled_lymph_nodes malaise red_spots_over_body,CRITICAL,Chicken pox,44
vomiting yellowish_skin abdominal_pain swelling_of_stomach distention_of_abdomen history_of_alcohol_consumption fluid_overload,HIGH,Alcoholic hepatitis,32
itching skin_rash lethargy high_fever headache loss_of_appetite mild_fever swelled_lymph_nodes malaise red_spots_over_body,CRITICAL,Chicken pox,40
skin_rash pus_filled_pimples blackheads,LOW,Acne,7
itching fatigue lethargy yellowish_skin dark_urine loss_of_appetite yellow_urine yellowing_of_eyes malaise receiving_blood_transfusion receiving_unsterile_injections,HIGH,Hepatitis B,39
stomach_pain acidity ulcers_on_tongue vomiting cough chest_pain,HIGH,GERD,28
headache chest_pain loss_of_balance lack_of_concentration,MEDIUM,Hypertension,17
joint_pain vomiting fatigue high_fever yellowish_skin nausea loss_of_appetite abdominal_pain yellowing_of_eyes acute_liver_failure coma stomach_bleeding,CRITICAL,Hepatitis E,58
skin_rash pus_filled_pimples scurring,LOW,Acne,7
stomach_pain acidity ulcers_on_tongue vomiting cough chest_pain,HIGH,GERD,28
vomiting headache nausea spinning_movements loss_of_balance unsteadiness,HIGH,(vertigo) Paroymsal  Positional Vertigo,27
fatigue yellowish_skin nausea loss_of_appetite yellowing_of_eyes family_history,HIGH,Hepatitis C,25
vomiting indigestion loss_of_appetite abdominal_pain internal_itching,MEDIUM,Peptic ulcer diseae,22
itching skin_rash fatigue lethargy high_fever headache loss_of_appetite mild_fever swelled_lymph_nodes malaise red_spots_over_body,CRITICAL,Chicken pox,44
joint_pain vomiting fatigue yellowish_skin dark_urine nausea loss_of_appetite abdominal_pain yellowing_of_eyes,HIGH,Hepatitis D,36
muscle_weakness stiff_neck swelling_joints movement_stiffness,MEDIUM,Arthritis,16
fatigue yellowish_skin nausea loss_of_appetite yellowing_of_eyes family_history,HIGH,Hepatitis C,25
itching vomiting weight_loss high_fever yellowish_skin dark_urine abdominal_pain,HIGH,Jaundice,27
muscle_weakness stiff_neck swelling_joints movement_stiffness painful_walking,MEDIUM,Arthritis,18
joint_pain skin_peeling silver_like_dusting small_dents_in_nails inflammatory_nails,LOW,Psoriasis,12
joint_pain vomiting yellowish_skin dark_urine nausea loss_of_appetite abdominal_pain diarrhoea mild_fever yellowing_of_eyes muscle_pain,CRITICAL,hepatitis A,45
chills vomiting fatigue high_fever headache nausea constipation abdominal_pain diarrhoea toxic_look_(typhos) belly_pain,CRITICAL,Typhoid,50
fatigue weight_loss restlessness lethargy irregular_sugar_level obesity excessive_hunger increased_appetite polyuria,HIGH,Diabetes,36
joint_pain neck_pain knee_pain hip_joint_pain swelling_joints,MEDIUM,Osteoarthristis,18
constipation pain_during_bowel_movements pain_in_anal_region bloody_stool irritation_in_anus,HIGH,Dimorphic hemmorhoids(piles),26
continuous_sneezing chills cough high_fever headache swelled_lymph_nodes malaise phlegm throat_irritation redness_of_eyes sinus_pressure runny_nose congestion chest_pain loss_of_smell muscle_pain,CRITICAL,Common Cold,73
joint_pain vomiting fatigue yellowish_skin dark_urine nausea loss_of_appetite abdominal_pain yellowing_of_eyes,HIGH,Hepatitis D,36
joint_pain vomiting fatigue high_fever dark_urine nausea loss_of_appetite abdominal_pain yellowing_of_eyes acute_liver_failure coma stomach_bleeding,CRITICAL,Hepatitis E,59
vomiting weakness_of_one_body_side altered_sensorium,LOW,Paralysis (brain hemorrhage),11
vomiting loss_of_appetite abdominal_pain passage_of_gases internal_itching,MEDIUM,Peptic ulcer diseae,22
itching skin_rash nodal_skin_eruptions dischromic _patches,LOW,Fungal infection,8
fatigue cough high_fever breathlessness family_history mucoid_sputum,HIGH,Bronchial Asthma,28
itching skin_rash fatigue lethargy high_fever headache loss_of_appetite mild_fever swelled_lymph_nodes malaise red_spots_over_body,CRITICAL,Chicken pox,44
muscle_wasting patches_in_throat high_fever extra_marital_contacts,MEDIUM,AIDS,21
headache chest_pain dizziness loss_of_balance lack_of_concentration,MEDIUM,Hypertension,21
fatigue weight_loss restlessness sweating diarrhoea fast_heart_rate excessive_hunger muscle_weakness irritability abnormal_menstruation,CRITICAL,Hyperthyroidism,40
fatigue cramps bruising obesity swollen_legs prominent_veins_on_calf,HIGH,Varicose veins,27
skin_rash chills vomiting fatigue high_fever headache nausea loss_of_appetite pain_behind_the_eyes back_pain malaise muscle_pain red_spots_over_body,CRITICAL,Dengue,52
itching fatigue lethargy yellowish_skin dark_urine abdominal_pain yellow_urine yellowing_of_eyes malaise receiving_blood_transfusion receiving_unsterile_injections,HIGH,Hepatitis B,39
continuous_sneezing shivering chills watering_from_eyes,MEDIUM,Allergy,16
vomiting indigestion loss_of_appetite passage_of_gases internal_itching,MEDIUM,Peptic ulcer diseae,23
chills vomiting fatigue high_fever headache nausea constipation abdominal_pain diarrhoea toxic_look_(typhos) belly_pain,CRITICAL,Typhoid,50
indigestion loss_of_appetite abdominal_pain passage_of_gases internal_itching,MEDIUM,Peptic ulcer diseae,22
fatigue weight_loss lethargy irregular_sugar_level blurred_and_distorted_vision obesity excessive_hunger increased_appetite polyuria,HIGH,Diabetes,36
skin_rash high_fever blister red_sore_around_nose yellow_crust_ooze,MEDIUM,Impetigo,19
constipation pain_during_bowel_movements pain_in_anal_region bloody_stool irritation_in_anus,HIGH,Dimorphic hemmorhoids(piles),26
continuous_sneezing chills fatigue high_fever headache swelled_lymph_nodes malaise phlegm throat_irritation redness_of_eyes sinus_pressure runny_nose congestion chest_pain loss_of_smell muscle_pain,CRITICAL,Common Cold,73
joint_pain neck_pain knee_pain hip_joint_pain swelling_joints painful_walking,MEDIUM,Osteoarthristis,20
itching lethargy yellowish_skin dark_urine loss_of_appetite abdominal_pain yellow_urine yellowing_of_eyes malaise receiving_blood_transfusion receiving_unsterile_injections,HIGH,Hepatitis B,39
skin_rash blister red_sore_around_nose yellow_crust_ooze,LOW,Impetigo,12
back_pain weakness_in_limbs neck_pain loss_of_balance,MEDIUM,Cervical spondylosis,19
skin_rash chills joint_pain vomiting fatigue high_fever headache nausea loss_of_appetite pain_behind_the_eyes back_pain malaise muscle_pain red_spots_over_body,CRITICAL,Dengue,55
high_fever blister red_sore_around_nose yellow_crust_ooze,MEDIUM,Impetigo,16
joint_pain neck_pain hip_joint_pain swelling_joints painful_walking,MEDIUM,Osteoarthristis,17
chills fatigue cough high_fever breathlessness sweating malaise phlegm chest_pain fast_heart_rate rusty_sputum,CRITICAL,Pneumonia,52
skin_rash chills joint_pain vomiting fatigue high_fever headache nausea loss_of_appetite pain_behind_the_eyes back_pain muscle_pain red_spots_over_body,CRITICAL,Dengue,49
fatigue mood_swings weight_loss restlessness sweating diarrhoea fast_heart_rate excessive_hunger muscle_weakness irritability abnormal_menstruation,CRITICAL,Hyperthyroidism,43
fatigue weight_gain cold_hands_and_feets mood_swings lethargy dizziness puffy_face_and_eyes enlarged_thyroid brittle_nails swollen_extremeties depression irritability abnormal_menstruation,CRITICAL,Hypothyroidism,53
itching vomiting fatigue weight_loss yellowish_skin dark_urine abdominal_pain,MEDIUM,Jaundice,24
fatigue weight_gain cold_hands_and_feets mood_swings lethargy dizziness puffy_face_and_eyes enlarged_thyroid brittle_nails swollen_extremeties depression irritability abnormal_menstruation,CRITICAL,Hypothyroidism,53
continuous_sneezing chills fatigue cough high_fever headache swelled_lymph_nodes malaise phlegm throat_irritation redness_of_eyes sinus_pressure runny_nose congestion chest_pain loss_of_smell muscle_pain,CRITICAL,Common Cold,77
neck_pain knee_pain hip_joint_pain swelling_joints painful_walking,MEDIUM,Osteoarthristis,17
joint_pain neck_pain knee_pain hip_joint_pain swelling_joints,MEDIUM,Osteoarthristis,18
vomiting headache weakness_of_one_body_side,LOW,Paralysis (brain hemorrhage),12
cough high_fever breathlessness family_history mucoid_sputum,MEDIUM,Bronchial Asthma,24
itching vomiting yellowish_skin nausea loss_of_appetite abdominal_pain yellowing_of_eyes,HIGH,Chronic cholestasis,26
itching skin_rash fatigue lethargy high_fever headache loss_of_appetite mild_fever swelled_lymph_nodes malaise red_spots_over_body,CRITICAL,Chicken pox,44
yellowish_skin nausea loss_of_appetite yellowing_of_eyes family_history,MEDIUM,Hepatitis C,21
vomiting breathlessness sweating chest_pain,MEDIUM,Heart attack,19
vomiting breathlessness sweating chest_pain,MEDIUM,Heart attack,19
vomiting fatigue anxiety sweating headache nausea blurred_and_distorted_vision excessive_hunger slurred_speech irritability palpitations,CRITICAL,Hypoglycemia,43
vomiting sunken_eyes dehydration diarrhoea,MEDIUM,Gastroenteritis,18
constipation pain_during_bowel_movements pain_in_anal_region bloody_stool irritation_in_anus,HIGH,Dimorphic hemmorhoids(piles),26
joint_pain vomiting yellowish_skin nausea loss_of_appetite abdominal_pain diarrhoea mild_fever yellowing_of_eyes muscle_pain,CRITICAL,hepatitis A,41
vomiting headache altered_sensorium,LOW,Paralysis (brain hemorrhage),10
itching vomiting fatigue weight_loss high_fever yellowish_skin abdominal_pain,HIGH,Jaundice,27
burning_micturition bladder_discomfort foul_smell_of urine continuous_feel_of_urine,MEDIUM,Urinary tract infection,16
joint_pain neck_pain knee_pain hip_joint_pain painful_walking,MEDIUM,Osteoarthristis,15
skin_rash chills joint_pain vomiting fatigue high_fever headache nausea loss_of_appetite pain_behind_the_eyes back_pain malaise muscle_pain red_spots_over_body,CRITICAL,Dengue,55
joint_pain vomiting fatigue yellowish_skin dark_urine nausea abdominal_pain yellowing_of_eyes,HIGH,Hepatitis D,32
itching vomiting fatigue high_fever yellowish_skin dark_urine abdominal_pain,HIGH,Jaundice,28
continuous_sneezing shivering chills watering_from_eyes,MEDIUM,Allergy,16
fatigue weight_loss restlessness lethargy irregular_sugar_level blurred_and_distorted_vision obesity excessive_hunger increased_appetite polyuria,CRITICAL,Diabetes,41
itching skin_rash fatigue lethargy high_fever headache loss_of_appetite mild_fever swelled_lymph_nodes malaise red_spots_over_body,CRITICAL,Chicken pox,44
vomiting yellowish_skin abdominal_pain swelling_of_stomach distention_of_abdomen history_of_alcohol_consumption fluid_overload,HIGH,Alcoholic hepatitis,32
fatigue weight_loss restlessness lethargy irregular_sugar_level blurred_and_distorted_vision obesity excessive_hunger increased_appetite polyuria,CRITICAL,Diabetes,41
chills vomiting fatigue high_fever headache nausea constipation abdominal_pain diarrhoea toxic_look_(typhos) belly_pain,CRITICAL,Typhoid,50
muscle_weakness stiff_neck swelling_joints movement_stiffness painful_walking,MEDIUM,Arthritis,18
skin_rash pus_filled_pimples blackheads scurring,LOW,Acne,9
acidity indigestion headache blurred_and_distorted_vision excessive_hunger stiff_neck depression irritability visual_disturbances,HIGH,Migraine,32
joint_pain vomiting yellowish_skin dark_urine nausea loss_of_appetite abdominal_pain diarrhoea mild_fever yellowing_of_eyes muscle_pain,CRITICAL,hepatitis A,45
continuous_sneezing chills fatigue cough high_fever swelled_lymph_nodes malaise phlegm throat_irritation redness_of_eyes sinus_pressure runny_nose congestion chest_pain loss_of_smell muscle_pain,CRITICAL,Common Cold,74
acidity indigestion headache blurred_and_distorted_vision excessive_hunger stiff_neck depression irritability,HIGH,Migraine,29
itching skin_rash nodal_skin_eruptions dischromic _patches,LOW,Fungal infection,8
itching fatigue lethargy yellowish_skin dark_urine loss_of_appetite abdominal_pain yellow_urine yellowing_of_eyes malaise receiving_blood_transfusion receiving_unsterile_injections,CRITICAL,Hepatitis B,43
stomach_pain acidity ulcers_on_tongue cough chest_pain,MEDIUM,GERD,23
constipation pain_during_bowel_movements pain_in_anal_region bloody_stool irritation_in_anus,HIGH,Dimorphic hemmorhoids(piles),26
joint_pain vomiting fatigue high_fever yellowish_skin dark_urine nausea loss_of_appetite abdominal_pain yellowing_of_eyes acute_liver_failure coma stomach_bleeding,CRITICAL,Hepatitis E,62
chills vomiting fatigue high_fever headache nausea constipation abdominal_pain diarrhoea toxic_look_(typhos) belly_pain,CRITICAL,Typhoid,50
joint_pain vomiting fatigue yellowish_skin dark_urine nausea loss_of_appetite abdominal_pain yellowing_of_eyes acute_liver_failure coma stomach_bleeding,CRITICAL,Hepatitis E,55
muscle_wasting patches_in_throat high_fever,MEDIUM,AIDS,16
skin_rash pus_filled_pimples blackheads scurring,LOW,Acne,9
vomiting sunken_eyes dehydration diarrhoea,MEDIUM,Gastroenteritis,18
skin_rash pus_filled_pimples blackheads scurring,LOW,Acne,9
vomiting yellowish_skin abdominal_pain swelling_of_stomach distention_of_abdomen history_of_alcohol_consumption fluid_overload,HIGH,Alcoholic hepatitis,32
skin_rash chills joint_pain vomiting fatigue high_fever headache nausea loss_of_appetite pain_behind_the_eyes back_pain malaise muscle_pain red_spots_over_body,CRITICAL,Dengue,55
fatigue yellowish_skin nausea loss_of_appetite yellowing_of_eyes family_history,HIGH,Hepatitis C,25
vomiting fatigue anxiety sweating headache nausea blurred_and_distorted_vision excessive_hunger drying_and_tingling_lips slurred_speech irritability palpitations,CRITICAL,Hypoglycemia,47
fatigue weight_gain cold_hands_and_feets mood_swings lethargy dizziness enlarged_thyroid brittle_nails swollen_extremeties depression irritability abnormal_menstruation,CRITICAL,Hypothyroidism,48
chills fatigue cough high_fever breathlessness sweating malaise phlegm chest_pain fast_heart_rate rusty_sputum,CRITICAL,Pneumonia,52
vomiting indigestion loss_of_appetite abdominal_pain passage_of_gases internal_itching,HIGH,Peptic ulcer diseae,27
fatigue cough high_fever breathlessness family_history mucoid_sputum,HIGH,Bronchial Asthma,28
headache dizziness loss_of_balance lack_of_concentration,MEDIUM,Hypertension,14
joint_pain vomiting fatigue dark_urine nausea loss_of_appetite abdominal_pain yellowing_of_eyes,HIGH,Hepatitis D,33
headache chest_pain dizziness lack_of_concentration,MEDIUM,Hypertension,17
burning_micturition bladder_discomfort foul_smell_of urine continuous_feel_of_urine,MEDIUM,Urinary tract infection,16
stomach_pain acidity ulcers_on_tongue vomiting cough chest_pain,HIGH,GERD,28
fatigue cough high_fever breathlessness family_history mucoid_sputum,HIGH,Bronchial Asthma,28
itching vomiting yellowish_skin nausea loss_of_appetite abdominal_pain yellowing_of_eyes,HIGH,Chronic cholestasis,26
fatigue anxiety sweating headache nausea blurred_and_distorted_vision excessive_hunger drying_and_tingling_lips slurred_speech irritability palpitations,CRITICAL,Hypoglycemia,42
burning_micturition bladder_discomfort foul_smell_of urine,LOW,Urinary tract infection,10
headache chest_pain dizziness loss_of_balance lack_of_concentration,MEDIUM,Hypertension,21
burning_micturition bladder_discomfort foul_smell_of urine continuous_feel_of_urine,MEDIUM,Urinary tract infection,16
skin_rash high_fever blister red_sore_around_nose yellow_crust_ooze,MEDIUM,Impetigo,19
continuous_sneezing chills fatigue cough high_fever headache swelled_lymph_nodes phlegm throat_irritation redness_of_eyes sinus_pressure runny_nose congestion chest_pain loss_of_smell muscle_pain,CRITICAL,Common Cold,71
chills vomiting fatigue high_fever headache nausea constipation abdominal_pain diarrhoea toxic_look_(typhos) belly_pain,CRITICAL,Typhoid,50
joint_pain neck_pain knee_pain hip_joint_pain swelling_joints painful_walking,MEDIUM,Osteoarthristis,20
itching skin_rash nodal_skin_eruptions dischromic _patches,LOW,Fungal infection,8
vomiting sunken_eyes dehydration diarrhoea,MEDIUM,Gastroenteritis,18
vomiting fatigue anxiety sweating headache nausea blurred_and_distorted_vision excessive_hunger drying_and_tingling_lips slurred_speech irritability palpitations,CRITICAL,Hypoglycemia,47
chills vomiting high_fever sweating nausea diarrhoea muscle_pain,HIGH,Malaria,31
itching skin_rash stomach_pain burning_micturition spotting_ urination,MEDIUM,Drug Reaction,15
fatigue weight_loss restlessness lethargy irregular_sugar_level blurred_and_distorted_vision obesity excessive_hunger increased_appetite polyuria,CRITICAL,Diabetes,41
vomiting breathlessness sweating chest_pain,MEDIUM,Heart attack,19
continuous_sneezing shivering watering_from_eyes,MEDIUM,Allergy,13
headache chest_pain dizziness loss_of_balance lack_of_concentration,MEDIUM,Hypertension,21
itching skin_rash fatigue lethargy high_fever headache loss_of_appetite mild_fever swelled_lymph_nodes malaise red_spots_over_body,CRITICAL,Chicken pox,44
itching vomiting fatigue weight_loss yellowish_skin dark_urine abdominal_pain,MEDIUM,Jaundice,24
vomiting indigestion loss_of_appetite abdominal_pain passage_of_gases internal_itching,HIGH,Peptic ulcer diseae,27
joint_pain vomiting fatigue high_fever dark_urine nausea loss_of_appetite abdominal_pain yellowing_of_eyes acute_liver_failure coma stomach_bleeding,CRITICAL,Hepatitis E,59
skin_rash high_fever blister red_sore_around_nose yellow_crust_ooze,MEDIUM,Impetigo,19
chills vomiting high_fever sweating headache nausea diarrhoea muscle_pain,HIGH,Malaria,34
fatigue weight_loss restlessness lethargy irregular_sugar_level blurred_and_distorted_vision obesity excessive_hunger increased_appetite polyuria,CRITICAL,Diabetes,41
chills vomiting fatigue weight_loss cough high_fever breathlessness sweating loss_of_appetite mild_fever yellowing_of_eyes swelled_lymph_nodes malaise phlegm chest_pain blood_in_sputum,CRITICAL,Tuberculosis,75
stomach_pain acidity ulcers_on_tongue vomiting cough chest_pain,HIGH,GERD,28
burning_micturition bladder_discomfort foul_smell_of urine continuous_feel_of_urine,MEDIUM,Urinary tract infection,16
fatigue weight_loss restlessness lethargy irregular_sugar_level blurred_and_distorted_vision obesity excessive_hunger increased_appetite polyuria,CRITICAL,Diabetes,41
fatigue yellowish_skin nausea loss_of_appetite yellowing_of_eyes family_history,HIGH,Hepatitis C,25
chills vomiting fatigue high_fever headache nausea constipation abdominal_pain diarrhoea toxic_look_(typhos) belly_pain,CRITICAL,Typhoid,50
fatigue weight_loss restlessness lethargy irregular_sugar_level blurred_and_distorted_vision obesity excessive_hunger increased_appetite polyuria,CRITICAL,Diabetes,41
continuous_sneezing chills fatigue cough high_fever headache swelled_lymph_nodes malaise phlegm throat_irritation redness_of_eyes sinus_pressure runny_nose congestion chest_pain loss_of_smell muscle_pain,CRITICAL,Common Cold,77
itching vomiting fatigue weight_loss high_fever yellowish_skin dark_urine abdominal_pain,HIGH,Jaundice,31
fatigue cramps bruising obesity swollen_legs swollen_blood_vessels prominent_veins_on_calf,HIGH,Varicose veins,32
burning_micturition bladder_discomfort foul_smell_of urine continuous_feel_of_urine,MEDIUM,Urinary tract infection,16
itching fatigue lethargy yellowish_skin dark_urine loss_of_appetite abdominal_pain yellowing_of_eyes malaise receiving_blood_transfusion receiving_unsterile_injections,HIGH,Hepatitis B,39
itching fatigue lethargy high_fever headache loss_of_appetite mild_fever swelled_lymph_nodes malaise red_spots_over_body,CRITICAL,Chicken pox,41
itching vomiting yellowish_skin nausea loss_of_appetite abdominal_pain yellowing_of_eyes,HIGH,Chronic cholestasis,26
muscle_weakness stiff_neck swelling_joints movement_stiffness painful_walking,MEDIUM,Arthritis,18
joint_pain vomiting yellowish_skin dark_urine nausea loss_of_appetite abdominal_pain diarrhoea mild_fever yellowing_of_eyes muscle_pain,CRITICAL,hepatitis A,45
vomiting headache weakness_of_one_body_side altered_sensorium,MEDIUM,Paralysis (brain hemorrhage),14
sunken_eyes dehydration diarrhoea,MEDIUM,Gastroenteritis,13
back_pain neck_pain dizziness loss_of_balance,MEDIUM,Cervical spondylosis,16
muscle_wasting patches_in_throat high_fever extra_marital_contacts,MEDIUM,AIDS,21
skin_rash pus_filled_pimples blackheads,LOW,Acne,7
weight_gain cold_hands_and_feets mood_swings lethargy dizziness puffy_face_and_eyes enlarged_thyroid brittle_nails swollen_extremeties depression irritability abnormal_menstruation,CRITICAL,Hypothyroidism,49
muscle_weakness stiff_neck swelling_joints movement_stiffness painful_walking,MEDIUM,Arthritis,18
skin_rash joint_pain skin_peeling silver_like_dusting small_dents_in_nails inflammatory_nails,MEDIUM,Psoriasis,15
fatigue mood_swings weight_loss restlessness sweating diarrhoea fast_heart_rate excessive_hunger muscle_weakness irritability abnormal_menstruation,CRITICAL,Hyperthyroidism,43
continuous_sneezing shivering chills watering_from_eyes,MEDIUM,Allergy,16
joint_pain vomiting fatigue high_fever yellowish_skin dark_urine nausea loss_of_appetite abdominal_pain yellowing_of_eyes acute_liver_failure coma stomach_bleeding,CRITICAL,Hepatitis E,62
skin_rash joint_pain skin_peeling silver_like_dusting small_dents_in_nails inflammatory_nails,MEDIUM,Psoriasis,15
constipation pain_during_bowel_movements pain_in_anal_region bloody_stool irritation_in_anus,HIGH,Dimorphic hemmorhoids(piles),26
headache chest_pain dizziness loss_of_balance lack_of_concentration,MEDIUM,Hypertension,21
chills vomiting fatigue high_fever headache nausea constipation abdominal_pain diarrhoea toxic_look_(typhos) belly_pain,CRITICAL,Typhoid,50
constipation pain_during_bowel_movements pain_in_anal_region bloody_stool irritation_in_anus,HIGH,Dimorphic hemmorhoids(piles),26
itching fatigue lethargy yellowish_skin dark_urine loss_of_appetite abdominal_pain yellow_urine yellowing_of_eyes malaise receiving_blood_transfusion receiving_unsterile_injections,CRITICAL,Hepatitis B,43
fatigue cramps bruising obesity swollen_legs swollen_blood_vessels,HIGH,Varicose veins,26
joint_pain neck_pain knee_pain hip_joint_pain swelling_joints painful_walking,MEDIUM,Osteoarthristis,20
acidity indigestion headache excessive_hunger stiff_neck depression irritability visual_disturbances,HIGH,Migraine,27
itching skin_rash nodal_skin_eruptions dischromic _patches,LOW,Fungal infection,8
headache chest_pain dizziness loss_of_balance lack_of_concentration,MEDIUM,Hypertension,21
fatigue mood_swings weight_loss restlessness sweating diarrhoea fast_heart_rate excessive_hunger muscle_weakness irritability abnormal_menstruation,CRITICAL,Hyperthyroidism,43
joint_pain vomiting fatigue yellowish_skin nausea loss_of_appetite abdominal_pain yellowing_of_eyes,HIGH,Hepatitis D,32
constipation pain_during_bowel_movements pain_in_anal_region bloody_stool irritation_in_anus,HIGH,Dimorphic hemmorhoids(piles),26
itching skin_rash stomach_pain burning_micturition spotting_ urination,MEDIUM,Drug Reaction,15
skin_rash blackheads scurring,LOW,Acne,7
muscle_weakness stiff_neck swelling_joints movement_stiffness painful_walking,MEDIUM,Arthritis,18
itching stomach_pain burning_micturition spotting_ urination,LOW,Drug Reaction,12
fatigue yellowish_skin nausea loss_of_appetite family_history,MEDIUM,Hepatitis C,21
constipation pain_during_bowel_movements pain_in_anal_region bloody_stool irritation_in_anus,HIGH,Dimorphic hemmorhoids(piles),26
chills fatigue high_fever breathlessness sweating malaise phlegm chest_pain fast_heart_rate rusty_sputum,CRITICAL,Pneumonia,48
itching vomiting yellowish_skin loss_of_appetite abdominal_pain yellowing_of_eyes,MEDIUM,Chronic cholestasis,21
itching skin_rash stomach_pain burning_micturition spotting_ urination,MEDIUM,Drug Reaction,15
fatigue cough high_fever breathlessness family_history mucoid_sputum,HIGH,Bronchial Asthma,28
vomiting breathlessness sweating chest_pain,MEDIUM,Heart attack,19
joint_pain vomiting fatigue high_fever yellowish_skin dark_urine nausea loss_of_appetite abdominal_pain yellowing_of_eyes acute_liver_failure coma stomach_bleeding,CRITICAL,Hepatitis E,62
joint_pain vomiting yellowish_skin dark_urine nausea loss_of_appetite abdominal_pain diarrhoea mild_fever yellowing_of_eyes muscle_pain,CRITICAL,hepatitis A,45
acidity indigestion headache blurred_and_distorted_vision excessive_hunger depression irritability visual_disturbances,HIGH,Migraine,28
itching vomiting yellowish_skin nausea loss_of_appetite abdominal_pain yellowing_of_eyes,HIGH,Chronic cholestasis,26
joint_pain skin_peeling silver_like_dusting small_dents_in_nails inflammatory_nails,LOW,Psoriasis,12
skin_rash chills vomiting fatigue high_fever headache nausea loss_of_appetite pain_behind_the_eyes back_pain malaise muscle_pain red_spots_over_body,CRITICAL,Dengue,52
continuous_sneezing shivering chills watering_from_eyes,MEDIUM,Allergy,16
acidity indigestion headache blurred_and_distorted_vision excessive_hunger stiff_neck depression irritability visual_disturbances,HIGH,Migraine,32
back_pain weakness_in_limbs neck_pain loss_of_balance,MEDIUM,Cervical spondylosis,19
vomiting headache nausea spinning_movements loss_of_balance unsteadiness,HIGH,(vertigo) Paroymsal  Positional Vertigo,27
muscle_wasting patches_in_throat high_fever,MEDIUM,AIDS,16
vomiting fatigue anxiety sweating headache nausea blurred_and_distorted_vision excessive_hunger drying_and_tingling_lips slurred_speech irritability palpitations,CRITICAL,Hypoglycemia,47
constipation pain_during_bowel_movements pain_in_anal_region bloody_stool irritation_in_anus,HIGH,Dimorphic hemmorhoids(piles),26
vomiting nausea spinning_movements loss_of_balance unsteadiness,MEDIUM,(vertigo) Paroymsal  Positional Vertigo,24
fatigue yellowish_skin nausea loss_of_appetite yellowing_of_eyes family_history,HIGH,Hepatitis C,25
itching skin_rash nodal_skin_eruptions dischromic _patches,LOW,Fungal infection,8
continuous_sneezing chills cough high_fever headache swelled_lymph_nodes malaise phlegm throat_irritation redness_of_eyes sinus_pressure runny_nose congestion chest_pain loss_of_smell muscle_pain,CRITICAL,Common Cold,73
itching vomiting yellowish_skin nausea loss_of_appetite abdominal_pain yellowing_of_eyes,HIGH,Chronic cholestasis,26
vomiting headache nausea spinning_movements loss_of_balance unsteadiness,HIGH,(vertigo) Paroymsal  Positional Vertigo,27
itching skin_rash fatigue lethargy high_fever headache loss_of_appetite mild_fever swelled_lymph_nodes malaise red_spots_over_body,CRITICAL,Chicken pox,44
itching vomiting fatigue weight_loss high_fever yellowish_skin dark_urine,HIGH,Jaundice,27
itching skin_rash fatigue high_fever headache loss_of_appetite mild_fever swelled_lymph_nodes malaise red_spots_over_body,CRITICAL,Chicken pox,42
fatigue weight_gain cold_hands_and_feets lethargy dizziness puffy_face_and_eyes enlarged_thyroid brittle_nails swollen_extremeties depression irritability abnormal_menstruation,CRITICAL,Hypothyroidism,50
joint_pain vomiting yellowish_skin dark_urine nausea loss_of_appetite abdominal_pain diarrhoea mild_fever yellowing_of_eyes muscle_pain,CRITICAL,hepatitis A,45
itching skin_rash fatigue lethargy high_fever loss_of_appetite mild_fever swelled_lymph_nodes malaise red_spots_over_body,CRITICAL,Chicken pox,41
muscle_wasting patches_in_throat high_fever extra_marital_contacts,MEDIUM,AIDS,21
itching vomiting fatigue weight_loss high_fever yellowish_skin dark_urine abdominal_pain,HIGH,Jaundice,31
itching vomiting yellowish_skin nausea loss_of_appetite abdominal_pain yellowing_of_eyes,HIGH,Chronic cholestasis,26
burning_micturition bladder_discomfort foul_smell_of urine continuous_feel_of_urine,MEDIUM,Urinary tract infection,16
itching vomiting fatigue weight_loss high_fever yellowish_skin dark_urine abdominal_pain,HIGH,Jaundice,31
itching skin_rash fatigue lethargy high_fever headache loss_of_appetite mild_fever swelled_lymph_nodes malaise red_spots_over_body,CRITICAL,Chicken pox,44
chills vomiting fatigue high_fever headache nausea constipation abdominal_pain diarrhoea toxic_look_(typhos),CRITICAL,Typhoid,46
chills fatigue cough high_fever breathlessness sweating phlegm chest_pain fast_heart_rate rusty_sputum,CRITICAL,Pneumonia,46
chills vomiting fatigue high_fever headache nausea abdominal_pain diarrhoea toxic_look_(typhos) belly_pain,CRITICAL,Typhoid,46
continuous_sneezing chills fatigue cough high_fever headache swelled_lymph_nodes malaise phlegm throat_irritation redness_of_eyes sinus_pressure runny_nose congestion chest_pain loss_of_smell muscle_pain,CRITICAL,Common Cold,77
burning_micturition bladder_discomfort continuous_feel_of_urine,MEDIUM,Urinary tract infection,16
vomiting headache nausea spinning_movements loss_of_balance unsteadiness,HIGH,(vertigo) Paroymsal  Positional Vertigo,27
vomiting nausea spinning_movements loss_of_balance unsteadiness,MEDIUM,(vertigo) Paroymsal  Positional Vertigo,24
itching skin_rash stomach_pain burning_micturition spotting_ urination,MEDIUM,Drug Reaction,15
itching vomiting fatigue weight_loss high_fever yellowish_skin dark_urine abdominal_pain,HIGH,Jaundice,31
skin_rash joint_pain skin_peeling silver_like_dusting small_dents_in_nails inflammatory_nails,MEDIUM,Psoriasis,15
chills vomiting high_fever sweating headache nausea diarrhoea muscle_pain,HIGH,Malaria,34
chills vomiting high_fever sweating headache nausea diarrhoea muscle_pain,HIGH,Malaria,34
vomiting fatigue weight_loss cough high_fever breathlessness sweating loss_of_appetite mild_fever yellowing_of_eyes swelled_lymph_nodes malaise phlegm chest_pain blood_in_sputum,CRITICAL,Tuberculosis,72
itching vomiting yellowish_skin nausea loss_of_appetite abdominal_pain yellowing_of_eyes,HIGH,Chronic cholestasis,26
itching vomiting yellowish_skin nausea loss_of_appetite abdominal_pain yellowing_of_eyes,HIGH,Chronic cholestasis,26
vomiting sunken_eyes dehydration diarrhoea,MEDIUM,Gastroenteritis,18
headache chest_pain dizziness loss_of_balance lack_of_concentration,MEDIUM,Hypertension,21
skin_rash joint_pain skin_peeling silver_like_dusting small_dents_in_nails inflammatory_nails,MEDIUM,Psoriasis,15
skin_rash high_fever blister yellow_crust_ooze,MEDIUM,Impetigo,17
skin_rash joint_pain skin_peeling silver_like_dusting inflammatory_nails,MEDIUM,Psoriasis,13
fatigue weight_gain cold_hands_and_feets mood_swings lethargy dizziness puffy_face_and_eyes enlarged_thyroid brittle_nails swollen_extremeties depression irritability abnormal_menstruation,CRITICAL,Hypothyroidism,53
acidity indigestion headache blurred_and_distorted_vision stiff_neck depression irritability visual_disturbances,HIGH,Migraine,28
mood_swings weight_loss restlessness sweating diarrhoea fast_heart_rate excessive_hunger muscle_weakness irritability abnormal_menstruation,HIGH,Hyperthyroidism,39
skin_rash pus_filled_pimples blackheads scurring,LOW,Acne,9
skin_rash high_fever blister red_sore_around_nose yellow_crust_ooze,MEDIUM,Impetigo,19
chills vomiting fatigue high_fever nausea constipation abdominal_pain diarrhoea toxic_look_(typhos) belly_pain,CRITICAL,Typhoid,47
itching lethargy yellowish_skin dark_urine loss_of_appetite abdominal_pain yellow_urine yellowing_of_eyes malaise receiving_blood_transfusion receiving_unsterile_injections,HIGH,Hepatitis B,39
skin_rash chills joint_pain vomiting fatigue high_fever headache nausea loss_of_appetite pain_behind_the_eyes back_pain malaise red_spots_over_body,CRITICAL,Dengue,53
continuous_sneezing chills watering_from_eyes,LOW,Allergy,11
joint_pain neck_pain knee_pain hip_joint_pain swelling_joints painful_walking,MEDIUM,Osteoarthristis,20
burning_micturition bladder_discomfort continuous_feel_of_urine,MEDIUM,Urinary tract infection,16
vomiting sunken_eyes dehydration diarrhoea,MEDIUM,Gastroenteritis,18
fatigue mood_swings weight_loss restlessness sweating diarrhoea fast_heart_rate excessive_hunger muscle_weakness irritability abnormal_menstruation,CRITICAL,Hyperthyroidism,43
vomiting breathlessness sweating chest_pain,MEDIUM,Heart attack,19
continuous_sneezing shivering chills watering_from_eyes,MEDIUM,Allergy,16
skin_rash blister red_sore_around_nose yellow_crust_ooze,LOW,Impetigo,12
vomiting nausea spinning_movements loss_of_balance unsteadiness,MEDIUM,(vertigo) Paroymsal  Positional Vertigo,24
continuous_sneezing shivering chills watering_from_eyes,MEDIUM,Allergy,16
joint_pain neck_pain knee_pain hip_joint_pain swelling_joints painful_walking,MEDIUM,Osteoarthristis,20
headache chest_pain dizziness loss_of_balance lack_of_concentration,MEDIUM,Hypertension,21
joint_pain vomiting fatigue yellowish_skin dark_urine nausea loss_of_appetite abdominal_pain yellowing_of_eyes,HIGH,Hepatitis D,36
constipation pain_during_bowel_movements pain_in_anal_region bloody_stool irritation_in_anus,HIGH,Dimorphic hemmorhoids(piles),26
skin_rash pus_filled_pimples scurring,LOW,Acne,7
vomiting indigestion loss_of_appetite abdominal_pain passage_of_gases internal_itching,HIGH,Peptic ulcer diseae,27
fatigue yellowish_skin nausea loss_of_appetite yellowing_of_eyes family_history,HIGH,Hepatitis C,25
skin_rash chills joint_pain vomiting fatigue high_fever headache nausea loss_of_appetite pain_behind_the_eyes back_pain malaise muscle_pain red_spots_over_body,CRITICAL,Dengue,55
chills vomiting high_fever sweating headache nausea diarrhoea muscle_pain,HIGH,Malaria,34
fatigue cramps bruising obesity swollen_legs swollen_blood_vessels prominent_veins_on_calf,HIGH,Varicose veins,32
vomiting sunken_eyes dehydration diarrhoea,MEDIUM,Gastroenteritis,18
vomiting fatigue yellowish_skin dark_urine nausea loss_of_appetite abdominal_pain yellowing_of_eyes,HIGH,Hepatitis D,33
chills vomiting fatigue weight_loss cough high_fever breathlessness sweating loss_of_appetite mild_fever yellowing_of_eyes swelled_lymph_nodes malaise phlegm chest_pain blood_in_sputum,CRITICAL,Tuberculosis,75
continuous_sneezing chills fatigue cough high_fever headache swelled_lymph_nodes malaise phlegm throat_irritation redness_of_eyes sinus_pressure runny_nose congestion chest_pain loss_of_smell muscle_pain,CRITICAL,Common Cold,77
itching vomiting fatigue weight_loss high_fever yellowish_skin abdominal_pain,HIGH,Jaundice,27
headache chest_pain dizziness loss_of_balance lack_of_concentration,MEDIUM,Hypertension,21
continuous_sneezing shivering chills watering_from_eyes,MEDIUM,Allergy,16
continuous_sneezing chills fatigue cough headache swelled_lymph_nodes malaise phlegm throat_irritation redness_of_eyes sinus_pressure runny_nose congestion chest_pain loss_of_smell muscle_pain,CRITICAL,Common Cold,70
vomiting headache weakness_of_one_body_side altered_sensorium,MEDIUM,Paralysis (brain hemorrhage),14
vomiting breathlessness chest_pain,MEDIUM,Heart attack,16
continuous_sneezing shivering chills watering_from_eyes,MEDIUM,Allergy,16
itching vomiting yellowish_skin nausea loss_of_appetite abdominal_pain yellowing_of_eyes,HIGH,Chronic cholestasis,26
skin_rash chills joint_pain vomiting fatigue high_fever headache nausea loss_of_appetite pain_behind_the_eyes back_pain malaise muscle_pain red_spots_over_body,CRITICAL,Dengue,55
fatigue cramps bruising obesity swollen_legs swollen_blood_vessels prominent_veins_on_calf,HIGH,Varicose veins,32
joint_pain neck_pain knee_pain hip_joint_pain swelling_joints painful_walking,MEDIUM,Osteoarthristis,20
vomiting sunken_eyes dehydration diarrhoea,MEDIUM,Gastroenteritis,18
itching nodal_skin_eruptions dischromic _patches,LOW,Fungal infection,5
skin_rash joint_pain skin_peeling silver_like_dusting small_dents_in_nails inflammatory_nails,MEDIUM,Psoriasis,15
chills fatigue cough high_fever breathlessness sweating malaise phlegm chest_pain fast_heart_rate rusty_sputum,CRITICAL,Pneumonia,52
muscle_weakness stiff_neck swelling_joints movement_stiffness painful_walking,MEDIUM,Arthritis,18
burning_micturition bladder_discomfort continuous_feel_of_urine,MEDIUM,Urinary tract infection,16
vomiting breathlessness sweating chest_pain,MEDIUM,Heart attack,19
joint_pain neck_pain knee_pain hip_joint_pain swelling_joints painful_walking,MEDIUM,Osteoarthristis,20
skin_rash chills joint_pain fatigue high_fever headache nausea loss_of_appetite pain_behind_the_eyes back_pain malaise muscle_pain red_spots_over_body,CRITICAL,Dengue,50
skin_rash pus_filled_pimples blackheads scurring,LOW,Acne,9
joint_pain vomiting yellowish_skin dark_urine nausea loss_of_appetite abdominal_pain diarrhoea mild_fever yellowing_of_eyes muscle_pain,CRITICAL,hepatitis A,45
burning_micturition bladder_discomfort foul_smell_of urine continuous_feel_of_urine,MEDIUM,Urinary tract infection,16
chills vomiting fatigue weight_loss cough high_fever breathlessness sweating loss_of_appetite mild_fever yellowing_of_eyes swelled_lymph_nodes malaise phlegm chest_pain blood_in_sputum,CRITICAL,Tuberculosis,75
fatigue mood_swings weight_loss restlessness sweating diarrhoea excessive_hunger muscle_weakness irritability abnormal_menstruation,HIGH,Hyperthyroidism,38
continuous_sneezing chills fatigue cough high_fever headache swelled_lymph_nodes malaise phlegm throat_irritation redness_of_eyes sinus_pressure runny_nose congestion chest_pain loss_of_smell muscle_pain,CRITICAL,Common Cold,77
vomiting dehydration diarrhoea,MEDIUM,Gastroenteritis,15
continuous_sneezing shivering chills watering_from_eyes,MEDIUM,Allergy,16
itching skin_rash stomach_pain spotting_ urination,LOW,Drug Reaction,9
joint_pain vomiting yellowish_skin dark_urine nausea loss_of_appetite abdominal_pain diarrhoea mild_fever yellowing_of_eyes muscle_pain,CRITICAL,hepatitis A,45
back_pain weakness_in_limbs neck_pain dizziness loss_of_balance,MEDIUM,Cervical spondylosis,23
itching vomiting yellowish_skin nausea loss_of_appetite abdominal_pain yellowing_of_eyes,HIGH,Chronic cholestasis,26
itching skin_rash nodal_skin_eruptions dischromic _patches,LOW,Fungal infection,8
skin_rash joint_pain skin_peeling silver_like_dusting small_dents_in_nails inflammatory_nails,MEDIUM,Psoriasis,15
continuous_sneezing shivering chills watering_from_eyes,MEDIUM,Allergy,16
weight_gain cold_hands_and_feets mood_swings lethargy dizziness puffy_face_and_eyes enlarged_thyroid brittle_nails swollen_extremeties depression irritability abnormal_menstruation,CRITICAL,Hypothyroidism,49
chills vomiting high_fever sweating headache nausea diarrhoea muscle_pain,HIGH,Malaria,34
vomiting anxiety sweating headache nausea blurred_and_distorted_vision excessive_hunger drying_and_tingling_lips slurred_speech irritability palpitations,CRITICAL,Hypoglycemia,43
chills vomiting high_fever sweating headache nausea diarrhoea muscle_pain,HIGH,Malaria,34
muscle_weakness stiff_neck swelling_joints movement_stiffness painful_walking,MEDIUM,Arthritis,18
fatigue yellowish_skin nausea loss_of_appetite yellowing_of_eyes family_history,HIGH,Hepatitis C,25
joint_pain vomiting fatigue yellowish_skin dark_urine nausea loss_of_appetite abdominal_pain yellowing_of_eyes,HIGH,Hepatitis D,36
headache dizziness loss_of_balance lack_of_concentration,MEDIUM,Hypertension,14
continuous_sneezing chills fatigue cough high_fever headache swelled_lymph_nodes malaise phlegm throat_irritation redness_of_eyes sinus_pressure runny_nose congestion chest_pain loss_of_smell muscle_pain,CRITICAL,Common Cold,77
vomiting yellowish_skin abdominal_pain swelling_of_stomach distention_of_abdomen history_of_alcohol_consumption fluid_overload,HIGH,Alcoholic hepatitis,32
itching skin_rash lethargy high_fever headache loss_of_appetite mild_fever swelled_lymph_nodes malaise red_spots_over_body,CRITICAL,Chicken pox,40
joint_pain vomiting fatigue yellowish_skin dark_urine nausea loss_of_appetite abdominal_pain yellowing_of_eyes,HIGH,Hepatitis D,36
chills vomiting high_fever headache nausea diarrhoea muscle_pain,HIGH,Malaria,31
skin_rash pus_filled_pimples blackheads scurring,LOW,Acne,9
constipation pain_during_bowel_movements pain_in_anal_region bloody_stool irritation_in_anus,HIGH,Dimorphic hemmorhoids(piles),26
constipation pain_in_anal_region bloody_stool irritation_in_anus,MEDIUM,Dimorphic hemmorhoids(piles),21
chills vomiting fatigue high_fever headache nausea constipation abdominal_pain diarrhoea toxic_look_(typhos) belly_pain,CRITICAL,Typhoid,50
fatigue anxiety sweating headache nausea blurred_and_distorted_vision excessive_hunger drying_and_tingling_lips slurred_speech irritability palpitations,CRITICAL,Hypoglycemia,42
muscle_weakness stiff_neck swelling_joints movement_stiffness painful_walking,MEDIUM,Arthritis,18
continuous_sneezing shivering chills watering_from_eyes,MEDIUM,Allergy,16
vomiting fatigue anxiety sweating headache nausea blurred_and_distorted_vision excessive_hunger drying_and_tingling_lips slurred_speech irritability palpitations,CRITICAL,Hypoglycemia,47
fatigue weight_gain cold_hands_and_feets mood_swings lethargy dizziness puffy_face_and_eyes enlarged_thyroid brittle_nails swollen_extremeties depression irritability abnormal_menstruation,CRITICAL,Hypothyroidism,53
stomach_pain acidity ulcers_on_tongue vomiting chest_pain,MEDIUM,GERD,24
vomiting yellowish_skin abdominal_pain swelling_of_stomach distention_of_abdomen history_of_alcohol_consumption fluid_overload,HIGH,Alcoholic hepatitis,32
continuous_sneezing chills fatigue cough high_fever headache swelled_lymph_nodes malaise phlegm throat_irritation redness_of_eyes sinus_pressure runny_nose congestion chest_pain loss_of_smell muscle_pain,CRITICAL,Common Cold,77
itching yellowish_skin nausea loss_of_appetite abdominal_pain yellowing_of_eyes,MEDIUM,Chronic cholestasis,21
chills vomiting fatigue weight_loss cough high_fever breathlessness sweating loss_of_appetite mild_fever yellowing_of_eyes swelled_lymph_nodes malaise phlegm chest_pain blood_in_sputum,CRITICAL,Tuberculosis,75
itching skin_rash nodal_skin_eruptions dischromic _patches,LOW,Fungal infection,8
back_pain weakness_in_limbs neck_pain dizziness loss_of_balance,MEDIUM,Cervical spondylosis,23
fatigue mood_swings weight_loss restlessness sweating diarrhoea excessive_hunger muscle_weakness irritability abnormal_menstruation,HIGH,Hyperthyroidism,38
fatigue cramps bruising obesity swollen_legs swollen_blood_vessels prominent_veins_on_calf,HIGH,Varicose veins,32
itching skin_rash stomach_pain burning_micturition spotting_ urination,MEDIUM,Drug Reaction,15
skin_rash chills joint_pain vomiting fatigue high_fever headache nausea loss_of_appetite pain_behind_the_eyes back_pain malaise muscle_pain red_spots_over_body,CRITICAL,Dengue,55
fatigue weight_gain cold_hands_and_feets mood_swings lethargy dizziness puffy_face_and_eyes enlarged_thyroid brittle_nails swollen_extremeties depression irritability abnormal_menstruation,CRITICAL,Hypothyroidism,53
fatigue yellowish_skin nausea loss_of_appetite yellowing_of_eyes family_history,HIGH,Hepatitis C,25
fatigue yellowish_skin nausea loss_of_appetite yellowing_of_eyes family_history,HIGH,Hepatitis C,25
fatigue weight_loss restlessness irregular_sugar_level blurred_and_distorted_vision obesity excessive_hunger increased_appetite polyuria,HIGH,Diabetes,39
continuous_sneezing chills fatigue cough high_fever swelled_lymph_nodes malaise phlegm throat_irritation redness_of_eyes sinus_pressure runny_nose congestion chest_pain loss_of_smell muscle_pain,CRITICAL,Common Cold,74
back_pain weakness_in_limbs dizziness loss_of_balance,MEDIUM,Cervical spondylosis,18
muscle_weakness stiff_neck swelling_joints movement_stiffness painful_walking,MEDIUM,Arthritis,18
fatigue yellowish_skin nausea loss_of_appetite yellowing_of_eyes family_history,HIGH,Hepatitis C,25
joint_pain vomiting fatigue high_fever yellowish_skin dark_urine nausea loss_of_appetite abdominal_pain yellowing_of_eyes acute_liver_failure coma stomach_bleeding,CRITICAL,Hepatitis E,62
vomiting headache weakness_of_one_body_side altered_sensorium,MEDIUM,Paralysis (brain hemorrhage),14
skin_rash high_fever blister red_sore_around_nose,MEDIUM,Impetigo,16
joint_pain fatigue yellowish_skin dark_urine nausea loss_of_appetite abdominal_pain yellowing_of_eyes,HIGH,Hepatitis D,31
itching stomach_pain burning_micturition spotting_ urination,LOW,Drug Reaction,12
itching skin_rash stomach_pain burning_micturition spotting_ urination,MEDIUM,Drug Reaction,15
fatigue weight_loss restlessness lethargy irregular_sugar_level blurred_and_distorted_vision obesity excessive_hunger increased_appetite polyuria,CRITICAL,Diabetes,41
joint_pain vomiting fatigue high_fever yellowish_skin dark_urine nausea loss_of_appetite abdominal_pain yellowing_of_eyes acute_liver_failure coma stomach_bleeding,CRITICAL,Hepatitis E,62
sunken_eyes dehydration diarrhoea,MEDIUM,Gastroenteritis,13
chills vomiting fatigue high_fever headache nausea constipation abdominal_pain diarrhoea toxic_look_(typhos) belly_pain,CRITICAL,Typhoid,50
chills fatigue cough high_fever sweating malaise phlegm chest_pain fast_heart_rate rusty_sputum,CRITICAL,Pneumonia,48
vomiting sweating chest_pain,MEDIUM,Heart attack,15
cough high_fever breathlessness family_history mucoid_sputum,MEDIUM,Bronchial Asthma,24
sunken_eyes dehydration diarrhoea,MEDIUM,Gastroenteritis,13
continuous_sneezing chills fatigue cough high_fever headache swelled_lymph_nodes malaise phlegm throat_irritation redness_of_eyes sinus_pressure runny_nose congestion chest_pain loss_of_smell muscle_pain,CRITICAL,Common Cold,77
back_pain weakness_in_limbs neck_pain dizziness loss_of_balance,MEDIUM,Cervical spondylosis,23
vomiting yellowish_skin abdominal_pain distention_of_abdomen history_of_alcohol_consumption fluid_overload,HIGH,Alcoholic hepatitis,25
stomach_pain acidity ulcers_on_tongue vomiting cough chest_pain,HIGH,GERD,28
fatigue weight_gain cold_hands_and_feets lethargy dizziness puffy_face_and_eyes enlarged_thyroid brittle_nails swollen_extremeties depression irritability abnormal_menstruation,CRITICAL,Hypothyroidism,50
muscle_wasting patches_in_throat high_fever extra_marital_contacts,MEDIUM,AIDS,21
vomiting yellowish_skin abdominal_pain swelling_of_stomach distention_of_abdomen history_of_alcohol_consumption fluid_overload,HIGH,Alcoholic hepatitis,32
acidity indigestion headache blurred_and_distorted_vision excessive_hunger stiff_neck depression irritability,HIGH,Migraine,29
chills vomiting fatigue high_fever headache nausea constipation abdominal_pain diarrhoea toxic_look_(typhos) belly_pain,CRITICAL,Typhoid,50
muscle_weakness stiff_neck swelling_joints movement_stiffness painful_walking,MEDIUM,Arthritis,18
joint_pain vomiting yellowish_skin dark_urine nausea loss_of_appetite abdominal_pain diarrhoea mild_fever yellowing_of_eyes muscle_pain,CRITICAL,hepatitis A,45
chills vomiting high_fever sweating headache nausea diarrhoea muscle_pain,HIGH,Malaria,34
chills fatigue cough high_fever breathlessness sweating malaise phlegm chest_pain fast_heart_rate rusty_sputum,CRITICAL,Pneumonia,52
chills vomiting fatigue weight_loss high_fever breathlessness sweating loss_of_appetite mild_fever yellowing_of_eyes swelled_lymph_nodes malaise phlegm chest_pain blood_in_sputum,CRITICAL,Tuberculosis,71
stomach_pain acidity ulcers_on_tongue vomiting cough chest_pain,HIGH,GERD,28
joint_pain vomiting fatigue high_fever yellowish_skin dark_urine nausea loss_of_appetite abdominal_pain yellowing_of_eyes acute_liver_failure coma stomach_bleeding,CRITICAL,Hepatitis E,62
skin_rash blister red_sore_around_nose yellow_crust_ooze,LOW,Impetigo,12
skin_rash joint_pain skin_peeling silver_like_dusting inflammatory_nails,MEDIUM,Psoriasis,13
headache chest_pain dizziness loss_of_balance lack_of_concentration,MEDIUM,Hypertension,21
skin_rash pus_filled_pimples blackheads scurring,LOW,Acne,9
skin_rash chills joint_pain vomiting fatigue high_fever headache nausea loss_of_appetite pain_behind_the_eyes back_pain muscle_pain red_spots_over_body,CRITICAL,Dengue,49
burning_micturition foul_smell_of urine continuous_feel_of_urine,LOW,Urinary tract infection,12
fatigue cramps bruising obesity swollen_legs swollen_blood_vessels,HIGH,Varicose veins,26
chills fatigue cough high_fever breathlessness sweating malaise phlegm chest_pain fast_heart_rate rusty_sputum,CRITICAL,Pneumonia,52
vomiting breathlessness sweating chest_pain,MEDIUM,Heart attack,19
itching skin_rash fatigue lethargy headache loss_of_appetite mild_fever swelled_lymph_nodes malaise red_spots_over_body,HIGH,Chicken pox,37
weight_gain cold_hands_and_feets mood_swings lethargy dizziness puffy_face_and_eyes enlarged_thyroid brittle_nails swollen_extremeties depression irritability abnormal_menstruation,CRITICAL,Hypothyroidism,49
burning_micturition bladder_discomfort foul_smell_of urine continuous_feel_of_urine,MEDIUM,Urinary tract infection,16
skin_rash chills joint_pain vomiting fatigue high_fever headache nausea loss_of_appetite pain_behind_the_eyes back_pain malaise muscle_pain red_spots_over_body,CRITICAL,Dengue,55
chills vomiting fatigue cough high_fever breathlessness sweating loss_of_appetite mild_fever yellowing_of_eyes swelled_lymph_nodes malaise phlegm chest_pain blood_in_sputum,CRITICAL,Tuberculosis,72
skin_rash pus_filled_pimples blackheads scurring,LOW,Acne,9
joint_pain neck_pain knee_pain hip_joint_pain painful_walking,MEDIUM,Osteoarthristis,15
fatigue weight_gain cold_hands_and_feets mood_swings lethargy dizziness puffy_face_and_eyes enlarged_thyroid brittle_nails swollen_extremeties depression irritability abnormal_menstruation,CRITICAL,Hypothyroidism,53
joint_pain vomiting yellowish_skin dark_urine nausea loss_of_appetite abdominal_pain diarrhoea mild_fever yellowing_of_eyes muscle_pain,CRITICAL,hepatitis A,45
itching skin_rash fatigue lethargy high_fever headache loss_of_appetite mild_fever swelled_lymph_nodes malaise red_spots_over_body,CRITICAL,Chicken pox,44
joint_pain vomiting fatigue high_fever yellowish_skin dark_urine nausea loss_of_appetite abdominal_pain yellowing_of_eyes acute_liver_failure coma stomach_bleeding,CRITICAL,Hepatitis E,62
joint_pain vomiting fatigue high_fever yellowish_skin nausea loss_of_appetite abdominal_pain yellowing_of_eyes acute_liver_failure coma stomach_bleeding,CRITICAL,Hepatitis E,58
fatigue cramps bruising obesity swollen_legs prominent_veins_on_calf,HIGH,Varicose veins,27
weight_loss restlessness lethargy irregular_sugar_level blurred_and_distorted_vision obesity excessive_hunger increased_appetite polyuria,HIGH,Diabetes,37
vomiting fatigue anxiety sweating headache nausea blurred_and_distorted_vision excessive_hunger drying_and_tingling_lips slurred_speech irritability palpitations,CRITICAL,Hypoglycemia,47
itching skin_rash nodal_skin_eruptions dischromic _patches,LOW,Fungal infection,8
itching skin_rash stomach_pain spotting_ urination,LOW,Drug Reaction,9
chills fatigue cough high_fever breathlessness sweating malaise phlegm chest_pain fast_heart_rate rusty_sputum,CRITICAL,Pneumonia,52
joint_pain vomiting yellowish_skin dark_urine nausea loss_of_appetite abdominal_pain diarrhoea mild_fever yellowing_of_eyes muscle_pain,CRITICAL,hepatitis A,45
vomiting fatigue anxiety sweating nausea blurred_and_distorted_vision excessive_hunger drying_and_tingling_lips slurred_speech irritability palpitations,CRITICAL,Hypoglycemia,44
muscle_wasting patches_in_throat high_fever extra_marital_contacts,MEDIUM,AIDS,21
fatigue yellowish_skin nausea loss_of_appetite yellowing_of_eyes family_history,HIGH,Hepatitis C,25
continuous_sneezing shivering chills watering_from_eyes,MEDIUM,Allergy,16
skin_rash pus_filled_pimples blackheads scurring,LOW,Acne,9
continuous_sneezing shivering chills watering_from_eyes,MEDIUM,Allergy,16
constipation pain_during_bowel_movements pain_in_anal_region bloody_stool irritation_in_anus,HIGH,Dimorphic hemmorhoids(piles),26
joint_pain vomiting fatigue yellowish_skin dark_urine nausea loss_of_appetite abdominal_pain yellowing_of_eyes,HIGH,Hepatitis D,36
headache chest_pain dizziness loss_of_balance lack_of_concentration,MEDIUM,Hypertension,21
chills vomiting fatigue high_fever headache nausea constipation abdominal_pain diarrhoea toxic_look_(typhos) belly_pain,CRITICAL,Typhoid,50
vomiting sunken_eyes diarrhoea,MEDIUM,Gastroenteritis,14
itching vomiting fatigue weight_loss high_fever yellowish_skin dark_urine abdominal_pain,HIGH,Jaundice,31
vomiting breathlessness sweating chest_pain,MEDIUM,Heart attack,19
weakness_in_limbs neck_pain dizziness loss_of_balance,MEDIUM,Cervical spondylosis,20
burning_micturition bladder_discomfort foul_smell_of urine continuous_feel_of_urine,MEDIUM,Urinary tract infection,16
vomiting headache nausea spinning_movements loss_of_balance unsteadiness,HIGH,(vertigo) Paroymsal  Positional Vertigo,27
fatigue weight_loss restlessness lethargy irregular_sugar_level blurred_and_distorted_vision obesity excessive_hunger increased_appetite polyuria,CRITICAL,Diabetes,41
fatigue cramps bruising swollen_legs swollen_blood_vessels prominent_veins_on_calf,HIGH,Varicose veins,28
skin_rash joint_pain skin_peeling silver_like_dusting small_dents_in_nails inflammatory_nails,MEDIUM,Psoriasis,15
muscle_weakness stiff_neck swelling_joints movement_stiffness painful_walking,MEDIUM,Arthritis,18
joint_pain vomiting fatigue yellowish_skin nausea loss_of_appetite abdominal_pain yellowing_of_eyes,HIGH,Hepatitis D,32
muscle_weakness swelling_joints movement_stiffness painful_walking,MEDIUM,Arthritis,14
fatigue cramps obesity swollen_legs swollen_blood_vessels prominent_veins_on_calf,HIGH,Varicose veins,28
vomiting sunken_eyes dehydration diarrhoea,MEDIUM,Gastroenteritis,18
headache chest_pain dizziness loss_of_balance lack_of_concentration,MEDIUM,Hypertension,21
chills vomiting high_fever sweating nausea diarrhoea muscle_pain,HIGH,Malaria,31
acidity indigestion headache excessive_hunger stiff_neck depression irritability visual_disturbances,HIGH,Migraine,27
itching fatigue lethargy yellowish_skin dark_urine loss_of_appetite abdominal_pain yellow_urine yellowing_of_eyes malaise receiving_blood_transfusion receiving_unsterile_injections,CRITICAL,Hepatitis B,43
fatigue weight_gain cold_hands_and_feets mood_swings lethargy dizziness puffy_face_and_eyes enlarged_thyroid brittle_nails swollen_extremeties depression irritability abnormal_menstruation,CRITICAL,Hypothyroidism,53
skin_rash fatigue lethargy high_fever headache loss_of_appetite mild_fever swelled_lymph_nodes malaise red_spots_over_body,CRITICAL,Chicken pox,43
continuous_sneezing fatigue cough high_fever headache swelled_lymph_nodes malaise phlegm throat_irritation redness_of_eyes sinus_pressure runny_nose congestion chest_pain loss_of_smell muscle_pain,CRITICAL,Common Cold,74
joint_pain vomiting yellowish_skin dark_urine nausea loss_of_appetite abdominal_pain diarrhoea mild_fever yellowing_of_eyes muscle_pain,CRITICAL,hepatitis A,45
back_pain weakness_in_limbs neck_pain dizziness loss_of_balance,MEDIUM,Cervical spondylosis,23
vomiting fatigue sweating headache nausea blurred_and_distorted_vision excessive_hunger drying_and_tingling_lips slurred_speech irritability palpitations,CRITICAL,Hypoglycemia,43
vomiting sunken_eyes dehydration,LOW,Gastroenteritis,12
continuous_sneezing shivering chills watering_from_eyes,MEDIUM,Allergy,16
constipation pain_during_bowel_movements pain_in_anal_region irritation_in_anus,MEDIUM,Dimorphic hemmorhoids(piles),21
pain_during_bowel_movements pain_in_anal_region bloody_stool irritation_in_anus,MEDIUM,Dimorphic hemmorhoids(piles),22
fatigue mood_swings weight_loss restlessness sweating diarrhoea fast_heart_rate excessive_hunger muscle_weakness irritability abnormal_menstruation,CRITICAL,Hyperthyroidism,43
chills vomiting fatigue high_fever headache constipation abdominal_pain diarrhoea toxic_look_(typhos) belly_pain,CRITICAL,Typhoid,45
continuous_sneezing chills fatigue cough high_fever headache swelled_lymph_nodes malaise phlegm throat_irritation redness_of_eyes sinus_pressure runny_nose congestion chest_pain loss_of_smell muscle_pain,CRITICAL,Common Cold,77
indigestion headache blurred_and_distorted_vision excessive_hunger stiff_neck depression irritability visual_disturbances,HIGH,Migraine,29
joint_pain neck_pain knee_pain swelling_joints painful_walking,MEDIUM,Osteoarthristis,18
chills vomiting high_fever sweating headache nausea diarrhoea muscle_pain,HIGH,Malaria,34
cough high_fever breathlessness family_history mucoid_sputum,MEDIUM,Bronchial Asthma,24
constipation pain_during_bowel_movements pain_in_anal_region bloody_stool irritation_in_anus,HIGH,Dimorphic hemmorhoids(piles),26
itching skin_rash fatigue high_fever headache loss_of_appetite mild_fever swelled_lymph_nodes malaise red_spots_over_body,CRITICAL,Chicken pox,42
itching fatigue lethargy yellowish_skin dark_urine loss_of_appetite abdominal_pain yellow_urine yellowing_of_eyes malaise receiving_blood_transfusion receiving_unsterile_injections,CRITICAL,Hepatitis B,43
skin_rash high_fever blister red_sore_around_nose yellow_crust_ooze,MEDIUM,Impetigo,19
vomiting indigestion loss_of_appetite abdominal_pain passage_of_gases internal_itching,HIGH,Peptic ulcer diseae,27
constipation pain_during_bowel_movements pain_in_anal_region bloody_stool irritation_in_anus,HIGH,Dimorphic hemmorhoids(piles),26
chills vomiting high_fever headache nausea diarrhoea muscle_pain,HIGH,Malaria,31
skin_rash pus_filled_pimples scurring,LOW,Acne,7
back_pain weakness_in_limbs neck_pain dizziness loss_of_balance,MEDIUM,Cervical spondylosis,23
chills vomiting fatigue weight_loss cough high_fever breathlessness sweating loss_of_appetite mild_fever yellowing_of_eyes swelled_lymph_nodes malaise phlegm chest_pain blood_in_sputum,CRITICAL,Tuberculosis,75
skin_rash high_fever blister yellow_crust_ooze,MEDIUM,Impetigo,17
vomiting indigestion loss_of_appetite abdominal_pain passage_of_gases internal_itching,HIGH,Peptic ulcer diseae,27
fatigue mood_swings weight_loss restlessness diarrhoea fast_heart_rate excessive_hunger muscle_weakness irritability abnormal_menstruation,CRITICAL,Hyperthyroidism,40
fatigue weight_gain cold_hands_and_feets mood_swings lethargy dizziness puffy_face_and_eyes enlarged_thyroid brittle_nails swollen_extremeties depression irritability abnormal_menstruation,CRITICAL,Hypothyroidism,53
joint_pain vomiting fatigue yellowish_skin dark_urine nausea loss_of_appetite abdominal_pain yellowing_of_eyes acute_liver_failure coma stomach_bleeding,CRITICAL,Hepatitis E,55
vomiting headache weakness_of_one_body_side altered_sensorium,MEDIUM,Paralysis (brain hemorrhage),14
chills vomiting fatigue weight_loss cough high_fever sweating loss_of_appetite mild_fever yellowing_of_eyes swelled_lymph_nodes malaise phlegm chest_pain blood_in_sputum,CRITICAL,Tuberculosis,71
stomach_pain acidity ulcers_on_tongue vomiting cough chest_pain,HIGH,GERD,28
vomiting headache nausea spinning_movements loss_of_balance unsteadiness,HIGH,(vertigo) Paroymsal  Positional Vertigo,27
vomiting headache nausea spinning_movements loss_of_balance unsteadiness,HIGH,(vertigo) Paroymsal  Positional Vertigo,27
vomiting headache weakness_of_one_body_side altered_sensorium,MEDIUM,Paralysis (brain hemorrhage),14
itching vomiting fatigue weight_loss high_fever yellowish_skin dark_urine,HIGH,Jaundice,27
vomiting sunken_eyes dehydration diarrhoea,MEDIUM,Gastroenteritis,18
chills vomiting high_fever sweating headache nausea diarrhoea muscle_pain,HIGH,Malaria,34
skin_rash joint_pain silver_like_dusting small_dents_in_nails inflammatory_nails,LOW,Psoriasis,12
stomach_pain acidity ulcers_on_tongue cough chest_pain,MEDIUM,GERD,23
fatigue cramps bruising obesity swollen_legs prominent_veins_on_calf,HIGH,Varicose veins,27
stiff_neck swelling_joints movement_stiffness painful_walking,MEDIUM,Arthritis,16
skin_rash pus_filled_pimples blackheads scurring,LOW,Acne,9
acidity indigestion headache blurred_and_distorted_vision excessive_hunger stiff_neck depression irritability visual_disturbances,HIGH,Migraine,32
vomiting headache nausea spinning_movements loss_of_balance unsteadiness,HIGH,(vertigo) Paroymsal  Positional Vertigo,27
joint_pain vomiting yellowish_skin dark_urine nausea loss_of_appetite abdominal_pain diarrhoea mild_fever yellowing_of_eyes muscle_pain,CRITICAL,hepatitis A,45
vomiting breathlessness sweating chest_pain,MEDIUM,Heart attack,19
chills vomiting high_fever sweating headache nausea diarrhoea muscle_pain,HIGH,Malaria,34
muscle_weakness stiff_neck swelling_joints movement_stiffness painful_walking,MEDIUM,Arthritis,18
itching vomiting yellowish_skin nausea loss_of_appetite abdominal_pain yellowing_of_eyes,HIGH,Chronic cholestasis,26
itching skin_rash stomach_pain burning_micturition spotting_ urination,MEDIUM,Drug Reaction,15
vomiting sunken_eyes dehydration diarrhoea,MEDIUM,Gastroenteritis,18
fatigue cramps bruising obesity swollen_legs swollen_blood_vessels prominent_veins_on_calf,HIGH,Varicose veins,32
chest_pain dizziness loss_of_balance lack_of_concentration,MEDIUM,Hypertension,18
skin_rash joint_pain skin_peeling silver_like_dusting small_dents_in_nails inflammatory_nails,MEDIUM,Psoriasis,15
vomiting yellowish_skin abdominal_pain swelling_of_stomach distention_of_abdomen history_of_alcohol_consumption fluid_overload,HIGH,Alcoholic hepatitis,32
vomiting yellowish_skin abdominal_pain swelling_of_stomach distention_of_abdomen history_of_alcohol_consumption fluid_overload,HIGH,Alcoholic hepatitis,32
continuous_sneezing shivering chills watering_from_eyes,MEDIUM,Allergy,16
fatigue cough high_fever breathlessness mucoid_sputum,MEDIUM,Bronchial Asthma,23
chills fatigue weight_loss cough high_fever breathlessness sweating loss_of_appetite mild_fever yellowing_of_eyes swelled_lymph_nodes malaise phlegm chest_pain blood_in_sputum,CRITICAL,Tuberculosis,70
chills high_fever sweating headache nausea diarrhoea muscle_pain,HIGH,Malaria,29
joint_pain vomiting fatigue yellowish_skin dark_urine nausea loss_of_appetite abdominal_pain yellowing_of_eyes,HIGH,Hepatitis D,36
acidity indigestion headache blurred_and_distorted_vision excessive_hunger stiff_neck depression irritability visual_disturbances,HIGH,Migraine,32
fatigue weight_gain cold_hands_and_feets mood_swings lethargy dizziness puffy_face_and_eyes enlarged_thyroid brittle_nails swollen_extremeties depression irritability abnormal_menstruation,CRITICAL,Hypothyroidism,53
chills vomiting fatigue high_fever headache nausea constipation abdominal_pain diarrhoea toxic_look_(typhos) belly_pain,CRITICAL,Typhoid,50
itching skin_rash nodal_skin_eruptions dischromic _patches,LOW,Fungal infection,8
headache chest_pain loss_of_balance lack_of_concentration,MEDIUM,Hypertension,17
headache chest_pain dizziness loss_of_balance lack_of_concentration,MEDIUM,Hypertension,21
skin_rash pus_filled_pimples blackheads scurring,LOW,Acne,9
vomiting yellowish_skin dark_urine nausea loss_of_appetite abdominal_pain diarrhoea mild_fever yellowing_of_eyes muscle_pain,CRITICAL,hepatitis A,42
itching skin_rash stomach_pain spotting_ urination,LOW,Drug Reaction,9
chills vomiting fatigue cough high_fever breathlessness sweating loss_of_appetite mild_fever yellowing_of_eyes swelled_lymph_nodes malaise phlegm chest_pain blood_in_sputum,CRITICAL,Tuberculosis,72
headache chest_pain dizziness lack_of_concentration,MEDIUM,Hypertension,17
skin_rash joint_pain skin_peeling small_dents_in_nails inflammatory_nails,MEDIUM,Psoriasis,13
joint_pain knee_pain hip_joint_pain swelling_joints painful_walking,MEDIUM,Osteoarthristis,15
headache chest_pain dizziness loss_of_balance lack_of_concentration,MEDIUM,Hypertension,21
joint_pain vomiting fatigue yellowish_skin dark_urine nausea loss_of_appetite abdominal_pain yellowing_of_eyes,HIGH,Hepatitis D,36
skin_rash chills joint_pain vomiting fatigue high_fever headache nausea loss_of_appetite pain_behind_the_eyes back_pain malaise muscle_pain red_spots_over_body,CRITICAL,Dengue,55
skin_rash high_fever red_sore_around_nose yellow_crust_ooze,MEDIUM,Impetigo,15
patches_in_throat high_fever extra_marital_contacts,MEDIUM,AIDS,18
skin_rash pus_filled_pimples blackheads,LOW,Acne,7
vomiting indigestion abdominal_pain passage_of_gases internal_itching,MEDIUM,Peptic ulcer diseae,23
joint_pain vomiting yellowish_skin dark_urine nausea loss_of_appetite abdominal_pain diarrhoea mild_fever yellowing_of_eyes muscle_pain,CRITICAL,hepatitis A,45
itching fatigue lethargy yellowish_skin dark_urine loss_of_appetite abdominal_pain yellow_urine yellowing_of_eyes malaise receiving_blood_transfusion receiving_unsterile_injections,CRITICAL,Hepatitis B,43
muscle_weakness swelling_joints movement_stiffness painful_walking,MEDIUM,Arthritis,14
chills fatigue cough high_fever breathlessness sweating malaise chest_pain fast_heart_rate rusty_sputum,CRITICAL,Pneumonia,47
stomach_pain acidity ulcers_on_tongue vomiting cough chest_pain,HIGH,GERD,28
vomiting headache weakness_of_one_body_side altered_sensorium,MEDIUM,Paralysis (brain hemorrhage),14
joint_pain neck_pain knee_pain hip_joint_pain swelling_joints painful_walking,MEDIUM,Osteoarthristis,20
muscle_weakness stiff_neck swelling_joints movement_stiffness,MEDIUM,Arthritis,16
skin_rash chills joint_pain vomiting fatigue high_fever headache nausea loss_of_appetite pain_behind_the_eyes back_pain malaise muscle_pain red_spots_over_body,CRITICAL,Dengue,55
weight_gain cold_hands_and_feets mood_swings lethargy dizziness puffy_face_and_eyes enlarged_thyroid brittle_nails swollen_extremeties depression irritability abnormal_menstruation,CRITICAL,Hypothyroidism,49
itching vomiting fatigue weight_loss high_fever yellowish_skin abdominal_pain,HIGH,Jaundice,27
joint_pain neck_pain knee_pain hip_joint_pain swelling_joints painful_walking,MEDIUM,Osteoarthristis,20
vomiting dehydration diarrhoea,MEDIUM,Gastroenteritis,15
vomiting headache nausea spinning_movements loss_of_balance,MEDIUM,(vertigo) Paroymsal  Positional Vertigo,23
skin_rash chills joint_pain vomiting fatigue headache nausea loss_of_appetite pain_behind_the_eyes back_pain malaise muscle_pain red_spots_over_body,CRITICAL,Dengue,48
itching fatigue lethargy yellowish_skin dark_urine loss_of_appetite abdominal_pain yellow_urine yellowing_of_eyes malaise receiving_blood_transfusion receiving_unsterile_injections,CRITICAL,Hepatitis B,43
itching skin_rash dischromic _patches,LOW,Fungal infection,4
chills vomiting fatigue weight_loss cough high_fever breathlessness sweating loss_of_appetite mild_fever yellowing_of_eyes swelled_lymph_nodes malaise phlegm chest_pain blood_in_sputum,CRITICAL,Tuberculosis,75
cough high_fever breathlessness family_history mucoid_sputum,MEDIUM,Bronchial Asthma,24
fatigue yellowish_skin nausea loss_of_appetite yellowing_of_eyes family_history,HIGH,Hepatitis C,25
stomach_pain acidity ulcers_on_tongue vomiting cough,MEDIUM,GERD,21
muscle_weakness stiff_neck swelling_joints movement_stiffness painful_walking,MEDIUM,Arthritis,18
itching vomiting yellowish_skin nausea loss_of_appetite yellowing_of_eyes,MEDIUM,Chronic cholestasis,22
fatigue cough high_fever breathlessness family_history mucoid_sputum,HIGH,Bronchial Asthma,28
fatigue mood_swings weight_loss restlessness sweating diarrhoea fast_heart_rate excessive_hunger muscle_weakness irritability abnormal_menstruation,CRITICAL,Hyperthyroidism,43
continuous_sneezing chills fatigue cough high_fever headache swelled_lymph_nodes malaise phlegm throat_irritation redness_of_eyes sinus_pressure runny_nose congestion chest_pain loss_of_smell muscle_pain,CRITICAL,Common Cold,77
joint_pain vomiting yellowish_skin dark_urine nausea loss_of_appetite abdominal_pain diarrhoea mild_fever yellowing_of_eyes muscle_pain,CRITICAL,hepatitis A,45
fatigue cramps bruising obesity swollen_legs swollen_blood_vessels prominent_veins_on_calf,HIGH,Varicose veins,32
skin_rash high_fever blister red_sore_around_nose yellow_crust_ooze,MEDIUM,Impetigo,19
chills fatigue cough high_fever breathlessness sweating malaise phlegm chest_pain fast_heart_rate rusty_sputum,CRITICAL,Pneumonia,52
indigestion headache blurred_and_distorted_vision excessive_hunger stiff_neck depression irritability visual_disturbances,HIGH,Migraine,29
acidity indigestion headache blurred_and_distorted_vision excessive_hunger stiff_neck depression irritability visual_disturbances,HIGH,Migraine,32
joint_pain vomiting fatigue high_fever yellowish_skin dark_urine nausea loss_of_appetite abdominal_pain yellowing_of_eyes coma stomach_bleeding,CRITICAL,Hepatitis E,56
fatigue weight_gain cold_hands_and_feets mood_swings lethargy puffy_face_and_eyes enlarged_thyroid brittle_nails swollen_extremeties depression irritability abnormal_menstruation,CRITICAL,Hypothyroidism,49
muscle_wasting patches_in_throat high_fever extra_marital_contacts,MEDIUM,AIDS,21
itching skin_rash stomach_pain burning_micturition,MEDIUM,Drug Reaction,15
stomach_pain ulcers_on_tongue vomiting cough chest_pain,HIGH,GERD,25
fatigue cramps bruising obesity swollen_legs swollen_blood_vessels prominent_veins_on_calf,HIGH,Varicose veins,32
fatigue weight_loss restlessness lethargy irregular_sugar_level blurred_and_distorted_vision obesity increased_appetite polyuria,HIGH,Diabetes,37
itching stomach_pain burning_micturition spotting_ urination,LOW,Drug Reaction,12
itching skin_rash dischromic _patches,LOW,Fungal infection,4
vomiting fatigue anxiety sweating headache nausea blurred_and_distorted_vision excessive_hunger drying_and_tingling_lips slurred_speech irritability palpitations,CRITICAL,Hypoglycemia,47
pus_filled_pimples blackheads scurring,LOW,Acne,6
vomiting sunken_eyes dehydration diarrhoea,MEDIUM,Gastroenteritis,18
itching vomiting nausea loss_of_appetite abdominal_pain yellowing_of_eyes,MEDIUM,Chronic cholestasis,23
itching fatigue lethargy yellowish_skin dark_urine loss_of_appetite abdominal_pain yellow_urine yellowing_of_eyes malaise receiving_blood_transfusion receiving_unsterile_injections,CRITICAL,Hepatitis B,43
muscle_weakness stiff_neck swelling_joints movement_stiffness painful_walking,MEDIUM,Arthritis,18
fatigue weight_gain cold_hands_and_feets mood_swings lethargy dizziness puffy_face_and_eyes enlarged_thyroid brittle_nails swollen_extremeties depression irritability abnormal_menstruation,CRITICAL,Hypothyroidism,53
muscle_weakness stiff_neck swelling_joints movement_stiffness painful_walking,MEDIUM,Arthritis,18
acidity indigestion headache blurred_and_distorted_vision excessive_hunger stiff_neck depression irritability visual_disturbances,HIGH,Migraine,32
vomiting headache nausea spinning_movements loss_of_balance unsteadiness,HIGH,(vertigo) Paroymsal  Positional Vertigo,27
muscle_weakness stiff_neck swelling_joints movement_stiffness painful_walking,MEDIUM,Arthritis,18
skin_rash chills joint_pain vomiting fatigue high_fever headache nausea loss_of_appetite pain_behind_the_eyes back_pain malaise muscle_pain red_spots_over_body,CRITICAL,Dengue,55
chills vomiting fatigue high_fever headache constipation abdominal_pain diarrhoea toxic_look_(typhos) belly_pain,CRITICAL,Typhoid,45
stomach_pain acidity ulcers_on_tongue vomiting cough chest_pain,HIGH,GERD,28
itching skin_rash fatigue lethargy high_fever headache mild_fever swelled_lymph_nodes malaise red_spots_over_body,CRITICAL,Chicken pox,40
fatigue mood_swings weight_loss restlessness sweating diarrhoea fast_heart_rate excessive_hunger muscle_weakness irritability abnormal_menstruation,CRITICAL,Hyperthyroidism,43
vomiting fatigue sweating headache nausea blurred_and_distorted_vision excessive_hunger drying_and_tingling_lips slurred_speech irritability palpitations,CRITICAL,Hypoglycemia,43
vomiting sunken_eyes dehydration diarrhoea,MEDIUM,Gastroenteritis,18
itching vomiting fatigue weight_loss high_fever yellowish_skin dark_urine abdominal_pain,HIGH,Jaundice,31
vomiting headache weakness_of_one_body_side altered_sensorium,MEDIUM,Paralysis (brain hemorrhage),14
stomach_pain acidity vomiting cough chest_pain,MEDIUM,GERD,24
fatigue mood_swings restlessness sweating diarrhoea fast_heart_rate excessive_hunger muscle_weakness irritability abnormal_menstruation,CRITICAL,Hyperthyroidism,40
fatigue mood_swings weight_loss restlessness sweating fast_heart_rate excessive_hunger muscle_weakness irritability abnormal_menstruation,HIGH,Hyperthyroidism,37
joint_pain vomiting fatigue high_fever yellowish_skin dark_urine nausea loss_of_appetite abdominal_pain yellowing_of_eyes acute_liver_failure coma stomach_bleeding,CRITICAL,Hepatitis E,62
vomiting indigestion loss_of_appetite abdominal_pain passage_of_gases internal_itching,HIGH,Peptic ulcer diseae,27
continuous_sneezing chills fatigue cough high_fever headache swelled_lymph_nodes malaise phlegm throat_irritation redness_of_eyes sinus_pressure runny_nose congestion chest_pain loss_of_smell muscle_pain,CRITICAL,Common Cold,77
itching fatigue lethargy yellowish_skin loss_of_appetite abdominal_pain yellow_urine yellowing_of_eyes malaise receiving_blood_transfusion receiving_unsterile_injections,HIGH,Hepatitis B,39
vomiting dehydration diarrhoea,MEDIUM,Gastroenteritis,15
cramps bruising obesity swollen_legs swollen_blood_vessels prominent_veins_on_calf,HIGH,Varicose veins,28
itching vomiting yellowish_skin nausea loss_of_appetite abdominal_pain yellowing_of_eyes,HIGH,Chronic cholestasis,26
skin_rash pus_filled_pimples blackheads,LOW,Acne,7
burning_micturition bladder_discomfort foul_smell_of urine continuous_feel_of_urine,MEDIUM,Urinary tract infection,16
vomiting headache weakness_of_one_body_side altered_sensorium,MEDIUM,Paralysis (brain hemorrhage),14
joint_pain neck_pain knee_pain hip_joint_pain swelling_joints painful_walking,MEDIUM,Osteoarthristis,20
mood_swings weight_loss restlessness sweating diarrhoea fast_heart_rate excessive_hunger muscle_weakness irritability abnormal_menstruation,HIGH,Hyperthyroidism,39
muscle_wasting patches_in_throat high_fever extra_marital_contacts,MEDIUM,AIDS,21
vomiting dehydration diarrhoea,MEDIUM,Gastroenteritis,15
joint_pain vomiting high_fever yellowish_skin dark_urine nausea loss_of_appetite abdominal_pain yellowing_of_eyes acute_liver_failure coma stomach_bleeding,CRITICAL,Hepatitis E,58
constipation pain_during_bowel_movements pain_in_anal_region bloody_stool irritation_in_anus,HIGH,Dimorphic hemmorhoids(piles),26
chills fatigue cough high_fever breathlessness sweating malaise phlegm chest_pain fast_heart_rate rusty_sputum,CRITICAL,Pneumonia,52
back_pain weakness_in_limbs neck_pain dizziness loss_of_balance,MEDIUM,Cervical spondylosis,23
joint_pain vomiting fatigue high_fever yellowish_skin dark_urine nausea loss_of_appetite abdominal_pain yellowing_of_eyes coma stomach_bleeding,CRITICAL,Hepatitis E,56
back_pain weakness_in_limbs neck_pain dizziness loss_of_balance,MEDIUM,Cervical spondylosis,23
continuous_sneezing shivering chills,LOW,Allergy,12
back_pain weakness_in_limbs neck_pain dizziness loss_of_balance,MEDIUM,Cervical spondylosis,23
joint_pain vomiting fatigue yellowish_skin dark_urine nausea abdominal_pain yellowing_of_eyes,HIGH,Hepatitis D,32
joint_pain vomiting fatigue high_fever yellowish_skin dark_urine nausea loss_of_appetite abdominal_pain yellowing_of_eyes acute_liver_failure coma stomach_bleeding,CRITICAL,Hepatitis E,62
itching vomiting yellowish_skin nausea loss_of_appetite abdominal_pain yellowing_of_eyes,HIGH,Chronic cholestasis,26
fatigue yellowish_skin nausea loss_of_appetite yellowing_of_eyes family_history,HIGH,Hepatitis C,25
fatigue yellowish_skin nausea loss_of_appetite yellowing_of_eyes family_history,HIGH,Hepatitis C,25
vomiting indigestion loss_of_appetite abdominal_pain passage_of_gases internal_itching,HIGH,Peptic ulcer diseae,27
vomiting abdominal_pain swelling_of_stomach distention_of_abdomen history_of_alcohol_consumption fluid_overload,HIGH,Alcoholic hepatitis,29
chills fatigue cough high_fever breathlessness sweating malaise phlegm chest_pain fast_heart_rate rusty_sputum,CRITICAL,Pneumonia,52
skin_rash pus_filled_pimples blackheads scurring,LOW,Acne,9
joint_pain vomiting yellowish_skin dark_urine nausea loss_of_appetite abdominal_pain diarrhoea mild_fever yellowing_of_eyes muscle_pain,CRITICAL,hepatitis A,45
headache chest_pain dizziness loss_of_balance lack_of_concentration,MEDIUM,Hypertension,21
headache chest_pain dizziness loss_of_balance lack_of_concentration,MEDIUM,Hypertension,21
vomiting headache nausea spinning_movements unsteadiness,MEDIUM,(vertigo) Paroymsal  Positional Vertigo,23
itching yellowish_skin nausea loss_of_appetite abdominal_pain yellowing_of_eyes,MEDIUM,Chronic cholestasis,21
chills vomiting fatigue weight_loss cough high_fever sweating loss_of_appetite mild_fever yellowing_of_eyes swelled_lymph_nodes malaise phlegm chest_pain blood_in_sputum,CRITICAL,Tuberculosis,71
chills vomiting fatigue high_fever headache nausea constipation abdominal_pain diarrhoea belly_pain,CRITICAL,Typhoid,45
itching skin_rash stomach_pain burning_micturition spotting_ urination,MEDIUM,Drug Reaction,15
vomiting indigestion abdominal_pain passage_of_gases internal_itching,MEDIUM,Peptic ulcer diseae,23
muscle_weakness stiff_neck swelling_joints movement_stiffness painful_walking,MEDIUM,Arthritis,18
continuous_sneezing chills fatigue cough high_fever headache malaise phlegm throat_irritation redness_of_eyes sinus_pressure runny_nose congestion chest_pain loss_of_smell muscle_pain,CRITICAL,Common Cold,71
fatigue cough breathlessness family_history mucoid_sputum,MEDIUM,Bronchial Asthma,21
skin_rash pus_filled_pimples blackheads scurring,LOW,Acne,9
fatigue yellowish_skin loss_of_appetite yellowing_of_eyes family_history,MEDIUM,Hepatitis C,20
fatigue cramps bruising obesity swollen_legs swollen_blood_vessels,HIGH,Varicose veins,26
joint_pain vomiting fatigue yellowish_skin dark_urine nausea loss_of_appetite abdominal_pain yellowing_of_eyes,HIGH,Hepatitis D,36
joint_pain vomiting yellowish_skin dark_urine nausea loss_of_appetite abdominal_pain diarrhoea mild_fever yellowing_of_eyes muscle_pain,CRITICAL,hepatitis A,45
fatigue cramps bruising obesity swollen_legs swollen_blood_vessels prominent_veins_on_calf,HIGH,Varicose veins,32
vomiting yellowish_skin abdominal_pain swelling_of_stomach history_of_alcohol_consumption fluid_overload,HIGH,Alcoholic hepatitis,28
fatigue nausea loss_of_appetite yellowing_of_eyes family_history,MEDIUM,Hepatitis C,22
fatigue weight_gain cold_hands_and_feets mood_swings lethargy dizziness puffy_face_and_eyes enlarged_thyroid brittle_nails swollen_extremeties depression irritability abnormal_menstruation,CRITICAL,Hypothyroidism,53
itching skin_rash fatigue lethargy high_fever loss_of_appetite mild_fever swelled_lymph_nodes malaise red_spots_over_body,CRITICAL,Chicken pox,41
fatigue yellowish_skin nausea loss_of_appetite yellowing_of_eyes family_history,HIGH,Hepatitis C,25
vomiting headache weakness_of_one_body_side altered_sensorium,MEDIUM,Paralysis (brain hemorrhage),14
joint_pain neck_pain knee_pain hip_joint_pain swelling_joints painful_walking,MEDIUM,Osteoarthristis,20
vomiting breathlessness sweating chest_pain,MEDIUM,Heart attack,19
headache chest_pain dizziness loss_of_balance lack_of_concentration,MEDIUM,Hypertension,21
headache chest_pain dizziness loss_of_balance lack_of_concentration,MEDIUM,Hypertension,21
fatigue weight_loss restlessness lethargy irregular_sugar_level blurred_and_distorted_vision obesity excessive_hunger increased_appetite polyuria,CRITICAL,Diabetes,41
headache chest_pain dizziness loss_of_balance lack_of_concentration,MEDIUM,Hypertension,21
fatigue cramps bruising obesity swollen_legs swollen_blood_vessels prominent_veins_on_calf,HIGH,Varicose veins,32
vomiting yellowish_skin abdominal_pain swelling_of_stomach distention_of_abdomen history_of_alcohol_consumption fluid_overload,HIGH,Alcoholic hepatitis,32
joint_pain neck_pain knee_pain swelling_joints painful_walking,MEDIUM,Osteoarthristis,18
fatigue yellowish_skin nausea loss_of_appetite yellowing_of_eyes family_history,HIGH,Hepatitis C,25
vomiting sunken_eyes dehydration diarrhoea,MEDIUM,Gastroenteritis,18
joint_pain vomiting yellowish_skin nausea loss_of_appetite abdominal_pain diarrhoea mild_fever yellowing_of_eyes muscle_pain,CRITICAL,hepatitis A,41
joint_pain neck_pain knee_pain hip_joint_pain swelling_joints painful_walking,MEDIUM,Osteoarthristis,20
skin_rash chills joint_pain fatigue high_fever headache nausea loss_of_appetite pain_behind_the_eyes back_pain malaise muscle_pain red_spots_over_body,CRITICAL,Dengue,50
back_pain weakness_in_limbs neck_pain dizziness loss_of_balance,MEDIUM,Cervical spondylosis,23
acidity indigestion headache blurred_and_distorted_vision excessive_hunger stiff_neck depression irritability visual_disturbances,HIGH,Migraine,32
back_pain weakness_in_limbs neck_pain dizziness loss_of_balance,MEDIUM,Cervical spondylosis,23
chills vomiting fatigue weight_loss cough high_fever breathlessness sweating loss_of_appetite mild_fever yellowing_of_eyes swelled_lymph_nodes malaise phlegm chest_pain blood_in_sputum,CRITICAL,Tuberculosis,75
chills high_fever sweating headache nausea diarrhoea muscle_pain,HIGH,Malaria,29
itching skin_rash nodal_skin_eruptions dischromic _patches,LOW,Fungal infection,8
fatigue weight_loss restlessness lethargy irregular_sugar_level blurred_and_distorted_vision excessive_hunger increased_appetite polyuria,HIGH,Diabetes,37
muscle_weakness stiff_neck swelling_joints movement_stiffness painful_walking,MEDIUM,Arthritis,18
vomiting fatigue anxiety sweating headache nausea blurred_and_distorted_vision excessive_hunger drying_and_tingling_lips slurred_speech irritability palpitations,CRITICAL,Hypoglycemia,47
vomiting breathlessness sweating chest_pain,MEDIUM,Heart attack,19
skin_rash pus_filled_pimples blackheads scurring,LOW,Acne,9
fatigue weight_gain cold_hands_and_feets mood_swings lethargy dizziness enlarged_thyroid brittle_nails swollen_extremeties depression irritability abnormal_menstruation,CRITICAL,Hypothyroidism,48
chills vomiting high_fever sweating headache nausea diarrhoea muscle_pain,HIGH,Malaria,34
chills vomiting fatigue weight_loss cough high_fever breathlessness sweating loss_of_appetite mild_fever yellowing_of_eyes swelled_lymph_nodes malaise phlegm chest_pain blood_in_sputum,CRITICAL,Tuberculosis,75
skin_rash chills joint_pain vomiting fatigue high_fever headache nausea loss_of_appetite pain_behind_the_eyes back_pain malaise muscle_pain red_spots_over_body,CRITICAL,Dengue,55
mood_swings weight_loss restlessness sweating diarrhoea fast_heart_rate excessive_hunger muscle_weakness irritability abnormal_menstruation,HIGH,Hyperthyroidism,39
stomach_pain acidity vomiting cough chest_pain,MEDIUM,GERD,24
vomiting fatigue anxiety sweating headache nausea blurred_and_distorted_vision excessive_hunger drying_and_tingling_lips slurred_speech irritability palpitations,CRITICAL,Hypoglycemia,47
skin_rash chills vomiting fatigue high_fever headache nausea loss_of_appetite pain_behind_the_eyes back_pain malaise muscle_pain red_spots_over_body,CRITICAL,Dengue,52
burning_micturition bladder_discomfort continuous_feel_of_urine,MEDIUM,Urinary tract infection,16
joint_pain vomiting fatigue high_fever dark_urine nausea loss_of_appetite abdominal_pain yellowing_of_eyes acute_liver_failure coma stomach_bleeding,CRITICAL,Hepatitis E,59
fatigue weight_loss restlessness lethargy irregular_sugar_level blurred_and_distorted_vision obesity excessive_hunger increased_appetite polyuria,CRITICAL,Diabetes,41
chills vomiting fatigue high_fever headache nausea constipation abdominal_pain diarrhoea belly_pain,CRITICAL,Typhoid,45
vomiting sunken_eyes dehydration diarrhoea,MEDIUM,Gastroenteritis,18
constipation pain_during_bowel_movements pain_in_anal_region bloody_stool irritation_in_anus,HIGH,Dimorphic hemmorhoids(piles),26
vomiting yellowish_skin abdominal_pain distention_of_abdomen history_of_alcohol_consumption fluid_overload,HIGH,Alcoholic hepatitis,25
vomiting indigestion loss_of_appetite abdominal_pain passage_of_gases internal_itching,HIGH,Peptic ulcer diseae,27
chills fatigue weight_loss cough high_fever breathlessness sweating loss_of_appetite mild_fever yellowing_of_eyes swelled_lymph_nodes malaise phlegm chest_pain blood_in_sputum,CRITICAL,Tuberculosis,70
continuous_sneezing chills fatigue cough high_fever headache swelled_lymph_nodes malaise phlegm throat_irritation redness_of_eyes sinus_pressure runny_nose congestion chest_pain loss_of_smell muscle_pain,CRITICAL,Common Cold,77
skin_rash joint_pain skin_peeling small_dents_in_nails inflammatory_nails,MEDIUM,Psoriasis,13
vomiting fatigue anxiety sweating nausea blurred_and_distorted_vision excessive_hunger drying_and_tingling_lips slurred_speech irritability palpitations,CRITICAL,Hypoglycemia,44
chills vomiting high_fever sweating headache nausea diarrhoea muscle_pain,HIGH,Malaria,34
vomiting yellowish_skin dark_urine nausea loss_of_appetite abdominal_pain diarrhoea mild_fever yellowing_of_eyes muscle_pain,CRITICAL,hepatitis A,42
back_pain neck_pain dizziness loss_of_balance,MEDIUM,Cervical spondylosis,16
joint_pain vomiting yellowish_skin dark_urine nausea loss_of_appetite abdominal_pain diarrhoea mild_fever yellowing_of_eyes muscle_pain,CRITICAL,hepatitis A,45
chills fatigue cough high_fever breathlessness sweating malaise phlegm chest_pain fast_heart_rate rusty_sputum,CRITICAL,Pneumonia,52
itching skin_rash nodal_skin_eruptions dischromic _patches,LOW,Fungal infection,8
chills vomiting fatigue high_fever headache nausea constipation abdominal_pain diarrhoea toxic_look_(typhos) belly_pain,CRITICAL,Typhoid,50
skin_rash joint_pain silver_like_dusting small_dents_in_nails inflammatory_nails,LOW,Psoriasis,12
joint_pain vomiting fatigue dark_urine nausea loss_of_appetite abdominal_pain yellowing_of_eyes,HIGH,Hepatitis D,33
muscle_wasting patches_in_throat high_fever extra_marital_contacts,MEDIUM,AIDS,21
joint_pain vomiting fatigue yellowish_skin dark_urine nausea loss_of_appetite abdominal_pain yellowing_of_eyes acute_liver_failure coma stomach_bleeding,CRITICAL,Hepatitis E,55
fatigue bruising obesity swollen_legs swollen_blood_vessels prominent_veins_on_calf,HIGH,Varicose veins,28
skin_rash pus_filled_pimples blackheads scurring,LOW,Acne,9
fatigue cough high_fever breathlessness sweating malaise phlegm chest_pain fast_heart_rate rusty_sputum,CRITICAL,Pneumonia,49
constipation pain_during_bowel_movements pain_in_anal_region bloody_stool irritation_in_anus,HIGH,Dimorphic hemmorhoids(piles),26
joint_pain vomiting fatigue high_fever yellowish_skin dark_urine nausea loss_of_appetite abdominal_pain yellowing_of_eyes acute_liver_failure coma stomach_bleeding,CRITICAL,Hepatitis E,62
fatigue cramps bruising obesity swollen_legs prominent_veins_on_calf,HIGH,Varicose veins,27
burning_micturition bladder_discomfort foul_smell_of urine continuous_feel_of_urine,MEDIUM,Urinary tract infection,16
fatigue mood_swings weight_loss restlessness sweating diarrhoea fast_heart_rate excessive_hunger muscle_weakness irritability abnormal_menstruation,CRITICAL,Hyperthyroidism,43
itching skin_rash stomach_pain burning_micturition spotting_ urination,MEDIUM,Drug Reaction,15
joint_pain vomiting yellowish_skin dark_urine nausea loss_of_appetite abdominal_pain diarrhoea mild_fever yellowing_of_eyes muscle_pain,CRITICAL,hepatitis A,45
skin_rash pus_filled_pimples blackheads scurring,LOW,Acne,9
itching skin_rash nodal_skin_eruptions dischromic _patches,LOW,Fungal infection,8
continuous_sneezing shivering watering_from_eyes,MEDIUM,Allergy,13
burning_micturition bladder_discomfort foul_smell_of urine continuous_feel_of_urine,MEDIUM,Urinary tract infection,16
itching skin_rash dischromic _patches,LOW,Fungal infection,4
vomiting indigestion loss_of_appetite abdominal_pain passage_of_gases internal_itching,HIGH,Peptic ulcer diseae,27
continuous_sneezing shivering chills watering_from_eyes,MEDIUM,Allergy,16
chills fatigue cough breathlessness sweating malaise phlegm chest_pain fast_heart_rate rusty_sputum,CRITICAL,Pneumonia,45
joint_pain vomiting fatigue high_fever yellowish_skin dark_urine nausea loss_of_appetite abdominal_pain yellowing_of_eyes acute_liver_failure coma stomach_bleeding,CRITICAL,Hepatitis E,62
vomiting fatigue weight_loss high_fever yellowish_skin dark_urine abdominal_pain,HIGH,Jaundice,30
fatigue weight_gain cold_hands_and_feets mood_swings lethargy puffy_face_and_eyes enlarged_thyroid brittle_nails swollen_extremeties depression irritability abnormal_menstruation,CRITICAL,Hypothyroidism,49
chills fatigue cough high_fever breathlessness sweating malaise phlegm chest_pain fast_heart_rate rusty_sputum,CRITICAL,Pneumonia,52
vomiting yellowish_skin abdominal_pain swelling_of_stomach distention_of_abdomen history_of_alcohol_consumption fluid_overload,HIGH,Alcoholic hepatitis,32
chills fatigue cough high_fever breathlessness sweating phlegm chest_pain fast_heart_rate rusty_sputum,CRITICAL,Pneumonia,46
itching vomiting fatigue weight_loss high_fever yellowish_skin dark_urine abdominal_pain,HIGH,Jaundice,31
fatigue weight_gain cold_hands_and_feets mood_swings lethargy dizziness puffy_face_and_eyes enlarged_thyroid brittle_nails swollen_extremeties depression irritability abnormal_menstruation,CRITICAL,Hypothyroidism,53
joint_pain vomiting yellowish_skin dark_urine nausea loss_of_appetite abdominal_pain mild_fever yellowing_of_eyes muscle_pain,HIGH,hepatitis A,39
fatigue yellowish_skin nausea loss_of_appetite family_history,MEDIUM,Hepatitis C,21
continuous_sneezing shivering watering_from_eyes,MEDIUM,Allergy,13
chills vomiting fatigue high_fever headache nausea constipation abdominal_pain diarrhoea toxic_look_(typhos) belly_pain,CRITICAL,Typhoid,50
fatigue high_fever breathlessness family_history mucoid_sputum,MEDIUM,Bronchial Asthma,24
fatigue cramps bruising obesity swollen_legs swollen_blood_vessels prominent_veins_on_calf,HIGH,Varicose veins,32
itching vomiting fatigue weight_loss high_fever yellowish_skin dark_urine abdominal_pain,HIGH,Jaundice,31
fatigue yellowish_skin nausea loss_of_appetite yellowing_of_eyes family_history,HIGH,Hepatitis C,25
skin_rash skin_peeling silver_like_dusting small_dents_in_nails inflammatory_nails,LOW,Psoriasis,12
vomiting breathlessness sweating chest_pain,MEDIUM,Heart attack,19
itching vomiting fatigue weight_loss high_fever yellowish_skin dark_urine abdominal_pain,HIGH,Jaundice,31
joint_pain vomiting yellowish_skin dark_urine nausea loss_of_appetite abdominal_pain diarrhoea mild_fever yellowing_of_eyes muscle_pain,CRITICAL,hepatitis A,45
vomiting yellowish_skin abdominal_pain swelling_of_stomach distention_of_abdomen history_of_alcohol_consumption fluid_overload,HIGH,Alcoholic hepatitis,32
vomiting headache weakness_of_one_body_side altered_sensorium,MEDIUM,Paralysis (brain hemorrhage),14
itching vomiting yellowish_skin nausea loss_of_appetite abdominal_pain yellowing_of_eyes,HIGH,Chronic cholestasis,26
itching fatigue lethargy yellowish_skin dark_urine loss_of_appetite yellow_urine yellowing_of_eyes malaise receiving_blood_transfusion receiving_unsterile_injections,HIGH,Hepatitis B,39
headache chest_pain dizziness loss_of_balance lack_of_concentration,MEDIUM,Hypertension,21
skin_rash chills joint_pain vomiting fatigue high_fever headache nausea loss_of_appetite pain_behind_the_eyes back_pain malaise muscle_pain,CRITICAL,Dengue,52
breathlessness sweating chest_pain,MEDIUM,Heart attack,14
joint_pain neck_pain knee_pain hip_joint_pain swelling_joints painful_walking,MEDIUM,Osteoarthristis,20
joint_pain vomiting yellowish_skin dark_urine nausea loss_of_appetite abdominal_pain diarrhoea mild_fever yellowing_of_eyes muscle_pain,CRITICAL,hepatitis A,45
skin_rash joint_pain vomiting fatigue high_fever headache nausea loss_of_appetite pain_behind_the_eyes back_pain malaise muscle_pain red_spots_over_body,CRITICAL,Dengue,52
skin_rash pus_filled_pimples blackheads scurring,LOW,Acne,9
muscle_wasting patches_in_throat high_fever extra_marital_contacts,MEDIUM,AIDS,21
itching skin_rash fatigue lethargy high_fever headache loss_of_appetite mild_fever swelled_lymph_nodes malaise red_spots_over_body,CRITICAL,Chicken pox,44
chills fatigue cough high_fever breathlessness malaise phlegm chest_pain fast_heart_rate rusty_sputum,CRITICAL,Pneumonia,49
vomiting yellowish_skin abdominal_pain swelling_of_stomach distention_of_abdomen history_of_alcohol_consumption fluid_overload,HIGH,Alcoholic hepatitis,32
skin_rash chills joint_pain vomiting fatigue headache nausea loss_of_appetite pain_behind_the_eyes back_pain malaise muscle_pain red_spots_over_body,CRITICAL,Dengue,48
fatigue yellowish_skin nausea loss_of_appetite yellowing_of_eyes family_history,HIGH,Hepatitis C,25
itching fatigue lethargy yellowish_skin dark_urine loss_of_appetite abdominal_pain yellow_urine yellowing_of_eyes malaise receiving_blood_transfusion receiving_unsterile_injections,CRITICAL,Hepatitis B,43
continuous_sneezing fatigue cough high_fever headache swelled_lymph_nodes malaise phlegm throat_irritation redness_of_eyes sinus_pressure runny_nose congestion chest_pain loss_of_smell muscle_pain,CRITICAL,Common Cold,74
fatigue yellowish_skin nausea loss_of_appetite yellowing_of_eyes family_history,HIGH,Hepatitis C,25
itching skin_rash stomach_pain burning_micturition spotting_ urination,MEDIUM,Drug Reaction,15
itching fatigue lethargy yellowish_skin dark_urine loss_of_appetite abdominal_pain yellow_urine yellowing_of_eyes malaise receiving_blood_transfusion receiving_unsterile_injections,CRITICAL,Hepatitis B,43
chills vomiting high_fever sweating headache nausea diarrhoea muscle_pain,HIGH,Malaria,34
itching skin_rash stomach_pain burning_micturition spotting_ urination,MEDIUM,Drug Reaction,15
muscle_weakness stiff_neck swelling_joints movement_stiffness painful_walking,MEDIUM,Arthritis,18
joint_pain fatigue high_fever yellowish_skin dark_urine nausea loss_of_appetite abdominal_pain yellowing_of_eyes acute_liver_failure coma stomach_bleeding,CRITICAL,Hepatitis E,57
chills vomiting fatigue weight_loss high_fever breathlessness sweating loss_of_appetite mild_fever yellowing_of_eyes swelled_lymph_nodes malaise phlegm chest_pain blood_in_sputum,CRITICAL,Tuberculosis,71
fatigue weight_gain cold_hands_and_feets mood_swings lethargy dizziness puffy_face_and_eyes enlarged_thyroid brittle_nails swollen_extremeties depression irritability abnormal_menstruation,CRITICAL,Hypothyroidism,53
skin_rash blister red_sore_around_nose yellow_crust_ooze,LOW,Impetigo,12
muscle_wasting patches_in_throat high_fever extra_marital_contacts,MEDIUM,AIDS,21
itching skin_rash fatigue lethargy high_fever headache loss_of_appetite mild_fever swelled_lymph_nodes malaise red_spots_over_body,CRITICAL,Chicken pox,44
chills vomiting fatigue high_fever headache nausea constipation abdominal_pain diarrhoea toxic_look_(typhos) belly_pain,CRITICAL,Typhoid,50
fatigue cough high_fever breathlessness family_history mucoid_sputum,HIGH,Bronchial Asthma,28
fatigue weight_gain cold_hands_and_feets mood_swings lethargy dizziness puffy_face_and_eyes enlarged_thyroid brittle_nails swollen_extremeties depression irritability abnormal_menstruation,CRITICAL,Hypothyroidism,53
vomiting headache weakness_of_one_body_side altered_sensorium,MEDIUM,Paralysis (brain hemorrhage),14
fatigue weight_gain cold_hands_and_feets mood_swings lethargy dizziness puffy_face_and_eyes enlarged_thyroid brittle_nails swollen_extremeties depression irritability abnormal_menstruation,CRITICAL,Hypothyroidism,53
itching vomiting yellowish_skin nausea loss_of_appetite abdominal_pain yellowing_of_eyes,HIGH,Chronic cholestasis,26
fatigue yellowish_skin nausea loss_of_appetite yellowing_of_eyes family_history,HIGH,Hepatitis C,25
back_pain neck_pain dizziness loss_of_balance,MEDIUM,Cervical spondylosis,16
chills fatigue cough high_fever breathlessness sweating malaise phlegm chest_pain fast_heart_rate rusty_sputum,CRITICAL,Pneumonia,52
joint_pain neck_pain knee_pain hip_joint_pain painful_walking,MEDIUM,Osteoarthristis,15
fatigue mood_swings restlessness sweating diarrhoea fast_heart_rate excessive_hunger muscle_weakness irritability abnormal_menstruation,CRITICAL,Hyperthyroidism,40
itching skin_rash nodal_skin_eruptions dischromic _patches,LOW,Fungal infection,8
burning_micturition bladder_discomfort foul_smell_of urine continuous_feel_of_urine,MEDIUM,Urinary tract infection,16
fatigue yellowish_skin nausea loss_of_appetite yellowing_of_eyes family_history,HIGH,Hepatitis C,25
fatigue yellowish_skin loss_of_appetite yellowing_of_eyes family_history,MEDIUM,Hepatitis C,20
vomiting fatigue anxiety sweating headache nausea blurred_and_distorted_vision excessive_hunger drying_and_tingling_lips slurred_speech irritability palpitations,CRITICAL,Hypoglycemia,47
itching fatigue lethargy yellowish_skin dark_urine loss_of_appetite abdominal_pain yellow_urine yellowing_of_eyes malaise receiving_blood_transfusion receiving_unsterile_injections,CRITICAL,Hepatitis B,43
itching skin_rash nodal_skin_eruptions dischromic _patches,LOW,Fungal infection,8
skin_rash chills joint_pain vomiting fatigue high_fever headache nausea loss_of_appetite pain_behind_the_eyes back_pain malaise muscle_pain red_spots_over_body,CRITICAL,Dengue,55
bladder_discomfort foul_smell_of urine continuous_feel_of_urine,LOW,Urinary tract infection,10
continuous_sneezing shivering chills watering_from_eyes,MEDIUM,Allergy,16
joint_pain vomiting fatigue yellowish_skin nausea loss_of_appetite abdominal_pain yellowing_of_eyes,HIGH,Hepatitis D,32
chills vomiting fatigue high_fever headache nausea constipation abdominal_pain diarrhoea toxic_look_(typhos) belly_pain,CRITICAL,Typhoid,50
weight_gain cold_hands_and_feets mood_swings lethargy dizziness puffy_face_and_eyes enlarged_thyroid brittle_nails swollen_extremeties depression irritability abnormal_menstruation,CRITICAL,Hypothyroidism,49
vomiting breathlessness sweating chest_pain,MEDIUM,Heart attack,19
joint_pain vomiting yellowish_skin dark_urine nausea loss_of_appetite abdominal_pain diarrhoea mild_fever yellowing_of_eyes muscle_pain,CRITICAL,hepatitis A,45
joint_pain neck_pain knee_pain hip_joint_pain swelling_joints painful_walking,MEDIUM,Osteoarthristis,20
itching vomiting fatigue weight_loss high_fever yellowish_skin dark_urine abdominal_pain,HIGH,Jaundice,31
stomach_pain ulcers_on_tongue vomiting cough chest_pain,HIGH,GERD,25
itching skin_rash fatigue lethargy high_fever headache loss_of_appetite mild_fever swelled_lymph_nodes malaise red_spots_over_body,CRITICAL,Chicken pox,44
joint_pain vomiting fatigue high_fever yellowish_skin dark_urine nausea loss_of_appetite abdominal_pain yellowing_of_eyes acute_liver_failure coma stomach_bleeding,CRITICAL,Hepatitis E,62
vomiting fatigue anxiety sweating headache nausea blurred_and_distorted_vision excessive_hunger slurred_speech irritability palpitations,CRITICAL,Hypoglycemia,43
muscle_weakness stiff_neck swelling_joints movement_stiffness painful_walking,MEDIUM,Arthritis,18
fatigue cough high_fever breathlessness family_history mucoid_sputum,HIGH,Bronchial Asthma,28
fatigue yellowish_skin nausea loss_of_appetite yellowing_of_eyes,MEDIUM,Hepatitis C,20
skin_rash nodal_skin_eruptions dischromic _patches,LOW,Fungal infection,7
cough high_fever breathlessness family_history mucoid_sputum,MEDIUM,Bronchial Asthma,24
skin_rash joint_pain skin_peeling silver_like_dusting small_dents_in_nails inflammatory_nails,MEDIUM,Psoriasis,15
joint_pain vomiting fatigue yellowish_skin dark_urine nausea loss_of_appetite abdominal_pain yellowing_of_eyes,HIGH,Hepatitis D,36
back_pain weakness_in_limbs neck_pain loss_of_balance,MEDIUM,Cervical spondylosis,19
fatigue yellowish_skin nausea loss_of_appetite yellowing_of_eyes family_history,HIGH,Hepatitis C,25
fatigue weight_loss restlessness sweating diarrhoea fast_heart_rate excessive_hunger muscle_weakness irritability abnormal_menstruation,CRITICAL,Hyperthyroidism,40
skin_rash high_fever blister red_sore_around_nose yellow_crust_ooze,MEDIUM,Impetigo,19
itching vomiting fatigue high_fever yellowish_skin dark_urine abdominal_pain,HIGH,Jaundice,28
joint_pain vomiting dark_urine nausea loss_of_appetite abdominal_pain diarrhoea mild_fever yellowing_of_eyes muscle_pain,CRITICAL,hepatitis A,42
stomach_pain acidity ulcers_on_tongue cough chest_pain,MEDIUM,GERD,23
fatigue cough breathlessness family_history mucoid_sputum,MEDIUM,Bronchial Asthma,21
itching vomiting fatigue weight_loss high_fever yellowish_skin abdominal_pain,HIGH,Jaundice,27
itching vomiting fatigue weight_loss high_fever yellowish_skin dark_urine abdominal_pain,HIGH,Jaundice,31
chills vomiting fatigue weight_loss cough high_fever breathlessness sweating loss_of_appetite mild_fever yellowing_of_eyes swelled_lymph_nodes malaise phlegm chest_pain blood_in_sputum,CRITICAL,Tuberculosis,75
joint_pain yellowish_skin dark_urine nausea loss_of_appetite abdominal_pain diarrhoea mild_fever yellowing_of_eyes muscle_pain,CRITICAL,hepatitis A,40
vomiting indigestion loss_of_appetite abdominal_pain passage_of_gases internal_itching,HIGH,Peptic ulcer diseae,27
itching vomiting fatigue weight_loss high_fever yellowish_skin dark_urine abdominal_pain,HIGH,Jaundice,31
headache dizziness loss_of_balance lack_of_concentration,MEDIUM,Hypertension,14
vomiting breathlessness sweating chest_pain,MEDIUM,Heart attack,19
joint_pain neck_pain hip_joint_pain swelling_joints painful_walking,MEDIUM,Osteoarthristis,17
joint_pain vomiting fatigue yellowish_skin dark_urine nausea loss_of_appetite abdominal_pain yellowing_of_eyes,HIGH,Hepatitis D,36
continuous_sneezing chills fatigue cough high_fever headache swelled_lymph_nodes malaise phlegm throat_irritation redness_of_eyes sinus_pressure runny_nose congestion chest_pain loss_of_smell muscle_pain,CRITICAL,Common Cold,77
chills vomiting fatigue high_fever headache nausea constipation abdominal_pain diarrhoea toxic_look_(typhos) belly_pain,CRITICAL,Typhoid,50
vomiting fatigue anxiety sweating headache nausea blurred_and_distorted_vision excessive_hunger drying_and_tingling_lips slurred_speech irritability palpitations,CRITICAL,Hypoglycemia,47
stomach_pain ulcers_on_tongue vomiting cough chest_pain,HIGH,GERD,25
skin_rash blister red_sore_around_nose yellow_crust_ooze,LOW,Impetigo,12
fatigue cough high_fever breathlessness family_history mucoid_sputum,HIGH,Bronchial Asthma,28
vomiting breathlessness chest_pain,MEDIUM,Heart attack,16
constipation pain_during_bowel_movements pain_in_anal_region bloody_stool irritation_in_anus,HIGH,Dimorphic hemmorhoids(piles),26
burning_micturition bladder_discomfort foul_smell_of urine continuous_feel_of_urine,MEDIUM,Urinary tract infection,16
fatigue weight_loss restlessness irregular_sugar_level blurred_and_distorted_vision obesity excessive_hunger increased_appetite polyuria,HIGH,Diabetes,39
itching vomiting yellowish_skin nausea loss_of_appetite abdominal_pain yellowing_of_eyes,HIGH,Chronic cholestasis,26
stomach_pain acidity vomiting cough chest_pain,MEDIUM,GERD,24
chills vomiting high_fever sweating headache nausea diarrhoea muscle_pain,HIGH,Malaria,34
vomiting dehydration diarrhoea,MEDIUM,Gastroenteritis,15
joint_pain vomiting yellowish_skin dark_urine nausea loss_of_appetite abdominal_pain diarrhoea mild_fever yellowing_of_eyes muscle_pain,CRITICAL,hepatitis A,45
fatigue nausea loss_of_appetite yellowing_of_eyes family_history,MEDIUM,Hepatitis C,22
joint_pain vomiting fatigue yellowish_skin dark_urine nausea loss_of_appetite abdominal_pain yellowing_of_eyes,HIGH,Hepatitis D,36
skin_rash high_fever blister red_sore_around_nose yellow_crust_ooze,MEDIUM,Impetigo,19
fatigue yellowish_skin nausea loss_of_appetite yellowing_of_eyes family_history,HIGH,Hepatitis C,25
vomiting yellowish_skin abdominal_pain swelling_of_stomach distention_of_abdomen history_of_alcohol_consumption fluid_overload,HIGH,Alcoholic hepatitis,32
fatigue yellowish_skin nausea loss_of_appetite yellowing_of_eyes family_history,HIGH,Hepatitis C,25
skin_rash chills joint_pain vomiting fatigue high_fever headache nausea loss_of_appetite pain_behind_the_eyes back_pain malaise muscle_pain red_spots_over_body,CRITICAL,Dengue,55
itching fatigue lethargy yellowish_skin dark_urine loss_of_appetite abdominal_pain yellow_urine yellowing_of_eyes malaise receiving_blood_transfusion receiving_unsterile_injections,CRITICAL,Hepatitis B,43
headache chest_pain dizziness loss_of_balance lack_of_concentration,MEDIUM,Hypertension,21
pain_during_bowel_movements pain_in_anal_region bloody_stool irritation_in_anus,MEDIUM,Dimorphic hemmorhoids(piles),22
vomiting sunken_eyes dehydration diarrhoea,MEDIUM,Gastroenteritis,18
vomiting yellowish_skin dark_urine nausea loss_of_appetite abdominal_pain diarrhoea mild_fever yellowing_of_eyes muscle_pain,CRITICAL,hepatitis A,42
skin_rash pus_filled_pimples blackheads scurring,LOW,Acne,9
pain_during_bowel_movements pain_in_anal_region bloody_stool irritation_in_anus,MEDIUM,Dimorphic hemmorhoids(piles),22
chills vomiting fatigue high_fever headache nausea constipation abdominal_pain diarrhoea toxic_look_(typhos) belly_pain,CRITICAL,Typhoid,50
chills vomiting fatigue high_fever headache nausea constipation abdominal_pain toxic_look_(typhos) belly_pain,CRITICAL,Typhoid,44
vomiting yellowish_skin dark_urine nausea loss_of_appetite abdominal_pain diarrhoea mild_fever yellowing_of_eyes muscle_pain,CRITICAL,hepatitis A,42
vomiting fatigue anxiety sweating nausea blurred_and_distorted_vision excessive_hunger drying_and_tingling_lips slurred_speech irritability palpitations,CRITICAL,Hypoglycemia,44
skin_rash high_fever blister red_sore_around_nose yellow_crust_ooze,MEDIUM,Impetigo,19
skin_rash high_fever blister red_sore_around_nose yellow_crust_ooze,MEDIUM,Impetigo,19
chills vomiting fatigue weight_loss high_fever breathlessness sweating loss_of_appetite mild_fever yellowing_of_eyes swelled_lymph_nodes malaise phlegm chest_pain blood_in_sputum,CRITICAL,Tuberculosis,71
fatigue weight_loss restlessness irregular_sugar_level blurred_and_distorted_vision obesity excessive_hunger increased_appetite polyuria,HIGH,Diabetes,39
fatigue weight_gain cold_hands_and_feets mood_swings lethargy dizziness puffy_face_and_eyes enlarged_thyroid brittle_nails swollen_extremeties depression irritability abnormal_menstruation,CRITICAL,Hypothyroidism,53
constipation pain_during_bowel_movements bloody_stool irritation_in_anus,MEDIUM,Dimorphic hemmorhoids(piles),20
skin_rash joint_pain skin_peeling silver_like_dusting small_dents_in_nails inflammatory_nails,MEDIUM,Psoriasis,15
stomach_pain acidity ulcers_on_tongue cough chest_pain,MEDIUM,GERD,23
itching fatigue lethargy high_fever headache loss_of_appetite mild_fever swelled_lymph_nodes malaise red_spots_over_body,CRITICAL,Chicken pox,41
vomiting abdominal_pain swelling_of_stomach distention_of_abdomen history_of_alcohol_consumption fluid_overload,HIGH,Alcoholic hepatitis,29
chills vomiting high_fever sweating headache nausea muscle_pain,HIGH,Malaria,28
joint_pain neck_pain knee_pain hip_joint_pain swelling_joints painful_walking,MEDIUM,Osteoarthristis,20
vomiting headache nausea loss_of_balance unsteadiness,MEDIUM,(vertigo) Paroymsal  Positional Vertigo,21
continuous_sneezing chills fatigue cough high_fever headache swelled_lymph_nodes malaise phlegm throat_irritation redness_of_eyes sinus_pressure runny_nose congestion chest_pain loss_of_smell muscle_pain,CRITICAL,Common Cold,77
fatigue weight_loss restlessness lethargy irregular_sugar_level blurred_and_distorted_vision obesity excessive_hunger increased_appetite polyuria,CRITICAL,Diabetes,41
vomiting indigestion loss_of_appetite abdominal_pain passage_of_gases internal_itching,HIGH,Peptic ulcer diseae,27
continuous_sneezing shivering chills watering_from_eyes,MEDIUM,Allergy,16
muscle_wasting patches_in_throat high_fever extra_marital_contacts,MEDIUM,AIDS,21
itching skin_rash nodal_skin_eruptions dischromic _patches,LOW,Fungal infection,8
chills vomiting high_fever sweating headache nausea diarrhoea muscle_pain,HIGH,Malaria,34
joint_pain vomiting dark_urine nausea loss_of_appetite abdominal_pain diarrhoea mild_fever yellowing_of_eyes muscle_pain,CRITICAL,hepatitis A,42
vomiting yellowish_skin abdominal_pain swelling_of_stomach distention_of_abdomen history_of_alcohol_consumption fluid_overload,HIGH,Alcoholic hepatitis,32
muscle_weakness stiff_neck swelling_joints movement_stiffness painful_walking,MEDIUM,Arthritis,18
stomach_pain acidity vomiting cough chest_pain,MEDIUM,GERD,24
chest_pain dizziness loss_of_balance lack_of_concentration,MEDIUM,Hypertension,18
sunken_eyes dehydration diarrhoea,MEDIUM,Gastroenteritis,13
vomiting fatigue anxiety sweating headache nausea blurred_and_distorted_vision excessive_hunger drying_and_tingling_lips slurred_speech irritability palpitations,CRITICAL,Hypoglycemia,47
stomach_pain acidity ulcers_on_tongue vomiting chest_pain,MEDIUM,GERD,24
itching vomiting fatigue weight_loss high_fever yellowish_skin dark_urine abdominal_pain,HIGH,Jaundice,31
itching vomiting fatigue weight_loss high_fever yellowish_skin dark_urine abdominal_pain,HIGH,Jaundice,31
itching skin_rash burning_micturition spotting_ urination,LOW,Drug Reaction,10
acidity ulcers_on_tongue vomiting cough chest_pain,MEDIUM,GERD,23
fatigue cramps bruising obesity swollen_legs swollen_blood_vessels prominent_veins_on_calf,HIGH,Varicose veins,32
skin_rash pus_filled_pimples blackheads scurring,LOW,Acne,9
vomiting fatigue anxiety sweating headache nausea blurred_and_distorted_vision excessive_hunger slurred_speech irritability palpitations,CRITICAL,Hypoglycemia,43
vomiting breathlessness sweating,LOW,Heart attack,12
vomiting headache nausea spinning_movements loss_of_balance unsteadiness,HIGH,(vertigo) Paroymsal  Positional Vertigo,27
itching skin_rash fatigue high_fever headache loss_of_appetite mild_fever swelled_lymph_nodes malaise red_spots_over_body,CRITICAL,Chicken pox,42
vomiting headache nausea spinning_movements loss_of_balance unsteadiness,HIGH,(vertigo) Paroymsal  Positional Vertigo,27
vomiting headache nausea spinning_movements loss_of_balance unsteadiness,HIGH,(vertigo) Paroymsal  Positional Vertigo,27
vomiting indigestion abdominal_pain passage_of_gases internal_itching,MEDIUM,Peptic ulcer diseae,23
constipation pain_during_bowel_movements pain_in_anal_region bloody_stool irritation_in_anus,HIGH,Dimorphic hemmorhoids(piles),26
vomiting loss_of_appetite abdominal_pain passage_of_gases internal_itching,MEDIUM,Peptic ulcer diseae,22
skin_rash pus_filled_pimples blackheads scurring,LOW,Acne,9
indigestion headache blurred_and_distorted_vision excessive_hunger stiff_neck depression irritability visual_disturbances,HIGH,Migraine,29
vomiting indigestion loss_of_appetite abdominal_pain passage_of_gases internal_itching,HIGH,Peptic ulcer diseae,27
joint_pain knee_pain hip_joint_pain swelling_joints painful_walking,MEDIUM,Osteoarthristis,15
stomach_pain acidity ulcers_on_tongue vomiting cough chest_pain,HIGH,GERD,28
itching fatigue lethargy yellowish_skin dark_urine loss_of_appetite abdominal_pain yellow_urine yellowing_of_eyes malaise receiving_blood_transfusion receiving_unsterile_injections,CRITICAL,Hepatitis B,43
fatigue yellowish_skin loss_of_appetite yellowing_of_eyes family_history,MEDIUM,Hepatitis C,20
vomiting yellowish_skin nausea loss_of_appetite abdominal_pain yellowing_of_eyes,HIGH,Chronic cholestasis,25
joint_pain vomiting fatigue high_fever yellowish_skin nausea loss_of_appetite abdominal_pain yellowing_of_eyes acute_liver_failure coma stomach_bleeding,CRITICAL,Hepatitis E,58
acidity indigestion headache blurred_and_distorted_vision excessive_hunger stiff_neck depression irritability visual_disturbances,HIGH,Migraine,32
breathlessness sweating chest_pain,MEDIUM,Heart attack,14
skin_rash high_fever blister red_sore_around_nose yellow_crust_ooze,MEDIUM,Impetigo,19
continuous_sneezing chills fatigue cough high_fever headache swelled_lymph_nodes malaise phlegm throat_irritation redness_of_eyes sinus_pressure runny_nose congestion chest_pain loss_of_smell muscle_pain,CRITICAL,Common Cold,77
chills fatigue cough high_fever headache swelled_lymph_nodes malaise phlegm throat_irritation redness_of_eyes sinus_pressure runny_nose congestion chest_pain loss_of_smell muscle_pain,CRITICAL,Common Cold,73
breathlessness sweating chest_pain,MEDIUM,Heart attack,14
skin_rash pus_filled_pimples blackheads scurring,LOW,Acne,9
muscle_wasting high_fever extra_marital_contacts,MEDIUM,AIDS,15
itching vomiting fatigue high_fever yellowish_skin dark_urine abdominal_pain,HIGH,Jaundice,28
continuous_sneezing shivering chills watering_from_eyes,MEDIUM,Allergy,16
fatigue cough high_fever breathlessness family_history mucoid_sputum,HIGH,Bronchial Asthma,28
vomiting sunken_eyes dehydration diarrhoea,MEDIUM,Gastroenteritis,18
vomiting loss_of_appetite abdominal_pain passage_of_gases internal_itching,MEDIUM,Peptic ulcer diseae,22
fatigue cramps obesity swollen_legs swollen_blood_vessels prominent_veins_on_calf,HIGH,Varicose veins,28
chills vomiting high_fever sweating nausea diarrhoea muscle_pain,HIGH,Malaria,31
fatigue cough high_fever breathlessness family_history mucoid_sputum,HIGH,Bronchial Asthma,28
skin_rash chills joint_pain vomiting fatigue high_fever headache nausea loss_of_appetite pain_behind_the_eyes back_pain malaise muscle_pain red_spots_over_body,CRITICAL,Dengue,55
stomach_pain acidity ulcers_on_tongue vomiting cough chest_pain,HIGH,GERD,28
muscle_wasting high_fever extra_marital_contacts,MEDIUM,AIDS,15
chills vomiting high_fever sweating headache nausea diarrhoea muscle_pain,HIGH,Malaria,34
fatigue cramps bruising obesity swollen_legs swollen_blood_vessels prominent_veins_on_calf,HIGH,Varicose veins,32
fatigue cough breathlessness family_history mucoid_sputum,MEDIUM,Bronchial Asthma,21
chills fatigue cough high_fever breathlessness sweating malaise phlegm chest_pain fast_heart_rate rusty_sputum,CRITICAL,Pneumonia,52
skin_rash high_fever red_sore_around_nose yellow_crust_ooze,MEDIUM,Impetigo,15
fatigue weight_loss restlessness lethargy irregular_sugar_level blurred_and_distorted_vision obesity excessive_hunger increased_appetite polyuria,CRITICAL,Diabetes,41
chills high_fever sweating headache nausea diarrhoea muscle_pain,HIGH,Malaria,29
chills vomiting fatigue high_fever headache nausea constipation abdominal_pain diarrhoea toxic_look_(typhos) belly_pain,CRITICAL,Typhoid,50
fatigue weight_gain cold_hands_and_feets mood_swings lethargy dizziness puffy_face_and_eyes enlarged_thyroid brittle_nails swollen_extremeties depression irritability abnormal_menstruation,CRITICAL,Hypothyroidism,53
acidity indigestion headache blurred_and_distorted_vision excessive_hunger stiff_neck depression irritability visual_disturbances,HIGH,Migraine,32
joint_pain neck_pain hip_joint_pain swelling_joints painful_walking,MEDIUM,Osteoarthristis,17
muscle_wasting high_fever extra_marital_contacts,MEDIUM,AIDS,15
skin_rash pus_filled_pimples scurring,LOW,Acne,7
skin_rash nodal_skin_eruptions dischromic _patches,LOW,Fungal infection,7
continuous_sneezing shivering watering_from_eyes,MEDIUM,Allergy,13
constipation pain_during_bowel_movements pain_in_anal_region bloody_stool irritation_in_anus,HIGH,Dimorphic hemmorhoids(piles),26
vomiting indigestion loss_of_appetite abdominal_pain passage_of_gases,MEDIUM,Peptic ulcer diseae,23
fatigue yellowish_skin nausea loss_of_appetite yellowing_of_eyes family_history,HIGH,Hepatitis C,25
muscle_wasting patches_in_throat high_fever extra_marital_contacts,MEDIUM,AIDS,21
muscle_weakness stiff_neck movement_stiffness painful_walking,MEDIUM,Arthritis,13
itching vomiting yellowish_skin nausea loss_of_appetite abdominal_pain yellowing_of_eyes,HIGH,Chronic cholestasis,26
cough high_fever breathlessness family_history mucoid_sputum,MEDIUM,Bronchial Asthma,24
skin_rash pus_filled_pimples scurring,LOW,Acne,7
itching vomiting yellowish_skin nausea loss_of_appetite abdominal_pain yellowing_of_eyes,HIGH,Chronic cholestasis,26
weight_gain cold_hands_and_feets mood_swings lethargy dizziness puffy_face_and_eyes enlarged_thyroid brittle_nails swollen_extremeties depression irritability abnormal_menstruation,CRITICAL,Hypothyroidism,49
skin_rash chills joint_pain vomiting fatigue high_fever headache nausea loss_of_appetite pain_behind_the_eyes back_pain malaise muscle_pain red_spots_over_body,CRITICAL,Dengue,55
skin_rash high_fever blister red_sore_around_nose yellow_crust_ooze,MEDIUM,Impetigo,19
itching skin_rash stomach_pain burning_micturition spotting_ urination,MEDIUM,Drug Reaction,15
chills vomiting high_fever sweating headache nausea diarrhoea muscle_pain,HIGH,Malaria,34
fatigue weight_loss restlessness lethargy irregular_sugar_level blurred_and_distorted_vision excessive_hunger increased_appetite polyuria,HIGH,Diabetes,37
vomiting headache altered_sensorium,LOW,Paralysis (brain hemorrhage),10
skin_rash chills joint_pain vomiting fatigue high_fever headache nausea loss_of_appetite pain_behind_the_eyes back_pain malaise muscle_pain red_spots_over_body,CRITICAL,Dengue,55
vomiting fatigue high_fever yellowish_skin dark_urine nausea loss_of_appetite abdominal_pain yellowing_of_eyes acute_liver_failure coma stomach_bleeding,CRITICAL,Hepatitis E,59
joint_pain vomiting fatigue yellowish_skin dark_urine nausea loss_of_appetite abdominal_pain,HIGH,Hepatitis D,32
chills vomiting high_fever sweating headache nausea diarrhoea muscle_pain,HIGH,Malaria,34
fatigue weight_loss restlessness lethargy irregular_sugar_level blurred_and_distorted_vision obesity excessive_hunger increased_appetite polyuria,CRITICAL,Diabetes,41
acidity indigestion headache blurred_and_distorted_vision excessive_hunger stiff_neck depression irritability visual_disturbances,HIGH,Migraine,32
itching vomiting yellowish_skin nausea loss_of_appetite abdominal_pain yellowing_of_eyes,HIGH,Chronic cholestasis,26
continuous_sneezing chills fatigue cough high_fever headache swelled_lymph_nodes malaise phlegm throat_irritation redness_of_eyes sinus_pressure runny_nose congestion chest_pain loss_of_smell muscle_pain,CRITICAL,Common Cold,77
joint_pain vomiting yellowish_skin dark_urine nausea loss_of_appetite abdominal_pain diarrhoea mild_fever yellowing_of_eyes muscle_pain,CRITICAL,hepatitis A,45
fatigue cramps obesity swollen_legs swollen_blood_vessels prominent_veins_on_calf,HIGH,Varicose veins,28
vomiting yellowish_skin abdominal_pain swelling_of_stomach distention_of_abdomen history_of_alcohol_consumption fluid_overload,HIGH,Alcoholic hepatitis,32
fatigue mood_swings weight_loss restlessness sweating diarrhoea fast_heart_rate excessive_hunger muscle_weakness irritability abnormal_menstruation,CRITICAL,Hyperthyroidism,43
joint_pain vomiting fatigue yellowish_skin dark_urine nausea loss_of_appetite abdominal_pain yellowing_of_eyes,HIGH,Hepatitis D,36
fatigue yellowish_skin nausea yellowing_of_eyes family_history,MEDIUM,Hepatitis C,21
burning_micturition bladder_discomfort foul_smell_of urine continuous_feel_of_urine,MEDIUM,Urinary tract infection,16
chills vomiting fatigue weight_loss cough high_fever breathlessness sweating loss_of_appetite mild_fever yellowing_of_eyes swelled_lymph_nodes malaise phlegm chest_pain blood_in_sputum,CRITICAL,Tuberculosis,75
fatigue weight_loss restlessness sweating diarrhoea fast_heart_rate excessive_hunger muscle_weakness irritability abnormal_menstruation,CRITICAL,Hyperthyroidism,40
vomiting yellowish_skin abdominal_pain swelling_of_stomach distention_of_abdomen history_of_alcohol_consumption fluid_overload,HIGH,Alcoholic hepatitis,32
vomiting fatigue anxiety sweating headache nausea blurred_and_distorted_vision excessive_hunger drying_and_tingling_lips slurred_speech irritability palpitations,CRITICAL,Hypoglycemia,47
itching vomiting fatigue high_fever yellowish_skin dark_urine abdominal_pain,HIGH,Jaundice,28
fatigue mood_swings weight_loss restlessness sweating diarrhoea fast_heart_rate excessive_hunger muscle_weakness irritability abnormal_menstruation,CRITICAL,Hyperthyroidism,43
itching skin_rash fatigue lethargy high_fever headache loss_of_appetite mild_fever swelled_lymph_nodes malaise red_spots_over_body,CRITICAL,Chicken pox,44
headache chest_pain dizziness loss_of_balance lack_of_concentration,MEDIUM,Hypertension,21
vomiting sunken_eyes dehydration diarrhoea,MEDIUM,Gastroenteritis,18
fatigue cough high_fever breathlessness family_history mucoid_sputum,HIGH,Bronchial Asthma,28
vomiting headache altered_sensorium,LOW,Paralysis (brain hemorrhage),10
vomiting headache weakness_of_one_body_side altered_sensorium,MEDIUM,Paralysis (brain hemorrhage),14
continuous_sneezing shivering chills watering_from_eyes,MEDIUM,Allergy,16
constipation pain_during_bowel_movements bloody_stool irritation_in_anus,MEDIUM,Dimorphic hemmorhoids(piles),20
burning_micturition bladder_discomfort continuous_feel_of_urine,MEDIUM,Urinary tract infection,16
burning_micturition bladder_discomfort foul_smell_of urine continuous_feel_of_urine,MEDIUM,Urinary tract infection,16
muscle_wasting patches_in_throat high_fever extra_marital_contacts,MEDIUM,AIDS,21
vomiting breathlessness sweating chest_pain,MEDIUM,Heart attack,19
itching vomiting fatigue weight_loss high_fever yellowish_skin dark_urine abdominal_pain,HIGH,Jaundice,31
burning_micturition bladder_discomfort foul_smell_of urine continuous_feel_of_urine,MEDIUM,Urinary tract infection,16
vomiting breathlessness sweating chest_pain,MEDIUM,Heart attack,19
joint_pain vomiting dark_urine nausea loss_of_appetite abdominal_pain diarrhoea mild_fever yellowing_of_eyes muscle_pain,CRITICAL,hepatitis A,42
vomiting indigestion loss_of_appetite abdominal_pain passage_of_gases internal_itching,HIGH,Peptic ulcer diseae,27
vomiting yellowish_skin abdominal_pain swelling_of_stomach distention_of_abdomen history_of_alcohol_consumption fluid_overload,HIGH,Alcoholic hepatitis,32
chills vomiting fatigue high_fever headache nausea constipation abdominal_pain diarrhoea belly_pain,CRITICAL,Typhoid,45
constipation pain_during_bowel_movements pain_in_anal_region irritation_in_anus,MEDIUM,Dimorphic hemmorhoids(piles),21
chills fatigue cough breathlessness sweating malaise phlegm chest_pain fast_heart_rate rusty_sputum,CRITICAL,Pneumonia,45
skin_rash blister red_sore_around_nose yellow_crust_ooze,LOW,Impetigo,12
acidity indigestion headache blurred_and_distorted_vision excessive_hunger depression irritability visual_disturbances,HIGH,Migraine,28
chills vomiting high_fever sweating headache nausea diarrhoea muscle_pain,HIGH,Malaria,34
skin_rash joint_pain skin_peeling silver_like_dusting small_dents_in_nails inflammatory_nails,MEDIUM,Psoriasis,15
fatigue high_fever breathlessness family_history mucoid_sputum,MEDIUM,Bronchial Asthma,24
vomiting fatigue anxiety sweating headache nausea blurred_and_distorted_vision excessive_hunger drying_and_tingling_lips slurred_speech irritability palpitations,CRITICAL,Hypoglycemia,47
fatigue weight_loss restlessness lethargy irregular_sugar_level blurred_and_distorted_vision obesity excessive_hunger increased_appetite polyuria,CRITICAL,Diabetes,41
itching fatigue lethargy yellowish_skin dark_urine loss_of_appetite abdominal_pain yellow_urine yellowing_of_eyes malaise receiving_blood_transfusion receiving_unsterile_injections,CRITICAL,Hepatitis B,43
vomiting breathlessness sweating chest_pain,MEDIUM,Heart attack,19
chills fatigue high_fever breathlessness sweating malaise phlegm chest_pain fast_heart_rate rusty_sputum,CRITICAL,Pneumonia,48
skin_rash joint_pain skin_peeling silver_like_dusting small_dents_in_nails inflammatory_nails,MEDIUM,Psoriasis,15
itching skin_rash fatigue lethargy high_fever headache loss_of_appetite mild_fever swelled_lymph_nodes malaise red_spots_over_body,CRITICAL,Chicken pox,44
back_pain weakness_in_limbs neck_pain dizziness loss_of_balance,MEDIUM,Cervical spondylosis,23
fatigue mood_swings weight_loss restlessness sweating diarrhoea fast_heart_rate excessive_hunger muscle_weakness irritability abnormal_menstruation,CRITICAL,Hyperthyroidism,43
fatigue weight_gain cold_hands_and_feets mood_swings lethargy dizziness enlarged_thyroid brittle_nails swollen_extremeties depression irritability abnormal_menstruation,CRITICAL,Hypothyroidism,48
muscle_wasting patches_in_throat extra_marital_contacts,MEDIUM,AIDS,14
itching skin_rash stomach_pain burning_micturition spotting_ urination,MEDIUM,Drug Reaction,15
chills vomiting fatigue weight_loss cough breathlessness sweating loss_of_appetite mild_fever yellowing_of_eyes swelled_lymph_nodes malaise phlegm chest_pain blood_in_sputum,CRITICAL,Tuberculosis,68
vomiting weakness_of_one_body_side altered_sensorium,LOW,Paralysis (brain hemorrhage),11
acidity indigestion headache blurred_and_distorted_vision excessive_hunger stiff_neck depression irritability visual_disturbances,HIGH,Migraine,32
joint_pain neck_pain knee_pain hip_joint_pain swelling_joints painful_walking,MEDIUM,Osteoarthristis,20
itching vomiting fatigue high_fever yellowish_skin dark_urine abdominal_pain,HIGH,Jaundice,28
skin_rash chills joint_pain vomiting fatigue high_fever headache nausea loss_of_appetite pain_behind_the_eyes back_pain malaise muscle_pain red_spots_over_body,CRITICAL,Dengue,55
joint_pain vomiting fatigue high_fever yellowish_skin dark_urine nausea loss_of_appetite abdominal_pain yellowing_of_eyes acute_liver_failure coma stomach_bleeding,CRITICAL,Hepatitis E,62
joint_pain neck_pain knee_pain hip_joint_pain swelling_joints painful_walking,MEDIUM,Osteoarthristis,20
joint_pain vomiting fatigue yellowish_skin dark_urine nausea loss_of_appetite abdominal_pain yellowing_of_eyes,HIGH,Hepatitis D,36
itching skin_rash stomach_pain burning_micturition,MEDIUM,Drug Reaction,15
fatigue weight_gain cold_hands_and_feets mood_swings lethargy dizziness puffy_face_and_eyes enlarged_thyroid brittle_nails swollen_extremeties depression irritability abnormal_menstruation,CRITICAL,Hypothyroidism,53
itching skin_rash nodal_skin_eruptions dischromic _patches,LOW,Fungal infection,8
chills vomiting high_fever sweating nausea diarrhoea muscle_pain,HIGH,Malaria,31
itching vomiting fatigue weight_loss high_fever yellowish_skin dark_urine abdominal_pain,HIGH,Jaundice,31
fatigue cough high_fever breathlessness family_history mucoid_sputum,HIGH,Bronchial Asthma,28
acidity indigestion headache blurred_and_distorted_vision excessive_hunger stiff_neck depression irritability visual_disturbances,HIGH,Migraine,32
continuous_sneezing chills fatigue cough high_fever headache malaise phlegm throat_irritation redness_of_eyes sinus_pressure runny_nose congestion chest_pain loss_of_smell muscle_pain,CRITICAL,Common Cold,71
fatigue cramps bruising obesity swollen_legs swollen_blood_vessels prominent_veins_on_calf,HIGH,Varicose veins,32
weakness_in_limbs neck_pain dizziness loss_of_balance,MEDIUM,Cervical spondylosis,20
indigestion loss_of_appetite abdominal_pain passage_of_gases internal_itching,MEDIUM,Peptic ulcer diseae,22
itching vomiting fatigue weight_loss high_fever yellowish_skin dark_urine abdominal_pain,HIGH,Jaundice,31
vomiting headache nausea spinning_movements loss_of_balance unsteadiness,HIGH,(vertigo) Paroymsal  Positional Vertigo,27
vomiting weakness_of_one_body_side altered_sensorium,LOW,Paralysis (brain hemorrhage),11
fatigue mood_swings weight_loss restlessness sweating fast_heart_rate excessive_hunger muscle_weakness irritability abnormal_menstruation,HIGH,Hyperthyroidism,37
joint_pain vomiting fatigue yellowish_skin dark_urine nausea loss_of_appetite abdominal_pain yellowing_of_eyes,HIGH,Hepatitis D,36
itching skin_rash nodal_skin_eruptions dischromic _patches,LOW,Fungal infection,8
skin_rash pus_filled_pimples blackheads scurring,LOW,Acne,9
skin_rash nodal_skin_eruptions dischromic _patches,LOW,Fungal infection,7
skin_rash pus_filled_pimples blackheads scurring,LOW,Acne,9
joint_pain neck_pain knee_pain hip_joint_pain swelling_joints painful_walking,MEDIUM,Osteoarthristis,20
skin_rash chills joint_pain vomiting fatigue high_fever headache nausea loss_of_appetite pain_behind_the_eyes back_pain malaise muscle_pain red_spots_over_body,CRITICAL,Dengue,55
vomiting breathlessness chest_pain,MEDIUM,Heart attack,16
fatigue nausea loss_of_appetite yellowing_of_eyes family_history,MEDIUM,Hepatitis C,22
vomiting breathlessness sweating chest_pain,MEDIUM,Heart attack,19
back_pain weakness_in_limbs neck_pain dizziness loss_of_balance,MEDIUM,Cervical spondylosis,23
vomiting sunken_eyes dehydration diarrhoea,MEDIUM,Gastroenteritis,18
vomiting headache nausea spinning_movements loss_of_balance unsteadiness,HIGH,(vertigo) Paroymsal  Positional Vertigo,27
chills joint_pain vomiting fatigue high_fever headache nausea loss_of_appetite pain_behind_the_eyes back_pain malaise muscle_pain red_spots_over_body,CRITICAL,Dengue,52
joint_pain vomiting yellowish_skin dark_urine nausea loss_of_appetite abdominal_pain diarrhoea mild_fever yellowing_of_eyes muscle_pain,CRITICAL,hepatitis A,45
chills fatigue high_fever headache nausea constipation abdominal_pain diarrhoea toxic_look_(typhos) belly_pain,CRITICAL,Typhoid,45
fatigue cough high_fever breathlessness sweating malaise phlegm chest_pain fast_heart_rate rusty_sputum,CRITICAL,Pneumonia,49
vomiting sunken_eyes dehydration diarrhoea,MEDIUM,Gastroenteritis,18
muscle_weakness stiff_neck swelling_joints movement_stiffness painful_walking,MEDIUM,Arthritis,18
back_pain weakness_in_limbs neck_pain dizziness loss_of_balance,MEDIUM,Cervical spondylosis,23
itching vomiting weight_loss high_fever yellowish_skin dark_urine abdominal_pain,HIGH,Jaundice,27
itching vomiting yellowish_skin nausea loss_of_appetite abdominal_pain yellowing_of_eyes,HIGH,Chronic cholestasis,26
skin_rash pus_filled_pimples scurring,LOW,Acne,7
fatigue weight_loss restlessness lethargy blurred_and_distorted_vision obesity excessive_hunger increased_appetite polyuria,HIGH,Diabetes,36
skin_rash chills joint_pain vomiting high_fever headache nausea loss_of_appetite pain_behind_the_eyes back_pain malaise muscle_pain red_spots_over_body,CRITICAL,Dengue,51
itching fatigue lethargy yellowish_skin dark_urine loss_of_appetite abdominal_pain yellow_urine yellowing_of_eyes malaise receiving_blood_transfusion receiving_unsterile_injections,CRITICAL,Hepatitis B,43
skin_rash joint_pain skin_peeling silver_like_dusting small_dents_in_nails inflammatory_nails,MEDIUM,Psoriasis,15
skin_rash high_fever blister red_sore_around_nose yellow_crust_ooze,MEDIUM,Impetigo,19
vomiting indigestion loss_of_appetite abdominal_pain passage_of_gases internal_itching,HIGH,Peptic ulcer diseae,27
chills vomiting fatigue weight_loss cough high_fever breathlessness sweating loss_of_appetite mild_fever yellowing_of_eyes swelled_lymph_nodes malaise phlegm chest_pain blood_in_sputum,CRITICAL,Tuberculosis,75
skin_rash high_fever blister red_sore_around_nose yellow_crust_ooze,MEDIUM,Impetigo,19
vomiting headache weakness_of_one_body_side altered_sensorium,MEDIUM,Paralysis (brain hemorrhage),14
continuous_sneezing chills fatigue cough high_fever headache swelled_lymph_nodes malaise phlegm throat_irritation redness_of_eyes sinus_pressure runny_nose congestion chest_pain loss_of_smell muscle_pain,CRITICAL,Common Cold,77
joint_pain neck_pain knee_pain hip_joint_pain swelling_joints painful_walking,MEDIUM,Osteoarthristis,20
continuous_sneezing chills fatigue cough high_fever headache swelled_lymph_nodes malaise phlegm throat_irritation redness_of_eyes sinus_pressure runny_nose congestion chest_pain loss_of_smell muscle_pain,CRITICAL,Common Cold,77
fatigue mood_swings weight_loss restlessness sweating diarrhoea fast_heart_rate excessive_hunger muscle_weakness irritability abnormal_menstruation,CRITICAL,Hyperthyroidism,43
itching vomiting fatigue weight_loss high_fever yellowish_skin dark_urine abdominal_pain,HIGH,Jaundice,31
skin_rash chills joint_pain vomiting fatigue high_fever headache nausea loss_of_appetite pain_behind_the_eyes back_pain malaise muscle_pain red_spots_over_body,CRITICAL,Dengue,55
itching vomiting yellowish_skin nausea loss_of_appetite abdominal_pain yellowing_of_eyes,HIGH,Chronic cholestasis,26
muscle_wasting patches_in_throat high_fever extra_marital_contacts,MEDIUM,AIDS,21
chills vomiting fatigue weight_loss cough high_fever breathlessness sweating loss_of_appetite mild_fever yellowing_of_eyes swelled_lymph_nodes malaise phlegm chest_pain blood_in_sputum,CRITICAL,Tuberculosis,75
fatigue yellowish_skin nausea loss_of_appetite yellowing_of_eyes family_history,HIGH,Hepatitis C,25
continuous_sneezing chills fatigue cough high_fever headache swelled_lymph_nodes malaise phlegm throat_irritation redness_of_eyes sinus_pressure runny_nose congestion chest_pain loss_of_smell muscle_pain,CRITICAL,Common Cold,77
vomiting yellowish_skin dark_urine nausea loss_of_appetite abdominal_pain diarrhoea mild_fever yellowing_of_eyes muscle_pain,CRITICAL,hepatitis A,42
acidity indigestion headache blurred_and_distorted_vision excessive_hunger stiff_neck depression irritability visual_disturbances,HIGH,Migraine,32
vomiting sunken_eyes dehydration diarrhoea,MEDIUM,Gastroenteritis,18
fatigue mood_swings weight_loss restlessness sweating diarrhoea fast_heart_rate excessive_hunger muscle_weakness irritability abnormal_menstruation,CRITICAL,Hyperthyroidism,43
chills vomiting fatigue high_fever headache nausea constipation abdominal_pain diarrhoea toxic_look_(typhos) belly_pain,CRITICAL,Typhoid,50
skin_rash pus_filled_pimples blackheads scurring,LOW,Acne,9
back_pain weakness_in_limbs neck_pain dizziness loss_of_balance,MEDIUM,Cervical spondylosis,23
itching vomiting nausea loss_of_appetite abdominal_pain yellowing_of_eyes,MEDIUM,Chronic cholestasis,23
vomiting sweating chest_pain,MEDIUM,Heart attack,15
vomiting sunken_eyes dehydration diarrhoea,MEDIUM,Gastroenteritis,18
back_pain weakness_in_limbs neck_pain dizziness loss_of_balance,MEDIUM,Cervical spondylosis,23
fatigue yellowish_skin nausea loss_of_appetite yellowing_of_eyes family_history,HIGH,Hepatitis C,25
skin_rash joint_pain skin_peeling silver_like_dusting inflammatory_nails,MEDIUM,Psoriasis,13
skin_rash high_fever blister red_sore_around_nose yellow_crust_ooze,MEDIUM,Impetigo,19
muscle_weakness stiff_neck swelling_joints movement_stiffness painful_walking,MEDIUM,Arthritis,18
joint_pain neck_pain knee_pain swelling_joints painful_walking,MEDIUM,Osteoarthristis,18
stomach_pain acidity vomiting cough chest_pain,MEDIUM,GERD,24
burning_micturition bladder_discomfort continuous_feel_of_urine,MEDIUM,Urinary tract infection,16
skin_rash chills joint_pain vomiting fatigue high_fever headache nausea loss_of_appetite pain_behind_the_eyes back_pain malaise muscle_pain red_spots_over_body,CRITICAL,Dengue,55
chills vomiting high_fever sweating headache diarrhoea muscle_pain,HIGH,Malaria,29
muscle_weakness stiff_neck swelling_joints movement_stiffness painful_walking,MEDIUM,Arthritis,18
itching skin_rash fatigue lethargy high_fever loss_of_appetite mild_fever swelled_lymph_nodes malaise red_spots_over_body,CRITICAL,Chicken pox,41
skin_rash pus_filled_pimples blackheads scurring,LOW,Acne,9
constipation pain_during_bowel_movements pain_in_anal_region bloody_stool irritation_in_anus,HIGH,Dimorphic hemmorhoids(piles),26
constipation pain_during_bowel_movements pain_in_anal_region bloody_stool irritation_in_anus,HIGH,Dimorphic hemmorhoids(piles),26
muscle_weakness stiff_neck swelling_joints movement_stiffness painful_walking,MEDIUM,Arthritis,18
fatigue mood_swings weight_loss restlessness sweating diarrhoea fast_heart_rate muscle_weakness irritability abnormal_menstruation,HIGH,Hyperthyroidism,39
itching fatigue lethargy yellowish_skin dark_urine loss_of_appetite abdominal_pain yellow_urine yellowing_of_eyes malaise receiving_blood_transfusion receiving_unsterile_injections,CRITICAL,Hepatitis B,43
skin_rash chills vomiting fatigue high_fever headache nausea loss_of_appetite pain_behind_the_eyes back_pain malaise muscle_pain red_spots_over_body,CRITICAL,Dengue,52
continuous_sneezing fatigue cough high_fever headache swelled_lymph_nodes malaise phlegm throat_irritation redness_of_eyes sinus_pressure runny_nose congestion chest_pain loss_of_smell muscle_pain,CRITICAL,Common Cold,74
skin_rash pus_filled_pimples blackheads scurring,LOW,Acne,9
chills vomiting fatigue high_fever headache nausea constipation abdominal_pain diarrhoea belly_pain,CRITICAL,Typhoid,45
headache chest_pain dizziness loss_of_balance lack_of_concentration,MEDIUM,Hypertension,21
muscle_weakness stiff_neck swelling_joints movement_stiffness painful_walking,MEDIUM,Arthritis,18
joint_pain vomiting fatigue yellowish_skin dark_urine nausea loss_of_appetite abdominal_pain yellowing_of_eyes,HIGH,Hepatitis D,36
continuous_sneezing chills fatigue cough high_fever headache malaise phlegm throat_irritation redness_of_eyes sinus_pressure runny_nose congestion chest_pain loss_of_smell muscle_pain,CRITICAL,Common Cold,71
skin_rash high_fever blister red_sore_around_nose yellow_crust_ooze,MEDIUM,Impetigo,19
joint_pain vomiting yellowish_skin dark_urine loss_of_appetite abdominal_pain diarrhoea mild_fever yellowing_of_eyes muscle_pain,CRITICAL,hepatitis A,40
cramps bruising obesity swollen_legs swollen_blood_vessels prominent_veins_on_calf,HIGH,Varicose veins,28
vomiting indigestion loss_of_appetite abdominal_pain internal_itching,MEDIUM,Peptic ulcer diseae,22
acidity indigestion headache blurred_and_distorted_vision excessive_hunger stiff_neck depression irritability visual_disturbances,HIGH,Migraine,32
stomach_pain acidity ulcers_on_tongue vomiting cough chest_pain,HIGH,GERD,28
skin_rash joint_pain skin_peeling silver_like_dusting small_dents_in_nails inflammatory_nails,MEDIUM,Psoriasis,15
itching skin_rash stomach_pain burning_micturition spotting_ urination,MEDIUM,Drug Reaction,15
constipation pain_during_bowel_movements pain_in_anal_region bloody_stool irritation_in_anus,HIGH,Dimorphic hemmorhoids(piles),26
joint_pain vomiting fatigue yellowish_skin dark_urine nausea loss_of_appetite abdominal_pain yellowing_of_eyes acute_liver_failure coma stomach_bleeding,CRITICAL,Hepatitis E,55
fatigue weight_loss restlessness lethargy irregular_sugar_level blurred_and_distorted_vision obesity excessive_hunger increased_appetite polyuria,CRITICAL,Diabetes,41
fatigue mood_swings weight_loss restlessness sweating diarrhoea fast_heart_rate excessive_hunger muscle_weakness irritability abnormal_menstruation,CRITICAL,Hyperthyroidism,43
skin_rash chills joint_pain vomiting fatigue high_fever headache nausea loss_of_appetite pain_behind_the_eyes back_pain malaise muscle_pain red_spots_over_body,CRITICAL,Dengue,55
fatigue cramps bruising obesity swollen_legs swollen_blood_vessels prominent_veins_on_calf,HIGH,Varicose veins,32
joint_pain neck_pain hip_joint_pain swelling_joints painful_walking,MEDIUM,Osteoarthristis,17
itching skin_rash nodal_skin_eruptions dischromic _patches,LOW,Fungal infection,8
burning_micturition bladder_discomfort foul_smell_of urine continuous_feel_of_urine,MEDIUM,Urinary tract infection,16
acidity indigestion headache blurred_and_distorted_vision excessive_hunger stiff_neck depression irritability visual_disturbances,HIGH,Migraine,32
joint_pain vomiting fatigue high_fever yellowish_skin dark_urine nausea loss_of_appetite abdominal_pain yellowing_of_eyes acute_liver_failure coma stomach_bleeding,CRITICAL,Hepatitis E,62
joint_pain vomiting yellowish_skin dark_urine nausea loss_of_appetite abdominal_pain diarrhoea mild_fever yellowing_of_eyes muscle_pain,CRITICAL,hepatitis A,45
fatigue yellowish_skin nausea loss_of_appetite yellowing_of_eyes family_history,HIGH,Hepatitis C,25
itching vomiting nausea loss_of_appetite abdominal_pain yellowing_of_eyes,MEDIUM,Chronic cholestasis,23
pus_filled_pimples blackheads scurring,LOW,Acne,6
chills vomiting fatigue weight_loss cough high_fever breathlessness sweating loss_of_appetite mild_fever yellowing_of_eyes swelled_lymph_nodes malaise phlegm chest_pain blood_in_sputum,CRITICAL,Tuberculosis,75
skin_rash joint_pain skin_peeling silver_like_dusting small_dents_in_nails inflammatory_nails,MEDIUM,Psoriasis,15
joint_pain vomiting fatigue yellowish_skin dark_urine nausea loss_of_appetite abdominal_pain yellowing_of_eyes acute_liver_failure coma stomach_bleeding,CRITICAL,Hepatitis E,55
skin_rash chills joint_pain vomiting fatigue high_fever headache nausea loss_of_appetite pain_behind_the_eyes back_pain malaise muscle_pain red_spots_over_body,CRITICAL,Dengue,55
joint_pain vomiting fatigue high_fever yellowish_skin dark_urine nausea loss_of_appetite abdominal_pain yellowing_of_eyes acute_liver_failure coma stomach_bleeding,CRITICAL,Hepatitis E,62
skin_rash joint_pain skin_peeling silver_like_dusting small_dents_in_nails inflammatory_nails,MEDIUM,Psoriasis,15
fatigue weight_gain cold_hands_and_feets mood_swings lethargy dizziness puffy_face_and_eyes enlarged_thyroid brittle_nails swollen_extremeties depression irritability abnormal_menstruation,CRITICAL,Hypothyroidism,53
headache chest_pain dizziness loss_of_balance lack_of_concentration,MEDIUM,Hypertension,21
chills fatigue cough high_fever breathlessness sweating malaise phlegm chest_pain fast_heart_rate rusty_sputum,CRITICAL,Pneumonia,52
back_pain neck_pain dizziness loss_of_balance,MEDIUM,Cervical spondylosis,16
vomiting headache weakness_of_one_body_side altered_sensorium,MEDIUM,Paralysis (brain hemorrhage),14
skin_rash joint_pain skin_peeling silver_like_dusting small_dents_in_nails inflammatory_nails,MEDIUM,Psoriasis,15
chills vomiting high_fever sweating headache nausea diarrhoea muscle_pain,HIGH,Malaria,34
vomiting yellowish_skin abdominal_pain swelling_of_stomach distention_of_abdomen history_of_alcohol_consumption fluid_overload,HIGH,Alcoholic hepatitis,32
fatigue lethargy yellowish_skin dark_urine loss_of_appetite abdominal_pain yellow_urine yellowing_of_eyes malaise receiving_blood_transfusion receiving_unsterile_injections,CRITICAL,Hepatitis B,42
joint_pain vomiting yellowish_skin dark_urine nausea loss_of_appetite abdominal_pain mild_fever yellowing_of_eyes muscle_pain,HIGH,hepatitis A,39
vomiting indigestion abdominal_pain passage_of_gases internal_itching,MEDIUM,Peptic ulcer diseae,23
fatigue weight_gain cold_hands_and_feets mood_swings lethargy dizziness puffy_face_and_eyes enlarged_thyroid brittle_nails swollen_extremeties depression irritability abnormal_menstruation,CRITICAL,Hypothyroidism,53
acidity indigestion headache blurred_and_distorted_vision stiff_neck depression irritability visual_disturbances,HIGH,Migraine,28
fatigue yellowish_skin nausea loss_of_appetite yellowing_of_eyes family_history,HIGH,Hepatitis C,25
itching skin_rash stomach_pain burning_micturition spotting_ urination,MEDIUM,Drug Reaction,15
itching vomiting yellowish_skin nausea loss_of_appetite abdominal_pain yellowing_of_eyes,HIGH,Chronic cholestasis,26
muscle_weakness stiff_neck movement_stiffness painful_walking,MEDIUM,Arthritis,13
skin_rash joint_pain skin_peeling silver_like_dusting small_dents_in_nails inflammatory_nails,MEDIUM,Psoriasis,15
fatigue weight_gain mood_swings lethargy dizziness puffy_face_and_eyes enlarged_thyroid brittle_nails swollen_extremeties depression irritability abnormal_menstruation,CRITICAL,Hypothyroidism,48
skin_rash chills joint_pain vomiting fatigue high_fever headache nausea loss_of_appetite pain_behind_the_eyes back_pain malaise muscle_pain red_spots_over_body,CRITICAL,Dengue,55
acidity indigestion headache blurred_and_distorted_vision excessive_hunger stiff_neck depression visual_disturbances,HIGH,Migraine,30
joint_pain vomiting fatigue high_fever yellowish_skin nausea loss_of_appetite abdominal_pain yellowing_of_eyes acute_liver_failure coma stomach_bleeding,CRITICAL,Hepatitis E,58
itching vomiting fatigue weight_loss high_fever dark_urine abdominal_pain,HIGH,Jaundice,28
chills vomiting high_fever sweating headache diarrhoea muscle_pain,HIGH,Malaria,29
joint_pain fatigue high_fever yellowish_skin dark_urine nausea loss_of_appetite abdominal_pain yellowing_of_eyes acute_liver_failure coma stomach_bleeding,CRITICAL,Hepatitis E,57
skin_rash pus_filled_pimples blackheads scurring,LOW,Acne,9
fatigue yellowish_skin nausea loss_of_appetite yellowing_of_eyes,MEDIUM,Hepatitis C,20
burning_micturition bladder_discomfort foul_smell_of urine continuous_feel_of_urine,MEDIUM,Urinary tract infection,16
breathlessness sweating chest_pain,MEDIUM,Heart attack,14
vomiting indigestion loss_of_appetite abdominal_pain passage_of_gases internal_itching,HIGH,Peptic ulcer diseae,27
skin_rash blackheads scurring,LOW,Acne,7
fatigue cough high_fever breathlessness family_history mucoid_sputum,HIGH,Bronchial Asthma,28
constipation pain_during_bowel_movements pain_in_anal_region bloody_stool irritation_in_anus,HIGH,Dimorphic hemmorhoids(piles),26
joint_pain neck_pain knee_pain hip_joint_pain swelling_joints painful_walking,MEDIUM,Osteoarthristis,20
fatigue cough high_fever family_history mucoid_sputum,MEDIUM,Bronchial Asthma,24
chills vomiting high_fever sweating headache nausea muscle_pain,HIGH,Malaria,28
back_pain weakness_in_limbs neck_pain loss_of_balance,MEDIUM,Cervical spondylosis,19
burning_micturition bladder_discomfort foul_smell_of urine continuous_feel_of_urine,MEDIUM,Urinary tract infection,16
burning_micturition bladder_discomfort foul_smell_of urine continuous_feel_of_urine,MEDIUM,Urinary tract infection,16
muscle_wasting high_fever extra_marital_contacts,MEDIUM,AIDS,15
fatigue weight_gain cold_hands_and_feets mood_swings lethargy dizziness puffy_face_and_eyes enlarged_thyroid brittle_nails swollen_extremeties depression irritability abnormal_menstruation,CRITICAL,Hypothyroidism,53
joint_pain vomiting yellowish_skin dark_urine nausea abdominal_pain diarrhoea mild_fever yellowing_of_eyes muscle_pain,CRITICAL,hepatitis A,41
fatigue mood_swings weight_loss restlessness sweating diarrhoea fast_heart_rate excessive_hunger muscle_weakness irritability abnormal_menstruation,CRITICAL,Hyperthyroidism,43
continuous_sneezing chills fatigue cough headache swelled_lymph_nodes malaise phlegm throat_irritation redness_of_eyes sinus_pressure runny_nose congestion chest_pain loss_of_smell muscle_pain,CRITICAL,Common Cold,70
continuous_sneezing shivering chills watering_from_eyes,MEDIUM,Allergy,16
continuous_sneezing chills fatigue cough high_fever headache swelled_lymph_nodes malaise phlegm throat_irritation redness_of_eyes sinus_pressure runny_nose congestion chest_pain loss_of_smell muscle_pain,CRITICAL,Common Cold,77
fatigue yellowish_skin loss_of_appetite yellowing_of_eyes family_history,MEDIUM,Hepatitis C,20
continuous_sneezing chills fatigue cough high_fever swelled_lymph_nodes malaise phlegm throat_irritation redness_of_eyes sinus_pressure runny_nose congestion chest_pain loss_of_smell muscle_pain,CRITICAL,Common Cold,74
fatigue restlessness lethargy irregular_sugar_level blurred_and_distorted_vision obesity excessive_hunger increased_appetite polyuria,HIGH,Diabetes,38
itching fatigue lethargy yellowish_skin dark_urine loss_of_appetite abdominal_pain yellow_urine yellowing_of_eyes malaise receiving_blood_transfusion receiving_unsterile_injections,CRITICAL,Hepatitis B,43
acidity ulcers_on_tongue vomiting cough chest_pain,MEDIUM,GERD,23
vomiting yellowish_skin abdominal_pain swelling_of_stomach distention_of_abdomen history_of_alcohol_consumption fluid_overload,HIGH,Alcoholic hepatitis,32
itching vomiting fatigue weight_loss high_fever yellowish_skin dark_urine abdominal_pain,HIGH,Jaundice,31
fatigue weight_gain cold_hands_and_feets mood_swings lethargy dizziness puffy_face_and_eyes enlarged_thyroid brittle_nails swollen_extremeties depression irritability abnormal_menstruation,CRITICAL,Hypothyroidism,53
patches_in_throat high_fever extra_marital_contacts,MEDIUM,AIDS,18
acidity indigestion headache blurred_and_distorted_vision excessive_hunger stiff_neck depression visual_disturbances,HIGH,Migraine,30
chills vomiting fatigue high_fever headache nausea constipation abdominal_pain diarrhoea toxic_look_(typhos) belly_pain,CRITICAL,Typhoid,50
bladder_discomfort foul_smell_of urine continuous_feel_of_urine,LOW,Urinary tract infection,10
itching skin_rash fatigue lethargy high_fever headache loss_of_appetite mild_fever swelled_lymph_nodes malaise red_spots_over_body,CRITICAL,Chicken pox,44
chills fatigue cough high_fever breathlessness sweating malaise phlegm chest_pain fast_heart_rate rusty_sputum,CRITICAL,Pneumonia,52
chills fatigue high_fever headache nausea constipation abdominal_pain diarrhoea toxic_look_(typhos) belly_pain,CRITICAL,Typhoid,45
fatigue yellowish_skin nausea loss_of_appetite family_history,MEDIUM,Hepatitis C,21
skin_rash joint_pain skin_peeling silver_like_dusting small_dents_in_nails inflammatory_nails,MEDIUM,Psoriasis,15
vomiting indigestion loss_of_appetite abdominal_pain passage_of_gases internal_itching,HIGH,Peptic ulcer diseae,27
burning_micturition bladder_discomfort foul_smell_of urine continuous_feel_of_urine,MEDIUM,Urinary tract infection,16
skin_rash chills joint_pain vomiting fatigue headache nausea loss_of_appetite pain_behind_the_eyes back_pain malaise muscle_pain red_spots_over_body,CRITICAL,Dengue,48
fatigue cramps bruising obesity swollen_legs swollen_blood_vessels prominent_veins_on_calf,HIGH,Varicose veins,32
muscle_weakness stiff_neck swelling_joints movement_stiffness painful_walking,MEDIUM,Arthritis,18
skin_rash high_fever blister red_sore_around_nose yellow_crust_ooze,MEDIUM,Impetigo,19
itching skin_rash nodal_skin_eruptions dischromic _patches,LOW,Fungal infection,8
vomiting fatigue anxiety sweating headache nausea blurred_and_distorted_vision excessive_hunger drying_and_tingling_lips slurred_speech irritability palpitations,CRITICAL,Hypoglycemia,47
vomiting headache altered_sensorium,LOW,Paralysis (brain hemorrhage),10
shivering chills watering_from_eyes,LOW,Allergy,12
chills vomiting fatigue weight_loss cough high_fever breathlessness sweating loss_of_appetite mild_fever yellowing_of_eyes swelled_lymph_nodes malaise phlegm chest_pain blood_in_sputum,CRITICAL,Tuberculosis,75
skin_rash blackheads scurring,LOW,Acne,7
skin_rash pus_filled_pimples blackheads scurring,LOW,Acne,9
vomiting breathlessness sweating chest_pain,MEDIUM,Heart attack,19
muscle_wasting patches_in_throat high_fever extra_marital_contacts,MEDIUM,AIDS,21
itching skin_rash stomach_pain spotting_ urination,LOW,Drug Reaction,9
weakness_in_limbs neck_pain dizziness loss_of_balance,MEDIUM,Cervical spondylosis,20
fatigue lethargy yellowish_skin dark_urine loss_of_appetite abdominal_pain yellow_urine yellowing_of_eyes malaise receiving_blood_transfusion receiving_unsterile_injections,CRITICAL,Hepatitis B,42
stomach_pain acidity vomiting cough chest_pain,MEDIUM,GERD,24
vomiting fatigue anxiety sweating headache nausea blurred_and_distorted_vision excessive_hunger slurred_speech irritability palpitations,CRITICAL,Hypoglycemia,43
headache chest_pain dizziness loss_of_balance lack_of_concentration,MEDIUM,Hypertension,21
continuous_sneezing shivering chills watering_from_eyes,MEDIUM,Allergy,16
vomiting breathlessness sweating chest_pain,MEDIUM,Heart attack,19
vomiting breathlessness sweating chest_pain,MEDIUM,Heart attack,19
chills vomiting fatigue high_fever headache nausea constipation abdominal_pain diarrhoea toxic_look_(typhos),CRITICAL,Typhoid,46
joint_pain vomiting fatigue yellowish_skin dark_urine nausea loss_of_appetite abdominal_pain yellowing_of_eyes,HIGH,Hepatitis D,36
vomiting breathlessness chest_pain,MEDIUM,Heart attack,16
vomiting indigestion loss_of_appetite passage_of_gases internal_itching,MEDIUM,Peptic ulcer diseae,23
cramps bruising obesity swollen_legs swollen_blood_vessels prominent_veins_on_calf,HIGH,Varicose veins,28
itching skin_rash nodal_skin_eruptions,LOW,Fungal infection,8
itching vomiting fatigue weight_loss high_fever yellowish_skin dark_urine abdominal_pain,HIGH,Jaundice,31
acidity indigestion headache blurred_and_distorted_vision stiff_neck depression irritability visual_disturbances,HIGH,Migraine,28
fatigue cramps bruising swollen_legs swollen_blood_vessels prominent_veins_on_calf,HIGH,Varicose veins,28
chest_pain dizziness loss_of_balance lack_of_concentration,MEDIUM,Hypertension,18
constipation pain_during_bowel_movements pain_in_anal_region bloody_stool irritation_in_anus,HIGH,Dimorphic hemmorhoids(piles),26
stomach_pain acidity ulcers_on_tongue vomiting chest_pain,MEDIUM,GERD,24
sunken_eyes dehydration diarrhoea,MEDIUM,Gastroenteritis,13
constipation pain_during_bowel_movements pain_in_anal_region bloody_stool irritation_in_anus,HIGH,Dimorphic hemmorhoids(piles),26
chills vomiting fatigue high_fever headache nausea constipation abdominal_pain diarrhoea toxic_look_(typhos) belly_pain,CRITICAL,Typhoid,50
itching vomiting fatigue weight_loss high_fever yellowish_skin dark_urine abdominal_pain,HIGH,Jaundice,31
acidity indigestion headache blurred_and_distorted_vision excessive_hunger stiff_neck depression irritability visual_disturbances,HIGH,Migraine,32
chills vomiting fatigue high_fever headache nausea constipation abdominal_pain toxic_look_(typhos) belly_pain,CRITICAL,Typhoid,44
acidity indigestion headache blurred_and_distorted_vision excessive_hunger stiff_neck depression irritability visual_disturbances,HIGH,Migraine,32
skin_rash high_fever blister red_sore_around_nose yellow_crust_ooze,MEDIUM,Impetigo,19
vomiting fatigue anxiety sweating headache nausea blurred_and_distorted_vision excessive_hunger drying_and_tingling_lips slurred_speech irritability palpitations,CRITICAL,Hypoglycemia,47
fatigue mood_swings weight_loss restlessness sweating diarrhoea fast_heart_rate excessive_hunger muscle_weakness irritability abnormal_menstruation,CRITICAL,Hyperthyroidism,43
muscle_weakness stiff_neck swelling_joints movement_stiffness painful_walking,MEDIUM,Arthritis,18
headache weakness_of_one_body_side altered_sensorium,LOW,Paralysis (brain hemorrhage),9
muscle_wasting patches_in_throat high_fever extra_marital_contacts,MEDIUM,AIDS,21
constipation pain_during_bowel_movements pain_in_anal_region bloody_stool irritation_in_anus,HIGH,Dimorphic hemmorhoids(piles),26
itching vomiting yellowish_skin nausea abdominal_pain yellowing_of_eyes,MEDIUM,Chronic cholestasis,22
vomiting breathlessness sweating chest_pain,MEDIUM,Heart attack,19
chills vomiting fatigue high_fever headache nausea abdominal_pain diarrhoea toxic_look_(typhos) belly_pain,CRITICAL,Typhoid,46
chills vomiting fatigue weight_loss cough high_fever breathlessness loss_of_appetite mild_fever yellowing_of_eyes swelled_lymph_nodes malaise phlegm chest_pain blood_in_sputum,CRITICAL,Tuberculosis,72
chills vomiting fatigue high_fever headache nausea constipation abdominal_pain diarrhoea toxic_look_(typhos) belly_pain,CRITICAL,Typhoid,50
fatigue cough high_fever breathlessness family_history mucoid_sputum,HIGH,Bronchial Asthma,28
fatigue mood_swings weight_loss restlessness sweating fast_heart_rate excessive_hunger muscle_weakness irritability abnormal_menstruation,HIGH,Hyperthyroidism,37
vomiting weakness_of_one_body_side altered_sensorium,LOW,Paralysis (brain hemorrhage),11
back_pain weakness_in_limbs neck_pain dizziness loss_of_balance,MEDIUM,Cervical spondylosis,23
chills vomiting high_fever sweating headache nausea diarrhoea muscle_pain,HIGH,Malaria,34
chills vomiting fatigue weight_loss cough high_fever breathlessness sweating loss_of_appetite mild_fever yellowing_of_eyes swelled_lymph_nodes malaise phlegm chest_pain blood_in_sputum,CRITICAL,Tuberculosis,75
vomiting indigestion loss_of_appetite abdominal_pain passage_of_gases internal_itching,HIGH,Peptic ulcer diseae,27
high_fever blister red_sore_around_nose yellow_crust_ooze,MEDIUM,Impetigo,16
skin_rash high_fever blister red_sore_around_nose yellow_crust_ooze,MEDIUM,Impetigo,19
vomiting breathlessness sweating chest_pain,MEDIUM,Heart attack,19
fatigue yellowish_skin nausea loss_of_appetite yellowing_of_eyes family_history,HIGH,Hepatitis C,25
joint_pain vomiting fatigue yellowish_skin dark_urine nausea abdominal_pain yellowing_of_eyes,HIGH,Hepatitis D,32
muscle_weakness stiff_neck swelling_joints movement_stiffness painful_walking,MEDIUM,Arthritis,18
joint_pain neck_pain knee_pain hip_joint_pain swelling_joints painful_walking,MEDIUM,Osteoarthristis,20
chills vomiting fatigue high_fever nausea constipation abdominal_pain diarrhoea toxic_look_(typhos) belly_pain,CRITICAL,Typhoid,47
vomiting indigestion loss_of_appetite abdominal_pain passage_of_gases internal_itching,HIGH,Peptic ulcer diseae,27
muscle_weakness stiff_neck movement_stiffness painful_walking,MEDIUM,Arthritis,13
chills vomiting high_fever sweating headache nausea muscle_pain,HIGH,Malaria,28
skin_rash pus_filled_pimples blackheads scurring,LOW,Acne,9
continuous_sneezing chills fatigue cough high_fever headache swelled_lymph_nodes malaise phlegm throat_irritation redness_of_eyes sinus_pressure runny_nose congestion chest_pain loss_of_smell muscle_pain,CRITICAL,Common Cold,77
joint_pain neck_pain knee_pain hip_joint_pain swelling_joints painful_walking,MEDIUM,Osteoarthristis,20
skin_rash pus_filled_pimples blackheads,LOW,Acne,7
vomiting headache weakness_of_one_body_side altered_sensorium,MEDIUM,Paralysis (brain hemorrhage),14
itching skin_rash nodal_skin_eruptions dischromic _patches,LOW,Fungal infection,8
skin_rash pus_filled_pimples blackheads,LOW,Acne,7
itching skin_rash nodal_skin_eruptions dischromic _patches,LOW,Fungal infection,8
skin_rash skin_peeling silver_like_dusting small_dents_in_nails inflammatory_nails,LOW,Psoriasis,12
itching skin_rash nodal_skin_eruptions,LOW,Fungal infection,8
chills fatigue cough high_fever breathlessness sweating malaise phlegm chest_pain fast_heart_rate rusty_sputum,CRITICAL,Pneumonia,52
joint_pain vomiting yellowish_skin dark_urine nausea loss_of_appetite abdominal_pain diarrhoea mild_fever yellowing_of_eyes muscle_pain,CRITICAL,hepatitis A,45
joint_pain vomiting yellowish_skin dark_urine nausea loss_of_appetite abdominal_pain diarrhoea mild_fever yellowing_of_eyes muscle_pain,CRITICAL,hepatitis A,45
vomiting sunken_eyes dehydration diarrhoea,MEDIUM,Gastroenteritis,18
weakness_in_limbs neck_pain dizziness loss_of_balance,MEDIUM,Cervical spondylosis,20
stomach_pain acidity ulcers_on_tongue vomiting cough chest_pain,HIGH,GERD,28
headache chest_pain dizziness loss_of_balance,MEDIUM,Hypertension,18
joint_pain vomiting fatigue yellowish_skin dark_urine nausea loss_of_appetite abdominal_pain yellowing_of_eyes,HIGH,Hepatitis D,36
skin_rash high_fever red_sore_around_nose yellow_crust_ooze,MEDIUM,Impetigo,15
skin_rash chills joint_pain vomiting fatigue high_fever headache nausea loss_of_appetite pain_behind_the_eyes back_pain malaise muscle_pain red_spots_over_body,CRITICAL,Dengue,55
itching fatigue yellowish_skin dark_urine loss_of_appetite abdominal_pain yellow_urine yellowing_of_eyes malaise receiving_blood_transfusion receiving_unsterile_injections,CRITICAL,Hepatitis B,41
continuous_sneezing shivering chills watering_from_eyes,MEDIUM,Allergy,16
fatigue cramps bruising obesity swollen_blood_vessels prominent_veins_on_calf,HIGH,Varicose veins,27
constipation pain_during_bowel_movements pain_in_anal_region irritation_in_anus,MEDIUM,Dimorphic hemmorhoids(piles),21
skin_rash joint_pain skin_peeling silver_like_dusting small_dents_in_nails inflammatory_nails,MEDIUM,Psoriasis,15
skin_rash joint_pain skin_peeling silver_like_dusting small_dents_in_nails inflammatory_nails,MEDIUM,Psoriasis,15
itching stomach_pain burning_micturition spotting_ urination,LOW,Drug Reaction,12
burning_micturition bladder_discomfort foul_smell_of urine continuous_feel_of_urine,MEDIUM,Urinary tract infection,16
fatigue bruising obesity swollen_legs swollen_blood_vessels prominent_veins_on_calf,HIGH,Varicose veins,28
vomiting fatigue anxiety headache nausea blurred_and_distorted_vision excessive_hunger drying_and_tingling_lips slurred_speech irritability palpitations,CRITICAL,Hypoglycemia,44
itching stomach_pain burning_micturition spotting_ urination,LOW,Drug Reaction,12
itching skin_rash nodal_skin_eruptions dischromic _patches,LOW,Fungal infection,8
vomiting breathlessness sweating chest_pain,MEDIUM,Heart attack,19
vomiting breathlessness sweating chest_pain,MEDIUM,Heart attack,19
headache chest_pain dizziness loss_of_balance lack_of_concentration,MEDIUM,Hypertension,21
chills fatigue cough high_fever breathlessness sweating malaise phlegm chest_pain fast_heart_rate rusty_sputum,CRITICAL,Pneumonia,52
vomiting indigestion abdominal_pain passage_of_gases internal_itching,MEDIUM,Peptic ulcer diseae,23
joint_pain vomiting yellowish_skin dark_urine nausea loss_of_appetite abdominal_pain yellowing_of_eyes,HIGH,Hepatitis D,32
acidity indigestion headache blurred_and_distorted_vision excessive_hunger stiff_neck depression irritability visual_disturbances,HIGH,Migraine,32
burning_micturition bladder_discomfort foul_smell_of urine continuous_feel_of_urine,MEDIUM,Urinary tract infection,16
vomiting anxiety sweating headache nausea blurred_and_distorted_vision excessive_hunger drying_and_tingling_lips slurred_speech irritability palpitations,CRITICAL,Hypoglycemia,43
constipation pain_during_bowel_movements pain_in_anal_region bloody_stool irritation_in_anus,HIGH,Dimorphic hemmorhoids(piles),26
itching fatigue lethargy yellowish_skin dark_urine loss_of_appetite abdominal_pain yellow_urine yellowing_of_eyes malaise receiving_blood_transfusion receiving_unsterile_injections,CRITICAL,Hepatitis B,43
itching vomiting yellowish_skin nausea loss_of_appetite abdominal_pain yellowing_of_eyes,HIGH,Chronic cholestasis,26
continuous_sneezing fatigue cough high_fever headache swelled_lymph_nodes malaise phlegm throat_irritation redness_of_eyes sinus_pressure runny_nose congestion chest_pain loss_of_smell muscle_pain,CRITICAL,Common Cold,74
skin_rash high_fever blister red_sore_around_nose yellow_crust_ooze,MEDIUM,Impetigo,19
continuous_sneezing shivering chills,LOW,Allergy,12
itching yellowish_skin nausea loss_of_appetite abdominal_pain yellowing_of_eyes,MEDIUM,Chronic cholestasis,21
chills fatigue cough high_fever breathlessness sweating malaise phlegm chest_pain fast_heart_rate rusty_sputum,CRITICAL,Pneumonia,52
skin_rash joint_pain skin_peeling silver_like_dusting small_dents_in_nails inflammatory_nails,MEDIUM,Psoriasis,15
joint_pain vomiting yellowish_skin dark_urine nausea loss_of_appetite abdominal_pain diarrhoea mild_fever yellowing_of_eyes muscle_pain,CRITICAL,hepatitis A,45
vomiting indigestion loss_of_appetite abdominal_pain passage_of_gases internal_itching,HIGH,Peptic ulcer diseae,27
itching skin_rash fatigue lethargy high_fever loss_of_appetite mild_fever swelled_lymph_nodes malaise red_spots_over_body,CRITICAL,Chicken pox,41
fatigue yellowish_skin nausea yellowing_of_eyes family_history,MEDIUM,Hepatitis C,21
headache chest_pain dizziness loss_of_balance lack_of_concentration,MEDIUM,Hypertension,21
vomiting yellowish_skin abdominal_pain swelling_of_stomach distention_of_abdomen history_of_alcohol_consumption fluid_overload,HIGH,Alcoholic hepatitis,32
headache chest_pain dizziness loss_of_balance lack_of_concentration,MEDIUM,Hypertension,21
itching skin_rash fatigue lethargy high_fever headache loss_of_appetite swelled_lymph_nodes malaise red_spots_over_body,HIGH,Chicken pox,39
fatigue cough high_fever breathlessness family_history mucoid_sputum,HIGH,Bronchial Asthma,28
joint_pain fatigue yellowish_skin dark_urine nausea loss_of_appetite abdominal_pain yellowing_of_eyes,HIGH,Hepatitis D,31
stiff_neck swelling_joints movement_stiffness painful_walking,MEDIUM,Arthritis,16
joint_pain vomiting fatigue high_fever yellowish_skin dark_urine nausea loss_of_appetite abdominal_pain yellowing_of_eyes acute_liver_failure coma stomach_bleeding,CRITICAL,Hepatitis E,62
back_pain weakness_in_limbs neck_pain dizziness loss_of_balance,MEDIUM,Cervical spondylosis,23
chills vomiting fatigue high_fever headache nausea constipation abdominal_pain toxic_look_(typhos) belly_pain,CRITICAL,Typhoid,44
itching vomiting yellowish_skin nausea loss_of_appetite yellowing_of_eyes,MEDIUM,Chronic cholestasis,22
fatigue weight_gain cold_hands_and_feets mood_swings lethargy dizziness puffy_face_and_eyes enlarged_thyroid brittle_nails swollen_extremeties depression irritability abnormal_menstruation,CRITICAL,Hypothyroidism,53
chills fatigue cough breathlessness sweating malaise phlegm chest_pain fast_heart_rate rusty_sputum,CRITICAL,Pneumonia,45
chills vomiting fatigue high_fever headache nausea constipation abdominal_pain diarrhoea toxic_look_(typhos) belly_pain,CRITICAL,Typhoid,50
burning_micturition bladder_discomfort foul_smell_of urine continuous_feel_of_urine,MEDIUM,Urinary tract infection,16
muscle_wasting patches_in_throat high_fever extra_marital_contacts,MEDIUM,AIDS,21
vomiting headache spinning_movements loss_of_balance unsteadiness,MEDIUM,(vertigo) Paroymsal  Positional Vertigo,22
burning_micturition foul_smell_of urine continuous_feel_of_urine,LOW,Urinary tract infection,12
joint_pain skin_peeling silver_like_dusting small_dents_in_nails inflammatory_nails,LOW,Psoriasis,12
skin_rash chills joint_pain fatigue high_fever headache nausea loss_of_appetite pain_behind_the_eyes back_pain malaise muscle_pain red_spots_over_body,CRITICAL,Dengue,50
itching fatigue lethargy dark_urine loss_of_appetite abdominal_pain yellow_urine yellowing_of_eyes malaise receiving_blood_transfusion receiving_unsterile_injections,CRITICAL,Hepatitis B,40
fatigue weight_loss restlessness lethargy irregular_sugar_level blurred_and_distorted_vision obesity excessive_hunger increased_appetite polyuria,CRITICAL,Diabetes,41
itching stomach_pain burning_micturition spotting_ urination,LOW,Drug Reaction,12
vomiting fatigue anxiety sweating headache nausea blurred_and_distorted_vision excessive_hunger drying_and_tingling_lips slurred_speech irritability palpitations,CRITICAL,Hypoglycemia,47
skin_rash chills joint_pain fatigue high_fever headache nausea loss_of_appetite pain_behind_the_eyes back_pain malaise muscle_pain red_spots_over_body,CRITICAL,Dengue,50
vomiting fatigue weight_loss cough high_fever breathlessness sweating loss_of_appetite mild_fever yellowing_of_eyes swelled_lymph_nodes malaise phlegm chest_pain blood_in_sputum,CRITICAL,Tuberculosis,72
joint_pain vomiting yellowish_skin dark_urine nausea loss_of_appetite abdominal_pain diarrhoea mild_fever yellowing_of_eyes muscle_pain,CRITICAL,hepatitis A,45
joint_pain vomiting yellowish_skin dark_urine nausea loss_of_appetite abdominal_pain diarrhoea mild_fever yellowing_of_eyes muscle_pain,CRITICAL,hepatitis A,45
continuous_sneezing chills fatigue cough high_fever headache swelled_lymph_nodes phlegm throat_irritation redness_of_eyes sinus_pressure runny_nose congestion chest_pain loss_of_smell muscle_pain,CRITICAL,Common Cold,71
joint_pain vomiting fatigue yellowish_skin dark_urine nausea loss_of_appetite abdominal_pain yellowing_of_eyes,HIGH,Hepatitis D,36
muscle_wasting patches_in_throat high_fever extra_marital_contacts,MEDIUM,AIDS,21
itching vomiting yellowish_skin nausea loss_of_appetite abdominal_pain,MEDIUM,Chronic cholestasis,22
skin_rash pus_filled_pimples blackheads scurring,LOW,Acne,9
vomiting headache spinning_movements loss_of_balance unsteadiness,MEDIUM,(vertigo) Paroymsal  Positional Vertigo,22
vomiting sweating chest_pain,MEDIUM,Heart attack,15
muscle_weakness stiff_neck swelling_joints movement_stiffness,MEDIUM,Arthritis,16
chills fatigue cough high_fever breathlessness sweating malaise phlegm chest_pain fast_heart_rate rusty_sputum,CRITICAL,Pneumonia,52
vomiting sunken_eyes dehydration diarrhoea,MEDIUM,Gastroenteritis,18
fatigue cramps bruising obesity swollen_legs swollen_blood_vessels prominent_veins_on_calf,HIGH,Varicose veins,32
acidity indigestion headache blurred_and_distorted_vision excessive_hunger stiff_neck depression irritability visual_disturbances,HIGH,Migraine,32
itching skin_rash stomach_pain burning_micturition spotting_ urination,MEDIUM,Drug Reaction,15
skin_rash chills vomiting fatigue high_fever headache nausea loss_of_appetite pain_behind_the_eyes back_pain malaise muscle_pain red_spots_over_body,CRITICAL,Dengue,52
itching fatigue lethargy yellowish_skin dark_urine loss_of_appetite abdominal_pain yellow_urine yellowing_of_eyes malaise receiving_blood_transfusion receiving_unsterile_injections,CRITICAL,Hepatitis B,43
vomiting headache weakness_of_one_body_side altered_sensorium,MEDIUM,Paralysis (brain hemorrhage),14
itching skin_rash fatigue lethargy high_fever headache loss_of_appetite mild_fever swelled_lymph_nodes malaise red_spots_over_body,CRITICAL,Chicken pox,44
fatigue yellowish_skin nausea loss_of_appetite yellowing_of_eyes family_history,HIGH,Hepatitis C,25
muscle_wasting patches_in_throat high_fever extra_marital_contacts,MEDIUM,AIDS,21
stomach_pain ulcers_on_tongue vomiting cough chest_pain,HIGH,GERD,25
chills vomiting fatigue high_fever headache nausea constipation abdominal_pain diarrhoea toxic_look_(typhos) belly_pain,CRITICAL,Typhoid,50
continuous_sneezing shivering watering_from_eyes,MEDIUM,Allergy,13
fatigue cough high_fever breathlessness family_history mucoid_sputum,HIGH,Bronchial Asthma,28
itching fatigue yellowish_skin dark_urine loss_of_appetite abdominal_pain yellow_urine yellowing_of_eyes malaise receiving_blood_transfusion receiving_unsterile_injections,CRITICAL,Hepatitis B,41
fatigue high_fever breathlessness family_history mucoid_sputum,MEDIUM,Bronchial Asthma,24
fatigue cough high_fever breathlessness mucoid_sputum,MEDIUM,Bronchial Asthma,23
muscle_wasting patches_in_throat high_fever extra_marital_contacts,MEDIUM,AIDS,21
muscle_weakness stiff_neck swelling_joints movement_stiffness painful_walking,MEDIUM,Arthritis,18
joint_pain neck_pain knee_pain hip_joint_pain swelling_joints painful_walking,MEDIUM,Osteoarthristis,20
skin_rash high_fever blister red_sore_around_nose yellow_crust_ooze,MEDIUM,Impetigo,19
itching vomiting yellowish_skin nausea loss_of_appetite abdominal_pain yellowing_of_eyes,HIGH,Chronic cholestasis,26
joint_pain neck_pain knee_pain hip_joint_pain swelling_joints painful_walking,MEDIUM,Osteoarthristis,20
itching skin_rash stomach_pain spotting_ urination,LOW,Drug Reaction,9
vomiting headache nausea spinning_movements loss_of_balance unsteadiness,HIGH,(vertigo) Paroymsal  Positional Vertigo,27
vomiting breathlessness sweating,LOW,Heart attack,12
vomiting yellowish_skin abdominal_pain swelling_of_stomach distention_of_abdomen history_of_alcohol_consumption fluid_overload,HIGH,Alcoholic hepatitis,32
muscle_weakness stiff_neck swelling_joints movement_stiffness painful_walking,MEDIUM,Arthritis,18
constipation pain_during_bowel_movements pain_in_anal_region bloody_stool irritation_in_anus,HIGH,Dimorphic hemmorhoids(piles),26
vomiting yellowish_skin nausea loss_of_appetite abdominal_pain yellowing_of_eyes,HIGH,Chronic cholestasis,25
fatigue weight_loss restlessness lethargy irregular_sugar_level blurred_and_distorted_vision obesity excessive_hunger increased_appetite polyuria,CRITICAL,Diabetes,41
fatigue weight_gain cold_hands_and_feets mood_swings lethargy dizziness puffy_face_and_eyes enlarged_thyroid brittle_nails swollen_extremeties depression irritability abnormal_menstruation,CRITICAL,Hypothyroidism,53
itching skin_rash fatigue lethargy high_fever headache loss_of_appetite mild_fever malaise red_spots_over_body,HIGH,Chicken pox,38
burning_micturition bladder_discomfort foul_smell_of urine continuous_feel_of_urine,MEDIUM,Urinary tract infection,16
itching skin_rash fatigue lethargy high_fever headache loss_of_appetite mild_fever swelled_lymph_nodes malaise red_spots_over_body,CRITICAL,Chicken pox,44
fatigue yellowish_skin nausea loss_of_appetite yellowing_of_eyes family_history,HIGH,Hepatitis C,25
muscle_weakness stiff_neck swelling_joints movement_stiffness painful_walking,MEDIUM,Arthritis,18
joint_pain neck_pain knee_pain hip_joint_pain swelling_joints painful_walking,MEDIUM,Osteoarthristis,20
itching skin_rash stomach_pain burning_micturition,MEDIUM,Drug Reaction,15
back_pain weakness_in_limbs neck_pain dizziness loss_of_balance,MEDIUM,Cervical spondylosis,23
vomiting sunken_eyes dehydration diarrhoea,MEDIUM,Gastroenteritis,18
vomiting fatigue anxiety sweating headache nausea blurred_and_distorted_vision excessive_hunger drying_and_tingling_lips slurred_speech irritability palpitations,CRITICAL,Hypoglycemia,47
acidity indigestion blurred_and_distorted_vision excessive_hunger stiff_neck depression irritability visual_disturbances,HIGH,Migraine,29
burning_micturition bladder_discomfort foul_smell_of urine continuous_feel_of_urine,MEDIUM,Urinary tract infection,16
itching skin_rash fatigue lethargy high_fever headache loss_of_appetite mild_fever swelled_lymph_nodes malaise red_spots_over_body,CRITICAL,Chicken pox,44
chills vomiting high_fever sweating headache nausea diarrhoea muscle_pain,HIGH,Malaria,34
itching skin_rash nodal_skin_eruptions dischromic _patches,LOW,Fungal infection,8
vomiting indigestion loss_of_appetite abdominal_pain internal_itching,MEDIUM,Peptic ulcer diseae,22
vomiting yellowish_skin swelling_of_stomach distention_of_abdomen history_of_alcohol_consumption fluid_overload,HIGH,Alcoholic hepatitis,28
constipation pain_during_bowel_movements pain_in_anal_region bloody_stool irritation_in_anus,HIGH,Dimorphic hemmorhoids(piles),26
chills fatigue cough high_fever breathlessness sweating malaise phlegm chest_pain fast_heart_rate rusty_sputum,CRITICAL,Pneumonia,52
constipation pain_during_bowel_movements pain_in_anal_region bloody_stool irritation_in_anus,HIGH,Dimorphic hemmorhoids(piles),26
chills vomiting high_fever sweating headache nausea diarrhoea muscle_pain,HIGH,Malaria,34
headache chest_pain loss_of_balance lack_of_concentration,MEDIUM,Hypertension,17
itching vomiting yellowish_skin nausea loss_of_appetite abdominal_pain yellowing_of_eyes,HIGH,Chronic cholestasis,26
itching vomiting fatigue weight_loss yellowish_skin dark_urine abdominal_pain,MEDIUM,Jaundice,24
itching skin_rash nodal_skin_eruptions dischromic _patches,LOW,Fungal infection,8
chills vomiting high_fever sweating headache nausea diarrhoea muscle_pain,HIGH,Malaria,34
vomiting headache weakness_of_one_body_side altered_sensorium,MEDIUM,Paralysis (brain hemorrhage),14
joint_pain neck_pain knee_pain hip_joint_pain swelling_joints painful_walking,MEDIUM,Osteoarthristis,20
skin_rash chills joint_pain vomiting fatigue high_fever headache nausea loss_of_appetite pain_behind_the_eyes back_pain malaise muscle_pain red_spots_over_body,CRITICAL,Dengue,55
skin_rash blister red_sore_around_nose yellow_crust_ooze,LOW,Impetigo,12
muscle_wasting patches_in_throat high_fever,MEDIUM,AIDS,16
skin_rash chills joint_pain vomiting fatigue high_fever headache nausea loss_of_appetite pain_behind_the_eyes back_pain malaise muscle_pain red_spots_over_body,CRITICAL,Dengue,55
fatigue yellowish_skin nausea loss_of_appetite yellowing_of_eyes family_history,HIGH,Hepatitis C,25
joint_pain vomiting yellowish_skin dark_urine nausea loss_of_appetite abdominal_pain diarrhoea mild_fever yellowing_of_eyes muscle_pain,CRITICAL,hepatitis A,45
fatigue mood_swings weight_loss sweating diarrhoea fast_heart_rate excessive_hunger muscle_weakness irritability abnormal_menstruation,HIGH,Hyperthyroidism,38
fatigue cough high_fever family_history mucoid_sputum,MEDIUM,Bronchial Asthma,24
chills vomiting fatigue weight_loss cough high_fever breathlessness sweating loss_of_appetite mild_fever yellowing_of_eyes swelled_lymph_nodes malaise phlegm chest_pain blood_in_sputum,CRITICAL,Tuberculosis,75
joint_pain vomiting fatigue yellowish_skin dark_urine nausea loss_of_appetite abdominal_pain yellowing_of_eyes,HIGH,Hepatitis D,36
fatigue cramps bruising obesity swollen_legs swollen_blood_vessels prominent_veins_on_calf,HIGH,Varicose veins,32
skin_rash pus_filled_pimples blackheads,LOW,Acne,7
skin_rash joint_pain silver_like_dusting small_dents_in_nails inflammatory_nails,LOW,Psoriasis,12
fatigue cramps obesity swollen_legs swollen_blood_vessels prominent_veins_on_calf,HIGH,Varicose veins,28
chills fatigue cough high_fever sweating malaise phlegm chest_pain fast_heart_rate rusty_sputum,CRITICAL,Pneumonia,48
skin_rash joint_pain skin_peeling small_dents_in_nails inflammatory_nails,MEDIUM,Psoriasis,13
skin_rash joint_pain skin_peeling small_dents_in_nails inflammatory_nails,MEDIUM,Psoriasis,13
itching skin_rash fatigue lethargy high_fever headache loss_of_appetite mild_fever swelled_lymph_nodes malaise red_spots_over_body,CRITICAL,Chicken pox,44
fatigue cramps bruising swollen_legs swollen_blood_vessels prominent_veins_on_calf,HIGH,Varicose veins,28
vomiting weakness_of_one_body_side altered_sensorium,LOW,Paralysis (brain hemorrhage),11
skin_rash pus_filled_pimples blackheads scurring,LOW,Acne,9
fatigue cramps bruising obesity swollen_legs swollen_blood_vessels prominent_veins_on_calf,HIGH,Varicose veins,32
headache chest_pain loss_of_balance lack_of_concentration,MEDIUM,Hypertension,17
burning_micturition bladder_discomfort foul_smell_of urine continuous_feel_of_urine,MEDIUM,Urinary tract infection,16
itching fatigue lethargy yellowish_skin dark_urine loss_of_appetite abdominal_pain yellow_urine yellowing_of_eyes malaise receiving_blood_transfusion receiving_unsterile_injections,CRITICAL,Hepatitis B,43
continuous_sneezing chills fatigue cough high_fever headache swelled_lymph_nodes malaise phlegm throat_irritation redness_of_eyes sinus_pressure runny_nose congestion chest_pain loss_of_smell muscle_pain,CRITICAL,Common Cold,77
chills vomiting fatigue weight_loss cough high_fever breathlessness sweating loss_of_appetite mild_fever yellowing_of_eyes swelled_lymph_nodes malaise phlegm chest_pain blood_in_sputum,CRITICAL,Tuberculosis,75
muscle_wasting patches_in_throat high_fever,MEDIUM,AIDS,16
itching vomiting fatigue weight_loss high_fever yellowish_skin abdominal_pain,HIGH,Jaundice,27
chills fatigue cough high_fever breathlessness sweating malaise phlegm chest_pain fast_heart_rate rusty_sputum,CRITICAL,Pneumonia,52
itching vomiting fatigue weight_loss high_fever dark_urine abdominal_pain,HIGH,Jaundice,28
vomiting breathlessness sweating chest_pain,MEDIUM,Heart attack,19
muscle_wasting patches_in_throat high_fever extra_marital_contacts,MEDIUM,AIDS,21
fatigue cramps bruising obesity swollen_legs swollen_blood_vessels prominent_veins_on_calf,HIGH,Varicose veins,32
joint_pain neck_pain knee_pain hip_joint_pain swelling_joints painful_walking,MEDIUM,Osteoarthristis,20
vomiting sunken_eyes diarrhoea,MEDIUM,Gastroenteritis,14
acidity indigestion headache blurred_and_distorted_vision excessive_hunger stiff_neck depression irritability visual_disturbances,HIGH,Migraine,32
vomiting yellowish_skin abdominal_pain distention_of_abdomen history_of_alcohol_consumption fluid_overload,HIGH,Alcoholic hepatitis,25
joint_pain vomiting fatigue yellowish_skin dark_urine nausea loss_of_appetite abdominal_pain yellowing_of_eyes,HIGH,Hepatitis D,36
continuous_sneezing chills fatigue high_fever headache swelled_lymph_nodes malaise phlegm throat_irritation redness_of_eyes sinus_pressure runny_nose congestion chest_pain loss_of_smell muscle_pain,CRITICAL,Common Cold,73
fatigue high_fever breathlessness family_history mucoid_sputum,MEDIUM,Bronchial Asthma,24
chills fatigue cough high_fever breathlessness sweating malaise phlegm chest_pain fast_heart_rate rusty_sputum,CRITICAL,Pneumonia,52
skin_rash joint_pain skin_peeling silver_like_dusting small_dents_in_nails inflammatory_nails,MEDIUM,Psoriasis,15
yellowish_skin abdominal_pain swelling_of_stomach distention_of_abdomen history_of_alcohol_consumption fluid_overload,HIGH,Alcoholic hepatitis,27
vomiting headache nausea spinning_movements loss_of_balance unsteadiness,HIGH,(vertigo) Paroymsal  Positional Vertigo,27
breathlessness sweating chest_pain,MEDIUM,Heart attack,14
itching nodal_skin_eruptions dischromic _patches,LOW,Fungal infection,5
chills vomiting high_fever sweating headache nausea diarrhoea muscle_pain,HIGH,Malaria,34
chills vomiting fatigue weight_loss cough high_fever breathlessness sweating loss_of_appetite mild_fever yellowing_of_eyes swelled_lymph_nodes malaise phlegm chest_pain blood_in_sputum,CRITICAL,Tuberculosis,75
skin_rash pus_filled_pimples blackheads scurring,LOW,Acne,9
headache chest_pain dizziness loss_of_balance lack_of_concentration,MEDIUM,Hypertension,21
itching skin_rash nodal_skin_eruptions dischromic _patches,LOW,Fungal infection,8
vomiting indigestion loss_of_appetite passage_of_gases internal_itching,MEDIUM,Peptic ulcer diseae,23
headache chest_pain dizziness loss_of_balance lack_of_concentration,MEDIUM,Hypertension,21
vomiting fatigue anxiety sweating headache nausea blurred_and_distorted_vision excessive_hunger drying_and_tingling_lips slurred_speech irritability palpitations,CRITICAL,Hypoglycemia,47
skin_rash pus_filled_pimples blackheads scurring,LOW,Acne,9
continuous_sneezing shivering chills watering_from_eyes,MEDIUM,Allergy,16
skin_rash nodal_skin_eruptions dischromic _patches,LOW,Fungal infection,7
itching fatigue lethargy yellowish_skin dark_urine loss_of_appetite abdominal_pain yellow_urine yellowing_of_eyes malaise receiving_blood_transfusion receiving_unsterile_injections,CRITICAL,Hepatitis B,43
fatigue cramps bruising obesity swollen_legs swollen_blood_vessels prominent_veins_on_calf,HIGH,Varicose veins,32
joint_pain vomiting fatigue high_fever yellowish_skin dark_urine nausea loss_of_appetite abdominal_pain yellowing_of_eyes acute_liver_failure coma stomach_bleeding,CRITICAL,Hepatitis E,62
stomach_pain acidity ulcers_on_tongue vomiting cough chest_pain,HIGH,GERD,28
itching fatigue weight_loss high_fever yellowish_skin dark_urine abdominal_pain,HIGH,Jaundice,26
joint_pain vomiting fatigue high_fever yellowish_skin dark_urine nausea loss_of_appetite abdominal_pain yellowing_of_eyes acute_liver_failure coma stomach_bleeding,CRITICAL,Hepatitis E,62
itching skin_rash fatigue lethargy high_fever headache loss_of_appetite swelled_lymph_nodes malaise red_spots_over_body,HIGH,Chicken pox,39
itching vomiting yellowish_skin nausea loss_of_appetite abdominal_pain yellowing_of_eyes,HIGH,Chronic cholestasis,26
vomiting sunken_eyes dehydration diarrhoea,MEDIUM,Gastroenteritis,18
skin_rash joint_pain skin_peeling silver_like_dusting small_dents_in_nails inflammatory_nails,MEDIUM,Psoriasis,15
itching vomiting yellowish_skin nausea loss_of_appetite yellowing_of_eyes,MEDIUM,Chronic cholestasis,22
vomiting breathlessness sweating chest_pain,MEDIUM,Heart attack,19
fatigue cough high_fever breathlessness family_history mucoid_sputum,HIGH,Bronchial Asthma,28
fatigue cough high_fever breathlessness family_history mucoid_sputum,HIGH,Bronchial Asthma,28
back_pain neck_pain dizziness loss_of_balance,MEDIUM,Cervical spondylosis,16
joint_pain vomiting fatigue yellowish_skin dark_urine nausea loss_of_appetite abdominal_pain yellowing_of_eyes,HIGH,Hepatitis D,36
fatigue cramps bruising obesity swollen_blood_vessels prominent_veins_on_calf,HIGH,Varicose veins,27
continuous_sneezing chills fatigue cough high_fever headache swelled_lymph_nodes malaise phlegm throat_irritation redness_of_eyes sinus_pressure runny_nose congestion chest_pain loss_of_smell muscle_pain,CRITICAL,Common Cold,77
skin_rash joint_pain skin_peeling silver_like_dusting small_dents_in_nails,MEDIUM,Psoriasis,13
stomach_pain acidity ulcers_on_tongue cough chest_pain,MEDIUM,GERD,23
vomiting fatigue anxiety sweating headache nausea blurred_and_distorted_vision excessive_hunger drying_and_tingling_lips slurred_speech irritability palpitations,CRITICAL,Hypoglycemia,47
fatigue mood_swings weight_loss restlessness sweating diarrhoea fast_heart_rate excessive_hunger muscle_weakness irritability abnormal_menstruation,CRITICAL,Hyperthyroidism,43
skin_rash nodal_skin_eruptions dischromic _patches,LOW,Fungal infection,7
continuous_sneezing shivering chills watering_from_eyes,MEDIUM,Allergy,16
fatigue high_fever breathlessness family_history mucoid_sputum,MEDIUM,Bronchial Asthma,24
joint_pain neck_pain knee_pain hip_joint_pain swelling_joints painful_walking,MEDIUM,Osteoarthristis,20
vomiting fatigue sweating headache nausea blurred_and_distorted_vision excessive_hunger drying_and_tingling_lips slurred_speech irritability palpitations,CRITICAL,Hypoglycemia,43
vomiting fatigue anxiety sweating headache nausea blurred_and_distorted_vision excessive_hunger drying_and_tingling_lips slurred_speech irritability palpitations,CRITICAL,Hypoglycemia,47
itching skin_rash stomach_pain spotting_ urination,LOW,Drug Reaction,9
vomiting yellowish_skin abdominal_pain swelling_of_stomach distention_of_abdomen history_of_alcohol_consumption fluid_overload,HIGH,Alcoholic hepatitis,32
chills vomiting fatigue high_fever headache nausea constipation abdominal_pain diarrhoea toxic_look_(typhos) belly_pain,CRITICAL,Typhoid,50
joint_pain neck_pain knee_pain hip_joint_pain swelling_joints painful_walking,MEDIUM,Osteoarthristis,20
patches_in_throat high_fever extra_marital_contacts,MEDIUM,AIDS,18
fatigue cramps bruising obesity swollen_legs swollen_blood_vessels prominent_veins_on_calf,HIGH,Varicose veins,32
itching fatigue lethargy yellowish_skin dark_urine loss_of_appetite abdominal_pain yellow_urine yellowing_of_eyes malaise receiving_blood_transfusion receiving_unsterile_injections,CRITICAL,Hepatitis B,43
headache chest_pain dizziness loss_of_balance lack_of_concentration,MEDIUM,Hypertension,21
headache chest_pain dizziness loss_of_balance,MEDIUM,Hypertension,18
chills vomiting high_fever sweating headache nausea diarrhoea muscle_pain,HIGH,Malaria,34
constipation pain_during_bowel_movements pain_in_anal_region irritation_in_anus,MEDIUM,Dimorphic hemmorhoids(piles),21
vomiting fatigue weight_loss high_fever yellowish_skin dark_urine abdominal_pain,HIGH,Jaundice,30
muscle_weakness stiff_neck swelling_joints movement_stiffness painful_walking,MEDIUM,Arthritis,18
back_pain weakness_in_limbs neck_pain dizziness loss_of_balance,MEDIUM,Cervical spondylosis,23
itching skin_rash fatigue lethargy high_fever headache loss_of_appetite mild_fever swelled_lymph_nodes malaise red_spots_over_body,CRITICAL,Chicken pox,44
continuous_sneezing chills fatigue cough high_fever headache swelled_lymph_nodes malaise phlegm throat_irritation redness_of_eyes sinus_pressure runny_nose congestion chest_pain loss_of_smell muscle_pain,CRITICAL,Common Cold,77
vomiting sunken_eyes dehydration diarrhoea,MEDIUM,Gastroenteritis,18
vomiting indigestion loss_of_appetite abdominal_pain passage_of_gases,MEDIUM,Peptic ulcer diseae,23
vomiting headache nausea spinning_movements loss_of_balance unsteadiness,HIGH,(vertigo) Paroymsal  Positional Vertigo,27
fatigue yellowish_skin nausea loss_of_appetite yellowing_of_eyes family_history,HIGH,Hepatitis C,25
chills vomiting high_fever sweating headache nausea diarrhoea muscle_pain,HIGH,Malaria,34
muscle_wasting patches_in_throat high_fever,MEDIUM,AIDS,16
joint_pain vomiting yellowish_skin dark_urine loss_of_appetite abdominal_pain diarrhoea mild_fever yellowing_of_eyes muscle_pain,CRITICAL,hepatitis A,40
joint_pain vomiting fatigue yellowish_skin dark_urine nausea loss_of_appetite abdominal_pain yellowing_of_eyes,HIGH,Hepatitis D,36
joint_pain vomiting yellowish_skin dark_urine nausea abdominal_pain diarrhoea mild_fever yellowing_of_eyes muscle_pain,CRITICAL,hepatitis A,41
burning_micturition bladder_discomfort foul_smell_of urine continuous_feel_of_urine,MEDIUM,Urinary tract infection,16
continuous_sneezing chills fatigue cough high_fever headache swelled_lymph_nodes phlegm throat_irritation redness_of_eyes sinus_pressure runny_nose congestion chest_pain loss_of_smell muscle_pain,CRITICAL,Common Cold,71
skin_rash blister red_sore_around_nose yellow_crust_ooze,LOW,Impetigo,12
headache chest_pain loss_of_balance lack_of_concentration,MEDIUM,Hypertension,17
skin_rash nodal_skin_eruptions dischromic _patches,LOW,Fungal infection,7
vomiting yellowish_skin abdominal_pain swelling_of_stomach distention_of_abdomen history_of_alcohol_consumption fluid_overload,HIGH,Alcoholic hepatitis,32
chills fatigue cough high_fever breathlessness sweating malaise phlegm chest_pain fast_heart_rate rusty_sputum,CRITICAL,Pneumonia,52
vomiting fatigue weight_loss high_fever yellowish_skin dark_urine abdominal_pain,HIGH,Jaundice,30
itching vomiting yellowish_skin nausea loss_of_appetite abdominal_pain yellowing_of_eyes,HIGH,Chronic cholestasis,26
skin_rash chills joint_pain vomiting fatigue high_fever headache nausea loss_of_appetite pain_behind_the_eyes back_pain malaise muscle_pain,CRITICAL,Dengue,52
fatigue weight_loss restlessness lethargy blurred_and_distorted_vision obesity excessive_hunger increased_appetite polyuria,HIGH,Diabetes,36
continuous_sneezing shivering chills watering_from_eyes,MEDIUM,Allergy,16
fatigue cramps bruising obesity swollen_legs swollen_blood_vessels prominent_veins_on_calf,HIGH,Varicose veins,32
fatigue cramps bruising obesity swollen_legs swollen_blood_vessels prominent_veins_on_calf,HIGH,Varicose veins,32
indigestion loss_of_appetite abdominal_pain passage_of_gases internal_itching,MEDIUM,Peptic ulcer diseae,22
stomach_pain acidity ulcers_on_tongue vomiting cough chest_pain,HIGH,GERD,28
headache chest_pain dizziness loss_of_balance lack_of_concentration,MEDIUM,Hypertension,21
itching vomiting fatigue weight_loss high_fever yellowish_skin dark_urine abdominal_pain,HIGH,Jaundice,31
fatigue cramps bruising obesity swollen_legs swollen_blood_vessels prominent_veins_on_calf,HIGH,Varicose veins,32
itching skin_rash fatigue lethargy high_fever headache loss_of_appetite mild_fever swelled_lymph_nodes malaise red_spots_over_body,CRITICAL,Chicken pox,44
itching vomiting yellowish_skin nausea loss_of_appetite abdominal_pain yellowing_of_eyes,HIGH,Chronic cholestasis,26
continuous_sneezing chills fatigue cough high_fever headache swelled_lymph_nodes malaise phlegm throat_irritation redness_of_eyes sinus_pressure runny_nose congestion chest_pain loss_of_smell muscle_pain,CRITICAL,Common Cold,77
vomiting headache nausea spinning_movements loss_of_balance unsteadiness,HIGH,(vertigo) Paroymsal  Positional Vertigo,27
itching skin_rash stomach_pain burning_micturition spotting_ urination,MEDIUM,Drug Reaction,15
constipation pain_during_bowel_movements pain_in_anal_region bloody_stool irritation_in_anus,HIGH,Dimorphic hemmorhoids(piles),26
stomach_pain acidity ulcers_on_tongue cough chest_pain,MEDIUM,GERD,23
itching skin_rash stomach_pain burning_micturition spotting_ urination,MEDIUM,Drug Reaction,15
burning_micturition bladder_discomfort foul_smell_of urine continuous_feel_of_urine,MEDIUM,Urinary tract infection,16
patches_in_throat high_fever extra_marital_contacts,MEDIUM,AIDS,18
vomiting headache nausea spinning_movements loss_of_balance unsteadiness,HIGH,(vertigo) Paroymsal  Positional Vertigo,27
skin_rash high_fever blister red_sore_around_nose yellow_crust_ooze,MEDIUM,Impetigo,19
vomiting indigestion loss_of_appetite abdominal_pain passage_of_gases internal_itching,HIGH,Peptic ulcer diseae,27
itching nodal_skin_eruptions dischromic _patches,LOW,Fungal infection,5
chills vomiting high_fever sweating headache nausea muscle_pain,HIGH,Malaria,28
itching vomiting fatigue weight_loss high_fever yellowish_skin dark_urine abdominal_pain,HIGH,Jaundice,31
constipation pain_during_bowel_movements pain_in_anal_region bloody_stool irritation_in_anus,HIGH,Dimorphic hemmorhoids(piles),26
vomiting breathlessness sweating chest_pain,MEDIUM,Heart attack,19
vomiting abdominal_pain swelling_of_stomach distention_of_abdomen history_of_alcohol_consumption fluid_overload,HIGH,Alcoholic hepatitis,29
skin_rash fatigue lethargy high_fever headache loss_of_appetite mild_fever swelled_lymph_nodes malaise red_spots_over_body,CRITICAL,Chicken pox,43
constipation pain_during_bowel_movements pain_in_anal_region bloody_stool irritation_in_anus,HIGH,Dimorphic hemmorhoids(piles),26
fatigue weight_gain cold_hands_and_feets mood_swings dizziness puffy_face_and_eyes enlarged_thyroid brittle_nails swollen_extremeties depression irritability abnormal_menstruation,CRITICAL,Hypothyroidism,51
acidity indigestion blurred_and_distorted_vision excessive_hunger stiff_neck depression irritability visual_disturbances,HIGH,Migraine,29
itching stomach_pain burning_micturition spotting_ urination,LOW,Drug Reaction,12
vomiting headache weakness_of_one_body_side altered_sensorium,MEDIUM,Paralysis (brain hemorrhage),14
continuous_sneezing shivering chills watering_from_eyes,MEDIUM,Allergy,16
itching vomiting yellowish_skin nausea loss_of_appetite abdominal_pain yellowing_of_eyes,HIGH,Chronic cholestasis,26
joint_pain neck_pain knee_pain hip_joint_pain swelling_joints painful_walking,MEDIUM,Osteoarthristis,20
mood_swings weight_loss restlessness sweating diarrhoea fast_heart_rate excessive_hunger muscle_weakness irritability abnormal_menstruation,HIGH,Hyperthyroidism,39
joint_pain vomiting fatigue high_fever yellowish_skin dark_urine loss_of_appetite abdominal_pain yellowing_of_eyes acute_liver_failure coma stomach_bleeding,CRITICAL,Hepatitis E,57
itching fatigue yellowish_skin dark_urine loss_of_appetite abdominal_pain yellow_urine yellowing_of_eyes malaise receiving_blood_transfusion receiving_unsterile_injections,CRITICAL,Hepatitis B,41
fatigue weight_loss restlessness sweating diarrhoea fast_heart_rate excessive_hunger muscle_weakness irritability abnormal_menstruation,CRITICAL,Hyperthyroidism,40
itching skin_rash fatigue lethargy high_fever headache loss_of_appetite swelled_lymph_nodes malaise red_spots_over_body,HIGH,Chicken pox,39
burning_micturition bladder_discomfort foul_smell_of urine continuous_feel_of_urine,MEDIUM,Urinary tract infection,16
joint_pain vomiting fatigue high_fever yellowish_skin dark_urine nausea loss_of_appetite abdominal_pain yellowing_of_eyes acute_liver_failure coma stomach_bleeding,CRITICAL,Hepatitis E,62
chills fatigue cough high_fever breathlessness sweating malaise phlegm chest_pain fast_heart_rate rusty_sputum,CRITICAL,Pneumonia,52
vomiting dehydration diarrhoea,MEDIUM,Gastroenteritis,15
itching skin_rash burning_micturition spotting_ urination,LOW,Drug Reaction,10
itching fatigue lethargy dark_urine loss_of_appetite abdominal_pain yellow_urine yellowing_of_eyes malaise receiving_blood_transfusion receiving_unsterile_injections,CRITICAL,Hepatitis B,40
itching skin_rash fatigue lethargy high_fever headache loss_of_appetite mild_fever swelled_lymph_nodes malaise red_spots_over_body,CRITICAL,Chicken pox,44
skin_rash joint_pain skin_peeling silver_like_dusting small_dents_in_nails inflammatory_nails,MEDIUM,Psoriasis,15
joint_pain vomiting fatigue yellowish_skin dark_urine nausea loss_of_appetite abdominal_pain yellowing_of_eyes,HIGH,Hepatitis D,36
chills vomiting fatigue high_fever headache nausea constipation abdominal_pain diarrhoea toxic_look_(typhos) belly_pain,CRITICAL,Typhoid,50
joint_pain vomiting fatigue high_fever yellowish_skin dark_urine nausea loss_of_appetite abdominal_pain yellowing_of_eyes acute_liver_failure coma stomach_bleeding,CRITICAL,Hepatitis E,62
itching skin_rash nodal_skin_eruptions dischromic _patches,LOW,Fungal infection,8
weakness_in_limbs neck_pain dizziness loss_of_balance,MEDIUM,Cervical spondylosis,20
muscle_weakness stiff_neck swelling_joints movement_stiffness painful_walking,MEDIUM,Arthritis,18
fatigue cough high_fever breathlessness family_history mucoid_sputum,HIGH,Bronchial Asthma,28
burning_micturition bladder_discomfort foul_smell_of urine continuous_feel_of_urine,MEDIUM,Urinary tract infection,16
vomiting yellowish_skin abdominal_pain swelling_of_stomach distention_of_abdomen history_of_alcohol_consumption fluid_overload,HIGH,Alcoholic hepatitis,32
fatigue weight_gain cold_hands_and_feets mood_swings lethargy dizziness puffy_face_and_eyes enlarged_thyroid brittle_nails swollen_extremeties depression irritability abnormal_menstruation,CRITICAL,Hypothyroidism,53
itching fatigue lethargy yellowish_skin dark_urine loss_of_appetite abdominal_pain yellow_urine yellowing_of_eyes malaise receiving_blood_transfusion receiving_unsterile_injections,CRITICAL,Hepatitis B,43
constipation pain_during_bowel_movements pain_in_anal_region bloody_stool irritation_in_anus,HIGH,Dimorphic hemmorhoids(piles),26
muscle_weakness stiff_neck swelling_joints movement_stiffness painful_walking,MEDIUM,Arthritis,18
stomach_pain acidity ulcers_on_tongue vomiting cough chest_pain,HIGH,GERD,28
vomiting headache nausea spinning_movements loss_of_balance unsteadiness,HIGH,(vertigo) Paroymsal  Positional Vertigo,27
vomiting headache weakness_of_one_body_side altered_sensorium,MEDIUM,Paralysis (brain hemorrhage),14
headache chest_pain dizziness loss_of_balance lack_of_concentration,MEDIUM,Hypertension,21
itching skin_rash fatigue lethargy high_fever headache loss_of_appetite mild_fever swelled_lymph_nodes malaise red_spots_over_body,CRITICAL,Chicken pox,44
itching fatigue lethargy yellowish_skin dark_urine loss_of_appetite abdominal_pain yellow_urine yellowing_of_eyes malaise receiving_blood_transfusion receiving_unsterile_injections,CRITICAL,Hepatitis B,43
joint_pain vomiting fatigue high_fever yellowish_skin dark_urine nausea loss_of_appetite abdominal_pain yellowing_of_eyes acute_liver_failure coma stomach_bleeding,CRITICAL,Hepatitis E,62
itching fatigue lethargy yellowish_skin loss_of_appetite abdominal_pain yellow_urine yellowing_of_eyes malaise receiving_blood_transfusion receiving_unsterile_injections,HIGH,Hepatitis B,39
joint_pain vomiting yellowish_skin dark_urine nausea loss_of_appetite abdominal_pain diarrhoea mild_fever yellowing_of_eyes muscle_pain,CRITICAL,hepatitis A,45
chills fatigue cough high_fever breathlessness malaise phlegm chest_pain fast_heart_rate rusty_sputum,CRITICAL,Pneumonia,49
continuous_sneezing shivering chills watering_from_eyes,MEDIUM,Allergy,16
stomach_pain acidity ulcers_on_tongue vomiting cough chest_pain,HIGH,GERD,28
joint_pain knee_pain hip_joint_pain swelling_joints painful_walking,MEDIUM,Osteoarthristis,15
fatigue yellowish_skin nausea loss_of_appetite yellowing_of_eyes family_history,HIGH,Hepatitis C,25
itching skin_rash stomach_pain burning_micturition spotting_ urination,MEDIUM,Drug Reaction,15
constipation pain_during_bowel_movements pain_in_anal_region bloody_stool irritation_in_anus,HIGH,Dimorphic hemmorhoids(piles),26
muscle_weakness stiff_neck swelling_joints movement_stiffness painful_walking,MEDIUM,Arthritis,18
vomiting headache weakness_of_one_body_side altered_sensorium,MEDIUM,Paralysis (brain hemorrhage),14
muscle_wasting patches_in_throat high_fever,MEDIUM,AIDS,16
acidity indigestion headache blurred_and_distorted_vision excessive_hunger stiff_neck depression irritability visual_disturbances,HIGH,Migraine,32
joint_pain neck_pain knee_pain hip_joint_pain swelling_joints painful_walking,MEDIUM,Osteoarthristis,20
stomach_pain acidity vomiting cough chest_pain,MEDIUM,GERD,24
vomiting yellowish_skin abdominal_pain swelling_of_stomach distention_of_abdomen fluid_overload,HIGH,Alcoholic hepatitis,27
vomiting yellowish_skin abdominal_pain swelling_of_stomach distention_of_abdomen history_of_alcohol_consumption fluid_overload,HIGH,Alcoholic hepatitis,32
skin_rash high_fever blister red_sore_around_nose yellow_crust_ooze,MEDIUM,Impetigo,19
stomach_pain acidity ulcers_on_tongue cough chest_pain,MEDIUM,GERD,23
chills vomiting fatigue weight_loss cough high_fever breathlessness sweating loss_of_appetite mild_fever yellowing_of_eyes swelled_lymph_nodes malaise phlegm chest_pain blood_in_sputum,CRITICAL,Tuberculosis,75
fatigue cough high_fever breathlessness family_history,MEDIUM,Bronchial Asthma,24
burning_micturition bladder_discomfort foul_smell_of urine continuous_feel_of_urine,MEDIUM,Urinary tract infection,16
fatigue cough high_fever family_history mucoid_sputum,MEDIUM,Bronchial Asthma,24
vomiting headache altered_sensorium,LOW,Paralysis (brain hemorrhage),10
skin_rash nodal_skin_eruptions dischromic _patches,LOW,Fungal infection,7
skin_rash high_fever blister red_sore_around_nose yellow_crust_ooze,MEDIUM,Impetigo,19
burning_micturition bladder_discomfort foul_smell_of urine continuous_feel_of_urine,MEDIUM,Urinary tract infection,16
cough high_fever breathlessness family_history mucoid_sputum,MEDIUM,Bronchial Asthma,24
vomiting indigestion abdominal_pain passage_of_gases internal_itching,MEDIUM,Peptic ulcer diseae,23
acidity indigestion headache blurred_and_distorted_vision excessive_hunger stiff_neck depression irritability visual_disturbances,HIGH,Migraine,32
vomiting yellowish_skin abdominal_pain swelling_of_stomach distention_of_abdomen history_of_alcohol_consumption fluid_overload,HIGH,Alcoholic hepatitis,32
itching skin_rash nodal_skin_eruptions dischromic _patches,LOW,Fungal infection,8
vomiting fatigue anxiety sweating headache nausea blurred_and_distorted_vision excessive_hunger drying_and_tingling_lips slurred_speech irritability palpitations,CRITICAL,Hypoglycemia,47
chills vomiting fatigue weight_loss cough high_fever breathlessness sweating loss_of_appetite mild_fever yellowing_of_eyes swelled_lymph_nodes malaise phlegm chest_pain blood_in_sputum,CRITICAL,Tuberculosis,75
fatigue yellowish_skin nausea loss_of_appetite yellowing_of_eyes family_history,HIGH,Hepatitis C,25
back_pain weakness_in_limbs neck_pain dizziness,MEDIUM,Cervical spondylosis,19
joint_pain vomiting fatigue high_fever yellowish_skin dark_urine nausea loss_of_appetite abdominal_pain yellowing_of_eyes acute_liver_failure coma stomach_bleeding,CRITICAL,Hepatitis E,62
vomiting headache nausea spinning_movements unsteadiness,MEDIUM,(vertigo) Paroymsal  Positional Vertigo,23
itching vomiting yellowish_skin nausea loss_of_appetite abdominal_pain yellowing_of_eyes,HIGH,Chronic cholestasis,26
continuous_sneezing shivering chills watering_from_eyes,MEDIUM,Allergy,16
constipation pain_during_bowel_movements pain_in_anal_region bloody_stool irritation_in_anus,HIGH,Dimorphic hemmorhoids(piles),26
vomiting yellowish_skin abdominal_pain swelling_of_stomach distention_of_abdomen history_of_alcohol_consumption fluid_overload,HIGH,Alcoholic hepatitis,32
itching vomiting yellowish_skin nausea loss_of_appetite abdominal_pain yellowing_of_eyes,HIGH,Chronic cholestasis,26
stomach_pain acidity vomiting cough chest_pain,MEDIUM,GERD,24
vomiting sunken_eyes dehydration diarrhoea,MEDIUM,Gastroenteritis,18
back_pain weakness_in_limbs dizziness loss_of_balance,MEDIUM,Cervical spondylosis,18
chills fatigue cough high_fever breathlessness sweating malaise chest_pain fast_heart_rate rusty_sputum,CRITICAL,Pneumonia,47
vomiting fatigue anxiety sweating headache nausea blurred_and_distorted_vision excessive_hunger drying_and_tingling_lips slurred_speech irritability palpitations,CRITICAL,Hypoglycemia,47
fatigue mood_swings weight_loss restlessness sweating diarrhoea fast_heart_rate excessive_hunger muscle_weakness irritability abnormal_menstruation,CRITICAL,Hyperthyroidism,43
chills vomiting high_fever sweating headache nausea diarrhoea muscle_pain,HIGH,Malaria,34
constipation pain_during_bowel_movements pain_in_anal_region bloody_stool irritation_in_anus,HIGH,Dimorphic hemmorhoids(piles),26
fatigue weight_loss restlessness lethargy irregular_sugar_level blurred_and_distorted_vision excessive_hunger increased_appetite polyuria,HIGH,Diabetes,37
acidity indigestion headache blurred_and_distorted_vision excessive_hunger stiff_neck depression irritability visual_disturbances,HIGH,Migraine,32
acidity indigestion headache blurred_and_distorted_vision excessive_hunger stiff_neck depression irritability visual_disturbances,HIGH,Migraine,32
continuous_sneezing shivering chills watering_from_eyes,MEDIUM,Allergy,16
fatigue mood_swings weight_loss restlessness sweating diarrhoea fast_heart_rate excessive_hunger muscle_weakness irritability abnormal_menstruation,CRITICAL,Hyperthyroidism,43
headache dizziness loss_of_balance lack_of_concentration,MEDIUM,Hypertension,14
skin_rash high_fever red_sore_around_nose yellow_crust_ooze,MEDIUM,Impetigo,15
vomiting dehydration diarrhoea,MEDIUM,Gastroenteritis,15
joint_pain vomiting fatigue high_fever yellowish_skin dark_urine nausea loss_of_appetite abdominal_pain yellowing_of_eyes acute_liver_failure coma stomach_bleeding,CRITICAL,Hepatitis E,62
continuous_sneezing chills watering_from_eyes,LOW,Allergy,11
vomiting fatigue high_fever yellowish_skin dark_urine nausea loss_of_appetite abdominal_pain yellowing_of_eyes acute_liver_failure coma stomach_bleeding,CRITICAL,Hepatitis E,59
muscle_wasting patches_in_throat high_fever extra_marital_contacts,MEDIUM,AIDS,21
pain_during_bowel_movements pain_in_anal_region bloody_stool irritation_in_anus,MEDIUM,Dimorphic hemmorhoids(piles),22
skin_rash chills joint_pain vomiting fatigue high_fever headache nausea loss_of_appetite pain_behind_the_eyes back_pain malaise muscle_pain red_spots_over_body,CRITICAL,Dengue,55
itching skin_rash nodal_skin_eruptions dischromic _patches,LOW,Fungal infection,8
fatigue mood_swings weight_loss restlessness sweating diarrhoea fast_heart_rate excessive_hunger muscle_weakness irritability abnormal_menstruation,CRITICAL,Hyperthyroidism,43
itching skin_rash stomach_pain spotting_ urination,LOW,Drug Reaction,9
joint_pain vomiting fatigue dark_urine nausea loss_of_appetite abdominal_pain yellowing_of_eyes,HIGH,Hepatitis D,33
itching skin_rash fatigue lethargy high_fever headache mild_fever swelled_lymph_nodes malaise red_spots_over_body,CRITICAL,Chicken pox,40
chills fatigue cough high_fever breathlessness sweating malaise phlegm chest_pain fast_heart_rate rusty_sputum,CRITICAL,Pneumonia,52
vomiting headache weakness_of_one_body_side altered_sensorium,MEDIUM,Paralysis (brain hemorrhage),14
skin_rash joint_pain skin_peeling silver_like_dusting small_dents_in_nails inflammatory_nails,MEDIUM,Psoriasis,15
itching nodal_skin_eruptions dischromic _patches,LOW,Fungal infection,5
skin_rash blister red_sore_around_nose yellow_crust_ooze,LOW,Impetigo,12
fatigue yellowish_skin nausea loss_of_appetite family_history,MEDIUM,Hepatitis C,21
joint_pain vomiting fatigue high_fever dark_urine nausea loss_of_appetite abdominal_pain yellowing_of_eyes acute_liver_failure coma stomach_bleeding,CRITICAL,Hepatitis E,59
fatigue mood_swings weight_loss restlessness sweating diarrhoea fast_heart_rate muscle_weakness irritability abnormal_menstruation,HIGH,Hyperthyroidism,39
itching nodal_skin_eruptions dischromic _patches,LOW,Fungal infection,5
burning_micturition bladder_discomfort foul_smell_of urine continuous_feel_of_urine,MEDIUM,Urinary tract infection,16
skin_rash chills joint_pain vomiting fatigue high_fever headache nausea loss_of_appetite pain_behind_the_eyes back_pain malaise muscle_pain red_spots_over_body,CRITICAL,Dengue,55
chills vomiting high_fever sweating headache nausea diarrhoea muscle_pain,HIGH,Malaria,34
itching skin_rash stomach_pain burning_micturition spotting_ urination,MEDIUM,Drug Reaction,15
skin_rash pus_filled_pimples blackheads scurring,LOW,Acne,9
joint_pain neck_pain knee_pain hip_joint_pain swelling_joints painful_walking,MEDIUM,Osteoarthristis,20
headache dizziness loss_of_balance lack_of_concentration,MEDIUM,Hypertension,14
fatigue cramps bruising obesity swollen_legs swollen_blood_vessels prominent_veins_on_calf,HIGH,Varicose veins,32
vomiting loss_of_appetite abdominal_pain passage_of_gases internal_itching,MEDIUM,Peptic ulcer diseae,22
vomiting indigestion loss_of_appetite abdominal_pain passage_of_gases internal_itching,HIGH,Peptic ulcer diseae,27
skin_rash chills joint_pain vomiting fatigue high_fever headache nausea loss_of_appetite pain_behind_the_eyes back_pain malaise red_spots_over_body,CRITICAL,Dengue,53
fatigue yellowish_skin nausea loss_of_appetite yellowing_of_eyes family_history,HIGH,Hepatitis C,25
fatigue weight_loss restlessness lethargy irregular_sugar_level blurred_and_distorted_vision obesity increased_appetite polyuria,HIGH,Diabetes,37
muscle_weakness stiff_neck swelling_joints movement_stiffness painful_walking,MEDIUM,Arthritis,18
acidity indigestion headache blurred_and_distorted_vision excessive_hunger stiff_neck depression irritability visual_disturbances,HIGH,Migraine,32
vomiting yellowish_skin abdominal_pain swelling_of_stomach distention_of_abdomen history_of_alcohol_consumption fluid_overload,HIGH,Alcoholic hepatitis,32
joint_pain vomiting yellowish_skin dark_urine nausea abdominal_pain diarrhoea mild_fever yellowing_of_eyes muscle_pain,CRITICAL,hepatitis A,41
itching vomiting fatigue weight_loss high_fever yellowish_skin dark_urine abdominal_pain,HIGH,Jaundice,31
vomiting breathlessness sweating,LOW,Heart attack,12
skin_rash chills joint_pain vomiting fatigue headache nausea loss_of_appetite pain_behind_the_eyes back_pain malaise muscle_pain red_spots_over_body,CRITICAL,Dengue,48
chills vomiting fatigue high_fever headache nausea constipation abdominal_pain diarrhoea toxic_look_(typhos) belly_pain,CRITICAL,Typhoid,50
vomiting indigestion loss_of_appetite abdominal_pain passage_of_gases internal_itching,HIGH,Peptic ulcer diseae,27
continuous_sneezing shivering chills watering_from_eyes,MEDIUM,Allergy,16
back_pain weakness_in_limbs neck_pain dizziness loss_of_balance,MEDIUM,Cervical spondylosis,23
itching skin_rash fatigue lethargy high_fever headache loss_of_appetite mild_fever malaise red_spots_over_body,HIGH,Chicken pox,38
joint_pain vomiting yellowish_skin dark_urine nausea loss_of_appetite abdominal_pain yellowing_of_eyes,HIGH,Hepatitis D,32
itching skin_rash fatigue lethargy high_fever headache loss_of_appetite mild_fever swelled_lymph_nodes malaise red_spots_over_body,CRITICAL,Chicken pox,44
chills fatigue cough high_fever breathlessness sweating malaise phlegm chest_pain fast_heart_rate rusty_sputum,CRITICAL,Pneumonia,52
vomiting sweating chest_pain,MEDIUM,Heart attack,15
joint_pain vomiting yellowish_skin dark_urine loss_of_appetite abdominal_pain diarrhoea mild_fever yellowing_of_eyes muscle_pain,CRITICAL,hepatitis A,40
burning_micturition bladder_discomfort foul_smell_of urine continuous_feel_of_urine,MEDIUM,Urinary tract infection,16
chills vomiting high_fever sweating headache nausea diarrhoea muscle_pain,HIGH,Malaria,34
continuous_sneezing chills fatigue cough high_fever headache swelled_lymph_nodes malaise phlegm throat_irritation redness_of_eyes sinus_pressure runny_nose congestion chest_pain loss_of_smell muscle_pain,CRITICAL,Common Cold,77
fatigue yellowish_skin nausea loss_of_appetite yellowing_of_eyes family_history,HIGH,Hepatitis C,25
vomiting headache nausea spinning_movements loss_of_balance unsteadiness,HIGH,(vertigo) Paroymsal  Positional Vertigo,27
skin_rash pus_filled_pimples blackheads scurring,LOW,Acne,9
joint_pain vomiting yellowish_skin dark_urine nausea loss_of_appetite abdominal_pain diarrhoea mild_fever yellowing_of_eyes muscle_pain,CRITICAL,hepatitis A,45
vomiting fatigue anxiety sweating headache nausea blurred_and_distorted_vision excessive_hunger drying_and_tingling_lips slurred_speech irritability palpitations,CRITICAL,Hypoglycemia,47
fatigue yellowish_skin nausea loss_of_appetite yellowing_of_eyes family_history,HIGH,Hepatitis C,25
skin_rash joint_pain skin_peeling silver_like_dusting small_dents_in_nails inflammatory_nails,MEDIUM,Psoriasis,15
vomiting headache weakness_of_one_body_side altered_sensorium,MEDIUM,Paralysis (brain hemorrhage),14
fatigue cough high_fever breathlessness family_history mucoid_sputum,HIGH,Bronchial Asthma,28
chills fatigue cough high_fever sweating malaise phlegm chest_pain fast_heart_rate rusty_sputum,CRITICAL,Pneumonia,48
vomiting fatigue weight_loss high_fever yellowish_skin dark_urine abdominal_pain,HIGH,Jaundice,30
chills vomiting fatigue high_fever headache nausea constipation abdominal_pain diarrhoea toxic_look_(typhos) belly_pain,CRITICAL,Typhoid,50
joint_pain vomiting yellowish_skin dark_urine nausea loss_of_appetite abdominal_pain diarrhoea mild_fever yellowing_of_eyes muscle_pain,CRITICAL,hepatitis A,45
fatigue cough high_fever breathlessness family_history mucoid_sputum,HIGH,Bronchial Asthma,28
headache chest_pain dizziness loss_of_balance lack_of_concentration,MEDIUM,Hypertension,21
skin_rash pus_filled_pimples blackheads scurring,LOW,Acne,9
joint_pain vomiting fatigue high_fever yellowish_skin dark_urine nausea loss_of_appetite abdominal_pain yellowing_of_eyes coma stomach_bleeding,CRITICAL,Hepatitis E,56
itching fatigue lethargy high_fever headache loss_of_appetite mild_fever swelled_lymph_nodes malaise red_spots_over_body,CRITICAL,Chicken pox,41
joint_pain vomiting fatigue high_fever yellowish_skin dark_urine nausea loss_of_appetite abdominal_pain yellowing_of_eyes acute_liver_failure coma stomach_bleeding,CRITICAL,Hepatitis E,62
vomiting breathlessness sweating chest_pain,MEDIUM,Heart attack,19
acidity indigestion headache blurred_and_distorted_vision excessive_hunger depression irritability visual_disturbances,HIGH,Migraine,28
vomiting fatigue anxiety sweating headache nausea blurred_and_distorted_vision excessive_hunger drying_and_tingling_lips slurred_speech irritability palpitations,CRITICAL,Hypoglycemia,47
fatigue yellowish_skin nausea loss_of_appetite family_history,MEDIUM,Hepatitis C,21
pus_filled_pimples blackheads scurring,LOW,Acne,6
itching skin_rash fatigue lethargy high_fever headache loss_of_appetite mild_fever swelled_lymph_nodes malaise red_spots_over_body,CRITICAL,Chicken pox,44
headache chest_pain dizziness loss_of_balance lack_of_concentration,MEDIUM,Hypertension,21
continuous_sneezing chills fatigue cough high_fever headache swelled_lymph_nodes malaise phlegm throat_irritation redness_of_eyes sinus_pressure runny_nose congestion chest_pain loss_of_smell muscle_pain,CRITICAL,Common Cold,77
joint_pain vomiting yellowish_skin dark_urine nausea loss_of_appetite abdominal_pain yellowing_of_eyes,HIGH,Hepatitis D,32
chest_pain dizziness loss_of_balance lack_of_concentration,MEDIUM,Hypertension,18
headache chest_pain dizziness loss_of_balance,MEDIUM,Hypertension,18
burning_micturition bladder_discomfort foul_smell_of urine continuous_feel_of_urine,MEDIUM,Urinary tract infection,16
muscle_wasting patches_in_throat extra_marital_contacts,MEDIUM,AIDS,14
high_fever blister red_sore_around_nose yellow_crust_ooze,MEDIUM,Impetigo,16
fatigue mood_swings restlessness sweating diarrhoea fast_heart_rate excessive_hunger muscle_weakness irritability abnormal_menstruation,CRITICAL,Hyperthyroidism,40
vomiting fatigue anxiety sweating headache nausea blurred_and_distorted_vision excessive_hunger drying_and_tingling_lips slurred_speech irritability palpitations,CRITICAL,Hypoglycemia,47
itching nodal_skin_eruptions dischromic _patches,LOW,Fungal infection,5
breathlessness sweating chest_pain,MEDIUM,Heart attack,14
muscle_weakness stiff_neck swelling_joints movement_stiffness painful_walking,MEDIUM,Arthritis,18
vomiting fatigue anxiety sweating headache nausea blurred_and_distorted_vision excessive_hunger drying_and_tingling_lips slurred_speech irritability palpitations,CRITICAL,Hypoglycemia,47
chills vomiting fatigue high_fever headache nausea constipation abdominal_pain diarrhoea toxic_look_(typhos) belly_pain,CRITICAL,Typhoid,50
skin_rash fatigue lethargy high_fever headache loss_of_appetite mild_fever swelled_lymph_nodes malaise red_spots_over_body,CRITICAL,Chicken pox,43
itching fatigue lethargy yellowish_skin dark_urine loss_of_appetite abdominal_pain yellow_urine yellowing_of_eyes malaise receiving_blood_transfusion receiving_unsterile_injections,CRITICAL,Hepatitis B,43
skin_rash pus_filled_pimples blackheads,LOW,Acne,7
chills vomiting fatigue weight_loss cough high_fever breathlessness sweating loss_of_appetite mild_fever yellowing_of_eyes swelled_lymph_nodes malaise phlegm chest_pain blood_in_sputum,CRITICAL,Tuberculosis,75
chills vomiting fatigue weight_loss cough high_fever breathlessness sweating loss_of_appetite mild_fever yellowing_of_eyes swelled_lymph_nodes malaise phlegm chest_pain blood_in_sputum,CRITICAL,Tuberculosis,75
itching nodal_skin_eruptions dischromic _patches,LOW,Fungal infection,5
vomiting indigestion loss_of_appetite abdominal_pain passage_of_gases internal_itching,HIGH,Peptic ulcer diseae,27
patches_in_throat high_fever extra_marital_contacts,MEDIUM,AIDS,18
skin_rash pus_filled_pimples blackheads scurring,LOW,Acne,9
vomiting headache weakness_of_one_body_side altered_sensorium,MEDIUM,Paralysis (brain hemorrhage),14
chills vomiting fatigue weight_loss cough high_fever breathlessness sweating loss_of_appetite mild_fever yellowing_of_eyes swelled_lymph_nodes malaise phlegm chest_pain blood_in_sputum,CRITICAL,Tuberculosis,75
constipation pain_during_bowel_movements pain_in_anal_region bloody_stool irritation_in_anus,HIGH,Dimorphic hemmorhoids(piles),26
burning_micturition foul_smell_of urine continuous_feel_of_urine,LOW,Urinary tract infection,12
chills vomiting high_fever sweating headache nausea diarrhoea muscle_pain,HIGH,Malaria,34
vomiting fatigue anxiety headache nausea blurred_and_distorted_vision excessive_hunger drying_and_tingling_lips slurred_speech irritability palpitations,CRITICAL,Hypoglycemia,44
chills cough high_fever breathlessness sweating malaise phlegm chest_pain fast_heart_rate rusty_sputum,CRITICAL,Pneumonia,48
vomiting indigestion loss_of_appetite abdominal_pain passage_of_gases internal_itching,HIGH,Peptic ulcer diseae,27
chills vomiting fatigue high_fever headache nausea constipation abdominal_pain toxic_look_(typhos) belly_pain,CRITICAL,Typhoid,44
chills fatigue cough high_fever breathlessness sweating phlegm chest_pain fast_heart_rate rusty_sputum,CRITICAL,Pneumonia,46
vomiting fatigue anxiety sweating headache nausea excessive_hunger drying_and_tingling_lips slurred_speech irritability palpitations,CRITICAL,Hypoglycemia,42
patches_in_throat high_fever extra_marital_contacts,MEDIUM,AIDS,18
vomiting indigestion loss_of_appetite abdominal_pain passage_of_gases internal_itching,HIGH,Peptic ulcer diseae,27
skin_rash high_fever blister red_sore_around_nose yellow_crust_ooze,MEDIUM,Impetigo,19
joint_pain vomiting fatigue high_fever yellowish_skin dark_urine nausea loss_of_appetite abdominal_pain yellowing_of_eyes acute_liver_failure coma stomach_bleeding,CRITICAL,Hepatitis E,62
skin_rash chills vomiting fatigue high_fever headache nausea loss_of_appetite pain_behind_the_eyes back_pain malaise muscle_pain red_spots_over_body,CRITICAL,Dengue,52
acidity indigestion headache blurred_and_distorted_vision excessive_hunger stiff_neck depression irritability,HIGH,Migraine,29
vomiting headache nausea spinning_movements loss_of_balance unsteadiness,HIGH,(vertigo) Paroymsal  Positional Vertigo,27
burning_micturition bladder_discomfort foul_smell_of urine continuous_feel_of_urine,MEDIUM,Urinary tract infection,16
stomach_pain acidity ulcers_on_tongue vomiting cough chest_pain,HIGH,GERD,28
itching fatigue lethargy yellowish_skin dark_urine loss_of_appetite abdominal_pain yellowing_of_eyes malaise receiving_blood_transfusion receiving_unsterile_injections,HIGH,Hepatitis B,39
constipation pain_during_bowel_movements pain_in_anal_region bloody_stool irritation_in_anus,HIGH,Dimorphic hemmorhoids(piles),26
vomiting headache weakness_of_one_body_side,LOW,Paralysis (brain hemorrhage),12
vomiting fatigue weight_loss cough high_fever breathlessness sweating loss_of_appetite mild_fever yellowing_of_eyes swelled_lymph_nodes malaise phlegm chest_pain blood_in_sputum,CRITICAL,Tuberculosis,72
itching fatigue lethargy yellowish_skin dark_urine loss_of_appetite abdominal_pain yellow_urine yellowing_of_eyes malaise receiving_blood_transfusion receiving_unsterile_injections,CRITICAL,Hepatitis B,43
vomiting headache weakness_of_one_body_side altered_sensorium,MEDIUM,Paralysis (brain hemorrhage),14
constipation pain_during_bowel_movements pain_in_anal_region bloody_stool irritation_in_anus,HIGH,Dimorphic hemmorhoids(piles),26
muscle_weakness stiff_neck swelling_joints movement_stiffness painful_walking,MEDIUM,Arthritis,18
joint_pain vomiting fatigue yellowish_skin dark_urine nausea loss_of_appetite abdominal_pain yellowing_of_eyes,HIGH,Hepatitis D,36
vomiting headache nausea spinning_movements unsteadiness,MEDIUM,(vertigo) Paroymsal  Positional Vertigo,23
fatigue yellowish_skin nausea loss_of_appetite yellowing_of_eyes family_history,HIGH,Hepatitis C,25
acidity indigestion headache blurred_and_distorted_vision excessive_hunger stiff_neck depression irritability,HIGH,Migraine,29
weight_loss restlessness lethargy irregular_sugar_level blurred_and_distorted_vision obesity excessive_hunger increased_appetite polyuria,HIGH,Diabetes,37
indigestion headache blurred_and_distorted_vision excessive_hunger stiff_neck depression irritability visual_disturbances,HIGH,Migraine,29
vomiting fatigue anxiety sweating headache nausea blurred_and_distorted_vision excessive_hunger drying_and_tingling_lips slurred_speech irritability palpitations,CRITICAL,Hypoglycemia,47
muscle_wasting patches_in_throat high_fever,MEDIUM,AIDS,16
itching skin_rash fatigue lethargy high_fever headache loss_of_appetite mild_fever swelled_lymph_nodes malaise red_spots_over_body,CRITICAL,Chicken pox,44
skin_rash joint_pain skin_peeling silver_like_dusting small_dents_in_nails inflammatory_nails,MEDIUM,Psoriasis,15
fatigue weight_gain cold_hands_and_feets mood_swings lethargy dizziness puffy_face_and_eyes enlarged_thyroid brittle_nails swollen_extremeties depression irritability abnormal_menstruation,CRITICAL,Hypothyroidism,53
joint_pain neck_pain knee_pain hip_joint_pain swelling_joints painful_walking,MEDIUM,Osteoarthristis,20
headache chest_pain dizziness loss_of_balance lack_of_concentration,MEDIUM,Hypertension,21
chills fatigue cough high_fever breathlessness sweating malaise phlegm chest_pain fast_heart_rate rusty_sputum,CRITICAL,Pneumonia,52
chills vomiting fatigue weight_loss cough high_fever breathlessness sweating loss_of_appetite mild_fever yellowing_of_eyes swelled_lymph_nodes malaise phlegm chest_pain blood_in_sputum,CRITICAL,Tuberculosis,75
muscle_wasting patches_in_throat high_fever extra_marital_contacts,MEDIUM,AIDS,21
burning_micturition bladder_discomfort foul_smell_of urine continuous_feel_of_urine,MEDIUM,Urinary tract infection,16
skin_rash blister red_sore_around_nose yellow_crust_ooze,LOW,Impetigo,12
fatigue cramps bruising obesity swollen_legs swollen_blood_vessels prominent_veins_on_calf,HIGH,Varicose veins,32
itching skin_rash fatigue lethargy high_fever headache loss_of_appetite mild_fever swelled_lymph_nodes malaise red_spots_over_body,CRITICAL,Chicken pox,44
itching skin_rash burning_micturition spotting_ urination,LOW,Drug Reaction,10
fatigue cramps bruising obesity swollen_legs swollen_blood_vessels prominent_veins_on_calf,HIGH,Varicose veins,32
neck_pain knee_pain hip_joint_pain swelling_joints painful_walking,MEDIUM,Osteoarthristis,17
fatigue weight_loss restlessness lethargy irregular_sugar_level blurred_and_distorted_vision obesity excessive_hunger increased_appetite polyuria,CRITICAL,Diabetes,41
skin_rash pus_filled_pimples blackheads,LOW,Acne,7
joint_pain vomiting fatigue high_fever yellowish_skin dark_urine nausea loss_of_appetite abdominal_pain yellowing_of_eyes acute_liver_failure coma stomach_bleeding,CRITICAL,Hepatitis E,62
vomiting breathlessness sweating chest_pain,MEDIUM,Heart attack,19
fatigue weight_loss restlessness lethargy irregular_sugar_level blurred_and_distorted_vision obesity excessive_hunger increased_appetite polyuria,CRITICAL,Diabetes,41
chills vomiting fatigue weight_loss cough high_fever breathlessness sweating loss_of_appetite mild_fever yellowing_of_eyes swelled_lymph_nodes malaise phlegm chest_pain blood_in_sputum,CRITICAL,Tuberculosis,75
joint_pain vomiting yellowish_skin dark_urine nausea loss_of_appetite abdominal_pain diarrhoea mild_fever yellowing_of_eyes muscle_pain,CRITICAL,hepatitis A,45
fatigue nausea loss_of_appetite yellowing_of_eyes family_history,MEDIUM,Hepatitis C,22
chills fatigue high_fever headache nausea constipation abdominal_pain diarrhoea toxic_look_(typhos) belly_pain,CRITICAL,Typhoid,45
fatigue cramps bruising obesity swollen_legs swollen_blood_vessels prominent_veins_on_calf,HIGH,Varicose veins,32
fatigue weight_loss restlessness irregular_sugar_level blurred_and_distorted_vision obesity excessive_hunger increased_appetite polyuria,HIGH,Diabetes,39
itching skin_rash fatigue lethargy high_fever headache loss_of_appetite mild_fever swelled_lymph_nodes malaise red_spots_over_body,CRITICAL,Chicken pox,44
itching skin_rash stomach_pain burning_micturition spotting_ urination,MEDIUM,Drug Reaction,15
vomiting yellowish_skin abdominal_pain swelling_of_stomach distention_of_abdomen history_of_alcohol_consumption fluid_overload,HIGH,Alcoholic hepatitis,32
fatigue cough high_fever breathlessness family_history,MEDIUM,Bronchial Asthma,24
stomach_pain acidity ulcers_on_tongue vomiting cough chest_pain,HIGH,GERD,28
vomiting yellowish_skin abdominal_pain swelling_of_stomach distention_of_abdomen fluid_overload,HIGH,Alcoholic hepatitis,27
fatigue mood_swings weight_loss restlessness sweating diarrhoea fast_heart_rate excessive_hunger muscle_weakness irritability abnormal_menstruation,CRITICAL,Hyperthyroidism,43
back_pain weakness_in_limbs neck_pain dizziness loss_of_balance,MEDIUM,Cervical spondylosis,23
itching vomiting weight_loss high_fever yellowish_skin dark_urine abdominal_pain,HIGH,Jaundice,27
joint_pain vomiting yellowish_skin dark_urine nausea loss_of_appetite abdominal_pain diarrhoea mild_fever yellowing_of_eyes muscle_pain,CRITICAL,hepatitis A,45
vomiting headache nausea loss_of_balance unsteadiness,MEDIUM,(vertigo) Paroymsal  Positional Vertigo,21
continuous_sneezing shivering chills watering_from_eyes,MEDIUM,Allergy,16
skin_rash chills joint_pain vomiting fatigue high_fever headache nausea loss_of_appetite pain_behind_the_eyes back_pain malaise muscle_pain red_spots_over_body,CRITICAL,Dengue,55
vomiting indigestion loss_of_appetite abdominal_pain passage_of_gases internal_itching,HIGH,Peptic ulcer diseae,27
acidity headache blurred_and_distorted_vision excessive_hunger stiff_neck depression irritability visual_disturbances,HIGH,Migraine,27
fatigue yellowish_skin nausea loss_of_appetite yellowing_of_eyes,MEDIUM,Hepatitis C,20
fatigue cramps bruising obesity swollen_legs prominent_veins_on_calf,HIGH,Varicose veins,27
fatigue cough high_fever breathlessness family_history mucoid_sputum,HIGH,Bronchial Asthma,28
vomiting headache nausea spinning_movements loss_of_balance unsteadiness,HIGH,(vertigo) Paroymsal  Positional Vertigo,27
stomach_pain acidity ulcers_on_tongue vomiting cough,MEDIUM,GERD,21
joint_pain neck_pain knee_pain hip_joint_pain swelling_joints painful_walking,MEDIUM,Osteoarthristis,20
stomach_pain acidity ulcers_on_tongue vomiting cough chest_pain,HIGH,GERD,28
fatigue weight_loss restlessness lethargy irregular_sugar_level obesity excessive_hunger increased_appetite polyuria,HIGH,Diabetes,36
chills fatigue cough high_fever breathlessness sweating malaise phlegm chest_pain fast_heart_rate rusty_sputum,CRITICAL,Pneumonia,52
joint_pain vomiting fatigue yellowish_skin dark_urine nausea loss_of_appetite abdominal_pain yellowing_of_eyes,HIGH,Hepatitis D,36
fatigue weight_loss restlessness sweating diarrhoea fast_heart_rate excessive_hunger muscle_weakness irritability abnormal_menstruation,CRITICAL,Hyperthyroidism,40
joint_pain neck_pain knee_pain swelling_joints painful_walking,MEDIUM,Osteoarthristis,18
vomiting fatigue anxiety sweating headache nausea blurred_and_distorted_vision excessive_hunger drying_and_tingling_lips slurred_speech irritability palpitations,CRITICAL,Hypoglycemia,47
fatigue weight_loss restlessness lethargy irregular_sugar_level obesity excessive_hunger increased_appetite polyuria,HIGH,Diabetes,36
muscle_weakness stiff_neck swelling_joints painful_walking,MEDIUM,Arthritis,13
joint_pain neck_pain knee_pain hip_joint_pain swelling_joints painful_walking,MEDIUM,Osteoarthristis,20
vomiting headache nausea spinning_movements loss_of_balance unsteadiness,HIGH,(vertigo) Paroymsal  Positional Vertigo,27
joint_pain neck_pain hip_joint_pain swelling_joints painful_walking,MEDIUM,Osteoarthristis,17
indigestion headache blurred_and_distorted_vision excessive_hunger stiff_neck depression irritability visual_disturbances,HIGH,Migraine,29
vomiting sunken_eyes dehydration diarrhoea,MEDIUM,Gastroenteritis,18
vomiting headache weakness_of_one_body_side,LOW,Paralysis (brain hemorrhage),12
stomach_pain acidity ulcers_on_tongue vomiting cough chest_pain,HIGH,GERD,28
continuous_sneezing shivering watering_from_eyes,MEDIUM,Allergy,13
fatigue cough high_fever breathlessness family_history mucoid_sputum,HIGH,Bronchial Asthma,28
fatigue weight_loss restlessness lethargy irregular_sugar_level blurred_and_distorted_vision obesity excessive_hunger increased_appetite polyuria,CRITICAL,Diabetes,41
stomach_pain acidity ulcers_on_tongue vomiting cough chest_pain,HIGH,GERD,28
joint_pain neck_pain knee_pain hip_joint_pain swelling_joints painful_walking,MEDIUM,Osteoarthristis,20
stomach_pain acidity ulcers_on_tongue vomiting cough,MEDIUM,GERD,21
vomiting headache weakness_of_one_body_side altered_sensorium,MEDIUM,Paralysis (brain hemorrhage),14
fatigue weight_loss restlessness lethargy irregular_sugar_level blurred_and_distorted_vision obesity excessive_hunger increased_appetite polyuria,CRITICAL,Diabetes,41
vomiting headache weakness_of_one_body_side altered_sensorium,MEDIUM,Paralysis (brain hemorrhage),14
headache chest_pain dizziness loss_of_balance lack_of_concentration,MEDIUM,Hypertension,21
muscle_wasting patches_in_throat high_fever extra_marital_contacts,MEDIUM,AIDS,21
vomiting anxiety sweating headache nausea blurred_and_distorted_vision excessive_hunger drying_and_tingling_lips slurred_speech irritability palpitations,CRITICAL,Hypoglycemia,43
chills vomiting fatigue weight_loss cough high_fever breathlessness sweating loss_of_appetite mild_fever yellowing_of_eyes swelled_lymph_nodes malaise phlegm chest_pain blood_in_sputum,CRITICAL,Tuberculosis,75
vomiting yellowish_skin abdominal_pain distention_of_abdomen history_of_alcohol_consumption fluid_overload,HIGH,Alcoholic hepatitis,25
fatigue yellowish_skin nausea loss_of_appetite yellowing_of_eyes family_history,HIGH,Hepatitis C,25
fatigue cramps bruising obesity swollen_legs swollen_blood_vessels prominent_veins_on_calf,HIGH,Varicose veins,32
itching fatigue lethargy yellowish_skin dark_urine loss_of_appetite abdominal_pain yellow_urine yellowing_of_eyes malaise receiving_blood_transfusion receiving_unsterile_injections,CRITICAL,Hepatitis B,43
chills vomiting high_fever headache nausea diarrhoea muscle_pain,HIGH,Malaria,31
itching skin_rash burning_micturition spotting_ urination,LOW,Drug Reaction,10
cough high_fever breathlessness family_history mucoid_sputum,MEDIUM,Bronchial Asthma,24
chills vomiting fatigue weight_loss cough high_fever breathlessness sweating loss_of_appetite mild_fever yellowing_of_eyes swelled_lymph_nodes malaise phlegm chest_pain blood_in_sputum,CRITICAL,Tuberculosis,75
muscle_weakness stiff_neck swelling_joints movement_stiffness painful_walking,MEDIUM,Arthritis,18
vomiting abdominal_pain swelling_of_stomach distention_of_abdomen history_of_alcohol_consumption fluid_overload,HIGH,Alcoholic hepatitis,29
fatigue mood_swings weight_loss restlessness sweating diarrhoea fast_heart_rate excessive_hunger muscle_weakness irritability abnormal_menstruation,CRITICAL,Hyperthyroidism,43
chills fatigue cough high_fever breathlessness sweating malaise chest_pain fast_heart_rate rusty_sputum,CRITICAL,Pneumonia,47
vomiting fatigue high_fever yellowish_skin dark_urine nausea loss_of_appetite abdominal_pain yellowing_of_eyes acute_liver_failure coma stomach_bleeding,CRITICAL,Hepatitis E,59
continuous_sneezing chills fatigue cough high_fever headache swelled_lymph_nodes malaise phlegm throat_irritation redness_of_eyes sinus_pressure runny_nose congestion chest_pain loss_of_smell muscle_pain,CRITICAL,Common Cold,77
itching vomiting yellowish_skin nausea abdominal_pain yellowing_of_eyes,MEDIUM,Chronic cholestasis,22
muscle_weakness stiff_neck swelling_joints movement_stiffness painful_walking,MEDIUM,Arthritis,18
itching skin_rash fatigue lethargy high_fever headache loss_of_appetite mild_fever swelled_lymph_nodes malaise red_spots_over_body,CRITICAL,Chicken pox,44
skin_rash chills joint_pain vomiting fatigue high_fever headache nausea loss_of_appetite pain_behind_the_eyes back_pain malaise muscle_pain red_spots_over_body,CRITICAL,Dengue,55
joint_pain vomiting fatigue high_fever yellowish_skin dark_urine nausea loss_of_appetite abdominal_pain yellowing_of_eyes acute_liver_failure coma stomach_bleeding,CRITICAL,Hepatitis E,62
vomiting loss_of_appetite abdominal_pain passage_of_gases internal_itching,MEDIUM,Peptic ulcer diseae,22
joint_pain vomiting yellowish_skin dark_urine nausea loss_of_appetite abdominal_pain yellowing_of_eyes,HIGH,Hepatitis D,32
headache chest_pain dizziness loss_of_balance lack_of_concentration,MEDIUM,Hypertension,21
chills vomiting fatigue high_fever headache nausea constipation abdominal_pain diarrhoea toxic_look_(typhos),CRITICAL,Typhoid,46
chest_pain dizziness loss_of_balance lack_of_concentration,MEDIUM,Hypertension,18
vomiting fatigue anxiety sweating headache blurred_and_distorted_vision excessive_hunger drying_and_tingling_lips slurred_speech irritability palpitations,CRITICAL,Hypoglycemia,42
acidity indigestion headache blurred_and_distorted_vision excessive_hunger stiff_neck depression irritability visual_disturbances,HIGH,Migraine,32
fatigue lethargy yellowish_skin dark_urine loss_of_appetite abdominal_pain yellow_urine yellowing_of_eyes malaise receiving_blood_transfusion receiving_unsterile_injections,CRITICAL,Hepatitis B,42
back_pain weakness_in_limbs neck_pain dizziness loss_of_balance,MEDIUM,Cervical spondylosis,23
skin_rash pus_filled_pimples scurring,LOW,Acne,7
vomiting fatigue weight_loss high_fever yellowish_skin dark_urine abdominal_pain,HIGH,Jaundice,30
fatigue mood_swings weight_loss restlessness sweating diarrhoea fast_heart_rate excessive_hunger muscle_weakness irritability abnormal_menstruation,CRITICAL,Hyperthyroidism,43
acidity indigestion headache blurred_and_distorted_vision excessive_hunger stiff_neck depression irritability visual_disturbances,HIGH,Migraine,32
chills vomiting high_fever sweating headache nausea muscle_pain,HIGH,Malaria,28
constipation pain_during_bowel_movements pain_in_anal_region bloody_stool irritation_in_anus,HIGH,Dimorphic hemmorhoids(piles),26
headache weakness_of_one_body_side altered_sensorium,LOW,Paralysis (brain hemorrhage),9
fatigue cramps bruising obesity swollen_legs prominent_veins_on_calf,HIGH,Varicose veins,27
chills vomiting fatigue high_fever headache nausea constipation diarrhoea toxic_look_(typhos) belly_pain,CRITICAL,Typhoid,46
skin_rash blackheads scurring,LOW,Acne,7
skin_rash high_fever blister red_sore_around_nose yellow_crust_ooze,MEDIUM,Impetigo,19
stomach_pain acidity ulcers_on_tongue vomiting cough chest_pain,HIGH,GERD,28
muscle_weakness stiff_neck swelling_joints painful_walking,MEDIUM,Arthritis,13
vomiting sunken_eyes dehydration diarrhoea,MEDIUM,Gastroenteritis,18
vomiting breathlessness chest_pain,MEDIUM,Heart attack,16
continuous_sneezing chills fatigue cough high_fever headache swelled_lymph_nodes malaise phlegm throat_irritation redness_of_eyes sinus_pressure runny_nose congestion chest_pain loss_of_smell muscle_pain,CRITICAL,Common Cold,77
skin_rash joint_pain skin_peeling silver_like_dusting small_dents_in_nails inflammatory_nails,MEDIUM,Psoriasis,15
itching vomiting fatigue weight_loss high_fever yellowish_skin dark_urine abdominal_pain,HIGH,Jaundice,31
joint_pain vomiting fatigue high_fever dark_urine nausea loss_of_appetite abdominal_pain yellowing_of_eyes acute_liver_failure coma stomach_bleeding,CRITICAL,Hepatitis E,59
chills fatigue cough high_fever breathlessness sweating malaise phlegm chest_pain fast_heart_rate rusty_sputum,CRITICAL,Pneumonia,52
chills fatigue cough high_fever sweating malaise phlegm chest_pain fast_heart_rate rusty_sputum,CRITICAL,Pneumonia,48
vomiting sunken_eyes diarrhoea,MEDIUM,Gastroenteritis,14
itching vomiting yellowish_skin loss_of_appetite abdominal_pain yellowing_of_eyes,MEDIUM,Chronic cholestasis,21
constipation pain_in_anal_region bloody_stool irritation_in_anus,MEDIUM,Dimorphic hemmorhoids(piles),21
chills vomiting fatigue high_fever headache nausea constipation abdominal_pain diarrhoea toxic_look_(typhos) belly_pain,CRITICAL,Typhoid,50
headache chest_pain dizziness loss_of_balance lack_of_concentration,MEDIUM,Hypertension,21
vomiting breathlessness sweating chest_pain,MEDIUM,Heart attack,19
headache chest_pain dizziness loss_of_balance lack_of_concentration,MEDIUM,Hypertension,21
chills vomiting fatigue weight_loss cough high_fever breathlessness sweating loss_of_appetite mild_fever yellowing_of_eyes swelled_lymph_nodes malaise phlegm chest_pain blood_in_sputum,CRITICAL,Tuberculosis,75
acidity headache blurred_and_distorted_vision excessive_hunger stiff_neck depression irritability visual_disturbances,HIGH,Migraine,27
muscle_weakness stiff_neck swelling_joints movement_stiffness painful_walking,MEDIUM,Arthritis,18
patches_in_throat high_fever extra_marital_contacts,MEDIUM,AIDS,18
fatigue cough high_fever breathlessness family_history mucoid_sputum,HIGH,Bronchial Asthma,28
acidity indigestion headache blurred_and_distorted_vision excessive_hunger stiff_neck depression irritability visual_disturbances,HIGH,Migraine,32
itching vomiting fatigue weight_loss high_fever yellowish_skin dark_urine abdominal_pain,HIGH,Jaundice,31
chills vomiting fatigue weight_loss cough high_fever breathlessness sweating loss_of_appetite mild_fever yellowing_of_eyes swelled_lymph_nodes malaise phlegm chest_pain blood_in_sputum,CRITICAL,Tuberculosis,75
stomach_pain acidity ulcers_on_tongue vomiting cough chest_pain,HIGH,GERD,28
vomiting indigestion loss_of_appetite abdominal_pain passage_of_gases internal_itching,HIGH,Peptic ulcer diseae,27
stomach_pain acidity ulcers_on_tongue vomiting cough chest_pain,HIGH,GERD,28
skin_rash fatigue lethargy high_fever headache loss_of_appetite mild_fever swelled_lymph_nodes malaise red_spots_over_body,CRITICAL,Chicken pox,43
itching skin_rash nodal_skin_eruptions dischromic _patches,LOW,Fungal infection,8
vomiting breathlessness sweating chest_pain,MEDIUM,Heart attack,19
headache chest_pain loss_of_balance lack_of_concentration,MEDIUM,Hypertension,17
vomiting yellowish_skin abdominal_pain swelling_of_stomach distention_of_abdomen history_of_alcohol_consumption fluid_overload,HIGH,Alcoholic hepatitis,32
vomiting high_fever sweating headache nausea diarrhoea muscle_pain,HIGH,Malaria,31
headache chest_pain dizziness loss_of_balance lack_of_concentration,MEDIUM,Hypertension,21
continuous_sneezing shivering chills watering_from_eyes,MEDIUM,Allergy,16
muscle_wasting patches_in_throat high_fever extra_marital_contacts,MEDIUM,AIDS,21
continuous_sneezing fatigue cough high_fever headache swelled_lymph_nodes malaise phlegm throat_irritation redness_of_eyes sinus_pressure runny_nose congestion chest_pain loss_of_smell muscle_pain,CRITICAL,Common Cold,74
back_pain weakness_in_limbs neck_pain dizziness loss_of_balance,MEDIUM,Cervical spondylosis,23
fatigue cough high_fever breathlessness family_history mucoid_sputum,HIGH,Bronchial Asthma,28
headache chest_pain dizziness loss_of_balance lack_of_concentration,MEDIUM,Hypertension,21
headache weakness_of_one_body_side altered_sensorium,LOW,Paralysis (brain hemorrhage),9
weight_gain cold_hands_and_feets mood_swings lethargy dizziness puffy_face_and_eyes enlarged_thyroid brittle_nails swollen_extremeties depression irritability abnormal_menstruation,CRITICAL,Hypothyroidism,49
joint_pain vomiting yellowish_skin dark_urine loss_of_appetite abdominal_pain diarrhoea mild_fever yellowing_of_eyes muscle_pain,CRITICAL,hepatitis A,40
skin_rash chills joint_pain vomiting fatigue high_fever headache nausea loss_of_appetite pain_behind_the_eyes back_pain malaise muscle_pain,CRITICAL,Dengue,52
stomach_pain acidity ulcers_on_tongue vomiting cough chest_pain,HIGH,GERD,28
stomach_pain acidity ulcers_on_tongue cough chest_pain,MEDIUM,GERD,23
fatigue cough breathlessness family_history mucoid_sputum,MEDIUM,Bronchial Asthma,21
muscle_wasting patches_in_throat high_fever extra_marital_contacts,MEDIUM,AIDS,21
fatigue cough high_fever breathlessness family_history mucoid_sputum,HIGH,Bronchial Asthma,28
muscle_weakness stiff_neck swelling_joints movement_stiffness painful_walking,MEDIUM,Arthritis,18
fatigue weight_loss restlessness lethargy irregular_sugar_level blurred_and_distorted_vision obesity excessive_hunger increased_appetite polyuria,CRITICAL,Diabetes,41
continuous_sneezing chills fatigue cough high_fever headache swelled_lymph_nodes malaise phlegm throat_irritation redness_of_eyes sinus_pressure runny_nose congestion chest_pain loss_of_smell muscle_pain,CRITICAL,Common Cold,77
chills vomiting fatigue weight_loss cough high_fever breathlessness sweating loss_of_appetite mild_fever yellowing_of_eyes swelled_lymph_nodes malaise phlegm chest_pain blood_in_sputum,CRITICAL,Tuberculosis,75
continuous_sneezing shivering chills watering_from_eyes,MEDIUM,Allergy,16
skin_rash pus_filled_pimples blackheads scurring,LOW,Acne,9
vomiting sunken_eyes dehydration diarrhoea,MEDIUM,Gastroenteritis,18
joint_pain vomiting fatigue high_fever yellowish_skin dark_urine nausea loss_of_appetite abdominal_pain yellowing_of_eyes acute_liver_failure coma stomach_bleeding,CRITICAL,Hepatitis E,62
fatigue cold_hands_and_feets mood_swings lethargy dizziness puffy_face_and_eyes enlarged_thyroid brittle_nails swollen_extremeties depression irritability abnormal_menstruation,CRITICAL,Hypothyroidism,50
constipation pain_in_anal_region bloody_stool irritation_in_anus,MEDIUM,Dimorphic hemmorhoids(piles),21
fatigue weight_loss restlessness lethargy irregular_sugar_level blurred_and_distorted_vision obesity excessive_hunger increased_appetite polyuria,CRITICAL,Diabetes,41
back_pain weakness_in_limbs neck_pain dizziness loss_of_balance,MEDIUM,Cervical spondylosis,23
joint_pain neck_pain knee_pain hip_joint_pain swelling_joints painful_walking,MEDIUM,Osteoarthristis,20
joint_pain vomiting fatigue yellowish_skin nausea loss_of_appetite abdominal_pain yellowing_of_eyes,HIGH,Hepatitis D,32
vomiting indigestion loss_of_appetite abdominal_pain internal_itching,MEDIUM,Peptic ulcer diseae,22
chills vomiting fatigue weight_loss cough high_fever breathlessness sweating loss_of_appetite mild_fever yellowing_of_eyes swelled_lymph_nodes malaise phlegm chest_pain blood_in_sputum,CRITICAL,Tuberculosis,75
joint_pain vomiting fatigue yellowish_skin dark_urine nausea loss_of_appetite abdominal_pain yellowing_of_eyes,HIGH,Hepatitis D,36
itching vomiting fatigue weight_loss high_fever yellowish_skin dark_urine abdominal_pain,HIGH,Jaundice,31
joint_pain neck_pain knee_pain hip_joint_pain swelling_joints,MEDIUM,Osteoarthristis,18
headache chest_pain dizziness loss_of_balance lack_of_concentration,MEDIUM,Hypertension,21
continuous_sneezing chills fatigue cough headache swelled_lymph_nodes malaise phlegm throat_irritation redness_of_eyes sinus_pressure runny_nose congestion chest_pain loss_of_smell muscle_pain,CRITICAL,Common Cold,70
joint_pain vomiting yellowish_skin dark_urine nausea loss_of_appetite abdominal_pain diarrhoea mild_fever yellowing_of_eyes muscle_pain,CRITICAL,hepatitis A,45
vomiting breathlessness sweating chest_pain,MEDIUM,Heart attack,19
headache dizziness loss_of_balance lack_of_concentration,MEDIUM,Hypertension,14
weight_gain cold_hands_and_feets mood_swings lethargy dizziness puffy_face_and_eyes enlarged_thyroid brittle_nails swollen_extremeties depression irritability abnormal_menstruation,CRITICAL,Hypothyroidism,49
joint_pain skin_peeling silver_like_dusting small_dents_in_nails inflammatory_nails,LOW,Psoriasis,12
itching fatigue lethargy yellowish_skin dark_urine loss_of_appetite abdominal_pain yellow_urine yellowing_of_eyes malaise receiving_blood_transfusion receiving_unsterile_injections,CRITICAL,Hepatitis B,43
chills vomiting high_fever sweating headache nausea muscle_pain,HIGH,Malaria,28
fatigue cramps bruising obesity swollen_legs swollen_blood_vessels prominent_veins_on_calf,HIGH,Varicose veins,32
vomiting breathlessness sweating chest_pain,MEDIUM,Heart attack,19
fatigue mood_swings weight_loss restlessness sweating diarrhoea fast_heart_rate excessive_hunger muscle_weakness irritability abnormal_menstruation,CRITICAL,Hyperthyroidism,43
acidity indigestion headache blurred_and_distorted_vision excessive_hunger stiff_neck irritability visual_disturbances,HIGH,Migraine,29
skin_rash joint_pain skin_peeling silver_like_dusting small_dents_in_nails inflammatory_nails,MEDIUM,Psoriasis,15
fatigue weight_gain cold_hands_and_feets mood_swings dizziness puffy_face_and_eyes enlarged_thyroid brittle_nails swollen_extremeties depression irritability abnormal_menstruation,CRITICAL,Hypothyroidism,51
fatigue weight_gain cold_hands_and_feets mood_swings lethargy dizziness puffy_face_and_eyes enlarged_thyroid brittle_nails swollen_extremeties depression irritability abnormal_menstruation,CRITICAL,Hypothyroidism,53
vomiting fatigue anxiety sweating headache nausea blurred_and_distorted_vision excessive_hunger drying_and_tingling_lips slurred_speech irritability palpitations,CRITICAL,Hypoglycemia,47
fatigue weight_gain cold_hands_and_feets mood_swings lethargy dizziness puffy_face_and_eyes enlarged_thyroid brittle_nails swollen_extremeties depression irritability abnormal_menstruation,CRITICAL,Hypothyroidism,53
back_pain neck_pain dizziness loss_of_balance,MEDIUM,Cervical spondylosis,16
skin_rash joint_pain skin_peeling silver_like_dusting small_dents_in_nails inflammatory_nails,MEDIUM,Psoriasis,15
skin_rash joint_pain skin_peeling silver_like_dusting small_dents_in_nails inflammatory_nails,MEDIUM,Psoriasis,15
stomach_pain acidity ulcers_on_tongue vomiting cough chest_pain,HIGH,GERD,28
itching fatigue lethargy yellowish_skin dark_urine loss_of_appetite abdominal_pain yellow_urine yellowing_of_eyes malaise receiving_blood_transfusion receiving_unsterile_injections,CRITICAL,Hepatitis B,43
muscle_weakness stiff_neck swelling_joints movement_stiffness painful_walking,MEDIUM,Arthritis,18
vomiting headache nausea spinning_movements loss_of_balance unsteadiness,HIGH,(vertigo) Paroymsal  Positional Vertigo,27
muscle_wasting patches_in_throat high_fever extra_marital_contacts,MEDIUM,AIDS,21
vomiting sunken_eyes dehydration diarrhoea,MEDIUM,Gastroenteritis,18
continuous_sneezing shivering chills,LOW,Allergy,12
skin_rash high_fever blister red_sore_around_nose yellow_crust_ooze,MEDIUM,Impetigo,19
continuous_sneezing chills fatigue cough high_fever headache swelled_lymph_nodes malaise phlegm throat_irritation redness_of_eyes sinus_pressure runny_nose congestion chest_pain loss_of_smell muscle_pain,CRITICAL,Common Cold,77
skin_rash joint_pain silver_like_dusting small_dents_in_nails inflammatory_nails,LOW,Psoriasis,12
itching vomiting yellowish_skin nausea loss_of_appetite abdominal_pain,MEDIUM,Chronic cholestasis,22
fatigue weight_loss restlessness lethargy irregular_sugar_level blurred_and_distorted_vision obesity excessive_hunger increased_appetite polyuria,CRITICAL,Diabetes,41
itching skin_rash burning_micturition spotting_ urination,LOW,Drug Reaction,10
shivering chills watering_from_eyes,LOW,Allergy,12
weight_gain cold_hands_and_feets mood_swings lethargy dizziness puffy_face_and_eyes enlarged_thyroid brittle_nails swollen_extremeties depression irritability abnormal_menstruation,CRITICAL,Hypothyroidism,49
muscle_weakness swelling_joints movement_stiffness painful_walking,MEDIUM,Arthritis,14
fatigue bruising obesity swollen_legs swollen_blood_vessels prominent_veins_on_calf,HIGH,Varicose veins,28
continuous_sneezing shivering watering_from_eyes,MEDIUM,Allergy,13
back_pain weakness_in_limbs neck_pain dizziness loss_of_balance,MEDIUM,Cervical spondylosis,23
stomach_pain acidity ulcers_on_tongue cough chest_pain,MEDIUM,GERD,23
skin_rash chills joint_pain vomiting fatigue high_fever headache nausea loss_of_appetite pain_behind_the_eyes back_pain malaise red_spots_over_body,CRITICAL,Dengue,53
vomiting fatigue anxiety sweating headache blurred_and_distorted_vision excessive_hunger drying_and_tingling_lips slurred_speech irritability palpitations,CRITICAL,Hypoglycemia,42
vomiting breathlessness sweating chest_pain,MEDIUM,Heart attack,19
joint_pain fatigue yellowish_skin dark_urine nausea loss_of_appetite abdominal_pain yellowing_of_eyes,HIGH,Hepatitis D,31
vomiting sunken_eyes dehydration diarrhoea,MEDIUM,Gastroenteritis,18
chills vomiting fatigue weight_loss high_fever breathlessness sweating loss_of_appetite mild_fever yellowing_of_eyes swelled_lymph_nodes malaise phlegm chest_pain blood_in_sputum,CRITICAL,Tuberculosis,71
skin_rash chills joint_pain vomiting fatigue high_fever headache nausea loss_of_appetite pain_behind_the_eyes back_pain malaise muscle_pain red_spots_over_body,CRITICAL,Dengue,55
chills vomiting sweating headache nausea diarrhoea muscle_pain,HIGH,Malaria,27
fatigue yellowish_skin nausea loss_of_appetite yellowing_of_eyes family_history,HIGH,Hepatitis C,25
continuous_sneezing chills fatigue cough high_fever headache swelled_lymph_nodes malaise phlegm throat_irritation redness_of_eyes sinus_pressure runny_nose congestion chest_pain loss_of_smell muscle_pain,CRITICAL,Common Cold,77
vomiting breathlessness sweating chest_pain,MEDIUM,Heart attack,19
chills vomiting fatigue weight_loss cough high_fever breathlessness sweating loss_of_appetite mild_fever yellowing_of_eyes swelled_lymph_nodes malaise phlegm chest_pain blood_in_sputum,CRITICAL,Tuberculosis,75
chills vomiting high_fever sweating headache nausea diarrhoea muscle_pain,HIGH,Malaria,34
chills vomiting fatigue weight_loss cough high_fever sweating loss_of_appetite mild_fever yellowing_of_eyes swelled_lymph_nodes malaise phlegm chest_pain blood_in_sputum,CRITICAL,Tuberculosis,71
skin_rash chills joint_pain vomiting fatigue high_fever headache nausea loss_of_appetite pain_behind_the_eyes back_pain malaise muscle_pain red_spots_over_body,CRITICAL,Dengue,55
vomiting weakness_of_one_body_side altered_sensorium,LOW,Paralysis (brain hemorrhage),11
continuous_sneezing chills fatigue cough high_fever headache swelled_lymph_nodes malaise phlegm throat_irritation redness_of_eyes sinus_pressure runny_nose congestion chest_pain loss_of_smell muscle_pain,CRITICAL,Common Cold,77
skin_rash chills joint_pain vomiting fatigue high_fever headache nausea loss_of_appetite pain_behind_the_eyes back_pain malaise muscle_pain red_spots_over_body,CRITICAL,Dengue,55
joint_pain vomiting fatigue yellowish_skin dark_urine nausea abdominal_pain yellowing_of_eyes,HIGH,Hepatitis D,32
skin_rash blister red_sore_around_nose yellow_crust_ooze,LOW,Impetigo,12
itching vomiting fatigue weight_loss high_fever yellowish_skin dark_urine,HIGH,Jaundice,27
chills fatigue cough high_fever headache swelled_lymph_nodes malaise phlegm throat_irritation redness_of_eyes sinus_pressure runny_nose congestion chest_pain loss_of_smell muscle_pain,CRITICAL,Common Cold,73
itching vomiting yellowish_skin nausea loss_of_appetite abdominal_pain yellowing_of_eyes,HIGH,Chronic cholestasis,26
itching vomiting yellowish_skin nausea loss_of_appetite abdominal_pain yellowing_of_eyes,HIGH,Chronic cholestasis,26
itching skin_rash stomach_pain burning_micturition spotting_ urination,MEDIUM,Drug Reaction,15
itching vomiting fatigue weight_loss high_fever yellowish_skin dark_urine abdominal_pain,HIGH,Jaundice,31
skin_rash high_fever blister red_sore_around_nose yellow_crust_ooze,MEDIUM,Impetigo,19
acidity indigestion headache blurred_and_distorted_vision excessive_hunger stiff_neck depression irritability visual_disturbances,HIGH,Migraine,32
vomiting sunken_eyes dehydration diarrhoea,MEDIUM,Gastroenteritis,18
fatigue cramps bruising swollen_legs swollen_blood_vessels prominent_veins_on_calf,HIGH,Varicose veins,28
muscle_wasting patches_in_throat high_fever extra_marital_contacts,MEDIUM,AIDS,21
vomiting headache nausea spinning_movements loss_of_balance unsteadiness,HIGH,(vertigo) Paroymsal  Positional Vertigo,27
vomiting indigestion loss_of_appetite abdominal_pain passage_of_gases internal_itching,HIGH,Peptic ulcer diseae,27
muscle_weakness stiff_neck swelling_joints movement_stiffness painful_walking,MEDIUM,Arthritis,18
vomiting breathlessness sweating chest_pain,MEDIUM,Heart attack,19
skin_rash chills joint_pain vomiting fatigue high_fever headache nausea loss_of_appetite pain_behind_the_eyes back_pain malaise muscle_pain red_spots_over_body,CRITICAL,Dengue,55
vomiting indigestion loss_of_appetite abdominal_pain passage_of_gases internal_itching,HIGH,Peptic ulcer diseae,27
bladder_discomfort foul_smell_of urine continuous_feel_of_urine,LOW,Urinary tract infection,10
skin_rash chills joint_pain vomiting fatigue high_fever headache nausea loss_of_appetite pain_behind_the_eyes back_pain muscle_pain red_spots_over_body,CRITICAL,Dengue,49
fatigue mood_swings weight_loss restlessness sweating fast_heart_rate excessive_hunger muscle_weakness irritability abnormal_menstruation,HIGH,Hyperthyroidism,37
vomiting fatigue anxiety headache nausea blurred_and_distorted_vision excessive_hunger drying_and_tingling_lips slurred_speech irritability palpitations,CRITICAL,Hypoglycemia,44
vomiting indigestion loss_of_appetite abdominal_pain passage_of_gases internal_itching,HIGH,Peptic ulcer diseae,27
joint_pain vomiting yellowish_skin dark_urine nausea loss_of_appetite abdominal_pain mild_fever yellowing_of_eyes muscle_pain,HIGH,hepatitis A,39
vomiting indigestion loss_of_appetite abdominal_pain passage_of_gases,MEDIUM,Peptic ulcer diseae,23
itching yellowish_skin nausea loss_of_appetite abdominal_pain yellowing_of_eyes,MEDIUM,Chronic cholestasis,21
fatigue cough high_fever breathlessness family_history mucoid_sputum,HIGH,Bronchial Asthma,28
muscle_weakness stiff_neck swelling_joints movement_stiffness painful_walking,MEDIUM,Arthritis,18
fatigue mood_swings weight_loss sweating diarrhoea fast_heart_rate excessive_hunger muscle_weakness irritability abnormal_menstruation,HIGH,Hyperthyroidism,38
muscle_wasting patches_in_throat high_fever extra_marital_contacts,MEDIUM,AIDS,21
itching skin_rash fatigue lethargy headache loss_of_appetite mild_fever swelled_lymph_nodes malaise red_spots_over_body,HIGH,Chicken pox,37
vomiting sunken_eyes dehydration diarrhoea,MEDIUM,Gastroenteritis,18
vomiting headache nausea spinning_movements loss_of_balance,MEDIUM,(vertigo) Paroymsal  Positional Vertigo,23
vomiting headache weakness_of_one_body_side altered_sensorium,MEDIUM,Paralysis (brain hemorrhage),14
joint_pain vomiting fatigue yellowish_skin dark_urine nausea loss_of_appetite yellowing_of_eyes,HIGH,Hepatitis D,32
stomach_pain acidity vomiting cough chest_pain,MEDIUM,GERD,24
vomiting indigestion loss_of_appetite abdominal_pain passage_of_gases internal_itching,HIGH,Peptic ulcer diseae,27
vomiting breathlessness chest_pain,MEDIUM,Heart attack,16
fatigue mood_swings weight_loss restlessness diarrhoea fast_heart_rate excessive_hunger muscle_weakness irritability abnormal_menstruation,CRITICAL,Hyperthyroidism,40
fatigue mood_swings weight_loss restlessness sweating diarrhoea excessive_hunger muscle_weakness irritability abnormal_menstruation,HIGH,Hyperthyroidism,38
vomiting fatigue anxiety sweating headache nausea excessive_hunger drying_and_tingling_lips slurred_speech irritability palpitations,CRITICAL,Hypoglycemia,42
itching skin_rash fatigue lethargy high_fever headache loss_of_appetite mild_fever swelled_lymph_nodes malaise red_spots_over_body,CRITICAL,Chicken pox,44
itching skin_rash nodal_skin_eruptions dischromic _patches,LOW,Fungal infection,8
skin_rash pus_filled_pimples scurring,LOW,Acne,7
back_pain weakness_in_limbs neck_pain loss_of_balance,MEDIUM,Cervical spondylosis,19
skin_rash stomach_pain burning_micturition spotting_ urination,MEDIUM,Drug Reaction,14
continuous_sneezing shivering watering_from_eyes,MEDIUM,Allergy,13
vomiting headache nausea loss_of_balance unsteadiness,MEDIUM,(vertigo) Paroymsal  Positional Vertigo,21
vomiting breathlessness sweating chest_pain,MEDIUM,Heart attack,19
muscle_weakness stiff_neck swelling_joints movement_stiffness painful_walking,MEDIUM,Arthritis,18
joint_pain vomiting yellowish_skin dark_urine nausea loss_of_appetite abdominal_pain diarrhoea mild_fever yellowing_of_eyes muscle_pain,CRITICAL,hepatitis A,45
joint_pain neck_pain knee_pain hip_joint_pain swelling_joints painful_walking,MEDIUM,Osteoarthristis,20
skin_rash chills joint_pain vomiting fatigue high_fever headache nausea loss_of_appetite pain_behind_the_eyes back_pain muscle_pain red_spots_over_body,CRITICAL,Dengue,49
itching skin_rash stomach_pain spotting_ urination,LOW,Drug Reaction,9
vomiting yellowish_skin nausea loss_of_appetite abdominal_pain yellowing_of_eyes,HIGH,Chronic cholestasis,25
itching skin_rash nodal_skin_eruptions dischromic _patches,LOW,Fungal infection,8
vomiting indigestion loss_of_appetite abdominal_pain passage_of_gases internal_itching,HIGH,Peptic ulcer diseae,27
skin_rash chills joint_pain vomiting high_fever headache nausea loss_of_appetite pain_behind_the_eyes back_pain malaise muscle_pain red_spots_over_body,CRITICAL,Dengue,51
muscle_wasting high_fever extra_marital_contacts,MEDIUM,AIDS,15
stomach_pain acidity ulcers_on_tongue vomiting cough chest_pain,HIGH,GERD,28
constipation pain_during_bowel_movements pain_in_anal_region bloody_stool,MEDIUM,Dimorphic hemmorhoids(piles),20
vomiting yellowish_skin abdominal_pain swelling_of_stomach distention_of_abdomen history_of_alcohol_consumption fluid_overload,HIGH,Alcoholic hepatitis,32
chills vomiting fatigue high_fever headache nausea constipation abdominal_pain diarrhoea toxic_look_(typhos) belly_pain,CRITICAL,Typhoid,50
itching skin_rash stomach_pain burning_micturition spotting_ urination,MEDIUM,Drug Reaction,15
fatigue mood_swings weight_loss restlessness sweating diarrhoea fast_heart_rate excessive_hunger muscle_weakness irritability abnormal_menstruation,CRITICAL,Hyperthyroidism,43
muscle_weakness stiff_neck swelling_joints movement_stiffness painful_walking,MEDIUM,Arthritis,18
skin_rash joint_pain skin_peeling silver_like_dusting small_dents_in_nails inflammatory_nails,MEDIUM,Psoriasis,15
joint_pain neck_pain knee_pain hip_joint_pain swelling_joints painful_walking,MEDIUM,Osteoarthristis,20
itching fatigue lethargy yellowish_skin dark_urine loss_of_appetite abdominal_pain yellow_urine yellowing_of_eyes malaise receiving_blood_transfusion receiving_unsterile_injections,CRITICAL,Hepatitis B,43
joint_pain neck_pain knee_pain hip_joint_pain swelling_joints painful_walking,MEDIUM,Osteoarthristis,20
chills vomiting high_fever sweating headache nausea muscle_pain,HIGH,Malaria,28
chills vomiting fatigue weight_loss cough high_fever breathlessness sweating loss_of_appetite mild_fever yellowing_of_eyes swelled_lymph_nodes malaise phlegm chest_pain blood_in_sputum,CRITICAL,Tuberculosis,75
continuous_sneezing chills fatigue cough high_fever headache swelled_lymph_nodes malaise phlegm throat_irritation redness_of_eyes sinus_pressure runny_nose congestion chest_pain loss_of_smell muscle_pain,CRITICAL,Common Cold,77
muscle_weakness stiff_neck swelling_joints movement_stiffness painful_walking,MEDIUM,Arthritis,18
acidity indigestion headache blurred_and_distorted_vision stiff_neck depression irritability visual_disturbances,HIGH,Migraine,28
chills vomiting fatigue weight_loss cough high_fever breathlessness sweating loss_of_appetite mild_fever yellowing_of_eyes swelled_lymph_nodes malaise phlegm chest_pain blood_in_sputum,CRITICAL,Tuberculosis,75
burning_micturition bladder_discomfort continuous_feel_of_urine,MEDIUM,Urinary tract infection,16
itching vomiting yellowish_skin nausea loss_of_appetite abdominal_pain yellowing_of_eyes,HIGH,Chronic cholestasis,26
vomiting yellowish_skin abdominal_pain swelling_of_stomach distention_of_abdomen history_of_alcohol_consumption fluid_overload,HIGH,Alcoholic hepatitis,32
chills vomiting fatigue weight_loss cough high_fever breathlessness sweating loss_of_appetite mild_fever yellowing_of_eyes swelled_lymph_nodes malaise phlegm chest_pain blood_in_sputum,CRITICAL,Tuberculosis,75
vomiting headache nausea loss_of_balance unsteadiness,MEDIUM,(vertigo) Paroymsal  Positional Vertigo,21
chills vomiting fatigue weight_loss cough high_fever breathlessness sweating loss_of_appetite mild_fever yellowing_of_eyes swelled_lymph_nodes malaise phlegm chest_pain blood_in_sputum,CRITICAL,Tuberculosis,75
fatigue weight_gain cold_hands_and_feets mood_swings lethargy dizziness puffy_face_and_eyes enlarged_thyroid brittle_nails swollen_extremeties depression irritability abnormal_menstruation,CRITICAL,Hypothyroidism,53
joint_pain vomiting fatigue yellowish_skin dark_urine nausea loss_of_appetite abdominal_pain yellowing_of_eyes,HIGH,Hepatitis D,36
chills vomiting fatigue high_fever headache nausea constipation abdominal_pain diarrhoea toxic_look_(typhos) belly_pain,CRITICAL,Typhoid,50
chills vomiting fatigue cough high_fever breathlessness sweating loss_of_appetite mild_fever yellowing_of_eyes swelled_lymph_nodes malaise phlegm chest_pain blood_in_sputum,CRITICAL,Tuberculosis,72
itching skin_rash stomach_pain burning_micturition spotting_ urination,MEDIUM,Drug Reaction,15
itching lethargy yellowish_skin dark_urine loss_of_appetite abdominal_pain yellow_urine yellowing_of_eyes malaise receiving_blood_transfusion receiving_unsterile_injections,HIGH,Hepatitis B,39
vomiting headache weakness_of_one_body_side altered_sensorium,MEDIUM,Paralysis (brain hemorrhage),14
headache nausea spinning_movements loss_of_balance unsteadiness,MEDIUM,(vertigo) Paroymsal  Positional Vertigo,22
joint_pain neck_pain knee_pain hip_joint_pain swelling_joints painful_walking,MEDIUM,Osteoarthristis,20
fatigue mood_swings weight_loss restlessness sweating diarrhoea fast_heart_rate excessive_hunger muscle_weakness irritability abnormal_menstruation,CRITICAL,Hyperthyroidism,43
fatigue mood_swings weight_loss restlessness sweating diarrhoea fast_heart_rate excessive_hunger muscle_weakness irritability abnormal_menstruation,CRITICAL,Hyperthyroidism,43
fatigue cough high_fever breathlessness family_history mucoid_sputum,HIGH,Bronchial Asthma,28
shivering chills watering_from_eyes,LOW,Allergy,12
vomiting fatigue weight_loss cough high_fever breathlessness sweating loss_of_appetite mild_fever yellowing_of_eyes swelled_lymph_nodes malaise phlegm chest_pain blood_in_sputum,CRITICAL,Tuberculosis,72
muscle_wasting patches_in_throat high_fever extra_marital_contacts,MEDIUM,AIDS,21
back_pain weakness_in_limbs neck_pain dizziness loss_of_balance,MEDIUM,Cervical spondylosis,23
vomiting indigestion loss_of_appetite abdominal_pain passage_of_gases internal_itching,HIGH,Peptic ulcer diseae,27
itching fatigue lethargy yellowish_skin dark_urine loss_of_appetite abdominal_pain yellow_urine yellowing_of_eyes malaise receiving_blood_transfusion receiving_unsterile_injections,CRITICAL,Hepatitis B,43
breathlessness sweating chest_pain,MEDIUM,Heart attack,14
skin_rash joint_pain skin_peeling silver_like_dusting small_dents_in_nails inflammatory_nails,MEDIUM,Psoriasis,15
chills vomiting fatigue high_fever headache nausea constipation abdominal_pain diarrhoea toxic_look_(typhos) belly_pain,CRITICAL,Typhoid,50
chills fatigue cough high_fever breathlessness sweating malaise phlegm chest_pain fast_heart_rate rusty_sputum,CRITICAL,Pneumonia,52
itching vomiting yellowish_skin nausea loss_of_appetite abdominal_pain yellowing_of_eyes,HIGH,Chronic cholestasis,26
fatigue weight_gain cold_hands_and_feets mood_swings lethargy dizziness puffy_face_and_eyes enlarged_thyroid brittle_nails swollen_extremeties depression irritability abnormal_menstruation,CRITICAL,Hypothyroidism,53
vomiting breathlessness sweating chest_pain,MEDIUM,Heart attack,19
vomiting yellowish_skin swelling_of_stomach distention_of_abdomen history_of_alcohol_consumption fluid_overload,HIGH,Alcoholic hepatitis,28
fatigue weight_gain cold_hands_and_feets lethargy dizziness puffy_face_and_eyes enlarged_thyroid brittle_nails swollen_extremeties depression irritability abnormal_menstruation,CRITICAL,Hypothyroidism,50
chills fatigue cough high_fever breathlessness sweating malaise phlegm chest_pain fast_heart_rate rusty_sputum,CRITICAL,Pneumonia,52
vomiting fatigue sweating headache nausea blurred_and_distorted_vision excessive_hunger drying_and_tingling_lips slurred_speech irritability palpitations,CRITICAL,Hypoglycemia,43
headache dizziness loss_of_balance lack_of_concentration,MEDIUM,Hypertension,14
itching skin_rash fatigue lethargy high_fever headache loss_of_appetite mild_fever swelled_lymph_nodes malaise red_spots_over_body,CRITICAL,Chicken pox,44
acidity indigestion headache excessive_hunger stiff_neck depression irritability visual_disturbances,HIGH,Migraine,27
fatigue weight_loss restlessness lethargy irregular_sugar_level blurred_and_distorted_vision obesity excessive_hunger increased_appetite polyuria,CRITICAL,Diabetes,41
constipation pain_during_bowel_movements pain_in_anal_region bloody_stool irritation_in_anus,HIGH,Dimorphic hemmorhoids(piles),26
joint_pain vomiting fatigue high_fever yellowish_skin dark_urine nausea loss_of_appetite abdominal_pain yellowing_of_eyes acute_liver_failure coma stomach_bleeding,CRITICAL,Hepatitis E,62
vomiting sunken_eyes diarrhoea,MEDIUM,Gastroenteritis,14
joint_pain neck_pain knee_pain hip_joint_pain swelling_joints,MEDIUM,Osteoarthristis,18
vomiting indigestion loss_of_appetite abdominal_pain passage_of_gases internal_itching,HIGH,Peptic ulcer diseae,27
vomiting headache nausea spinning_movements loss_of_balance unsteadiness,HIGH,(vertigo) Paroymsal  Positional Vertigo,27
vomiting headache weakness_of_one_body_side altered_sensorium,MEDIUM,Paralysis (brain hemorrhage),14
joint_pain vomiting yellowish_skin dark_urine nausea loss_of_appetite abdominal_pain mild_fever yellowing_of_eyes muscle_pain,HIGH,hepatitis A,39
chills fatigue cough high_fever breathlessness sweating malaise phlegm chest_pain fast_heart_rate rusty_sputum,CRITICAL,Pneumonia,52
itching skin_rash nodal_skin_eruptions dischromic _patches,LOW,Fungal infection,8
burning_micturition bladder_discomfort foul_smell_of urine continuous_feel_of_urine,MEDIUM,Urinary tract infection,16
skin_rash joint_pain skin_peeling silver_like_dusting small_dents_in_nails inflammatory_nails,MEDIUM,Psoriasis,15
itching vomiting yellowish_skin nausea loss_of_appetite abdominal_pain yellowing_of_eyes,HIGH,Chronic cholestasis,26
vomiting breathlessness sweating chest_pain,MEDIUM,Heart attack,19
fatigue cramps bruising obesity swollen_legs swollen_blood_vessels prominent_veins_on_calf,HIGH,Varicose veins,32
vomiting yellowish_skin abdominal_pain swelling_of_stomach distention_of_abdomen history_of_alcohol_consumption fluid_overload,HIGH,Alcoholic hepatitis,32
fatigue weight_loss restlessness lethargy irregular_sugar_level blurred_and_distorted_vision obesity excessive_hunger increased_appetite polyuria,CRITICAL,Diabetes,41
skin_rash pus_filled_pimples blackheads scurring,LOW,Acne,9
skin_rash pus_filled_pimples scurring,LOW,Acne,7
joint_pain vomiting fatigue high_fever yellowish_skin dark_urine nausea loss_of_appetite abdominal_pain yellowing_of_eyes acute_liver_failure coma stomach_bleeding,CRITICAL,Hepatitis E,62
chills vomiting fatigue high_fever headache nausea constipation abdominal_pain diarrhoea toxic_look_(typhos) belly_pain,CRITICAL,Typhoid,50
fatigue weight_loss restlessness lethargy irregular_sugar_level blurred_and_distorted_vision obesity excessive_hunger increased_appetite polyuria,CRITICAL,Diabetes,41
itching vomiting yellowish_skin nausea loss_of_appetite abdominal_pain yellowing_of_eyes,HIGH,Chronic cholestasis,26
back_pain weakness_in_limbs neck_pain dizziness loss_of_balance,MEDIUM,Cervical spondylosis,23
bladder_discomfort foul_smell_of urine continuous_feel_of_urine,LOW,Urinary tract infection,10
fatigue yellowish_skin nausea yellowing_of_eyes family_history,MEDIUM,Hepatitis C,21
itching vomiting yellowish_skin nausea loss_of_appetite abdominal_pain yellowing_of_eyes,HIGH,Chronic cholestasis,26
back_pain weakness_in_limbs neck_pain dizziness loss_of_balance,MEDIUM,Cervical spondylosis,23
chills vomiting fatigue high_fever headache nausea constipation abdominal_pain diarrhoea toxic_look_(typhos) belly_pain,CRITICAL,Typhoid,50
joint_pain vomiting fatigue high_fever dark_urine nausea loss_of_appetite abdominal_pain yellowing_of_eyes acute_liver_failure coma stomach_bleeding,CRITICAL,Hepatitis E,59
vomiting breathlessness sweating chest_pain,MEDIUM,Heart attack,19
chills vomiting high_fever headache nausea diarrhoea muscle_pain,HIGH,Malaria,31
joint_pain yellowish_skin dark_urine nausea loss_of_appetite abdominal_pain diarrhoea mild_fever yellowing_of_eyes muscle_pain,CRITICAL,hepatitis A,40
skin_rash chills joint_pain vomiting fatigue high_fever headache nausea loss_of_appetite pain_behind_the_eyes back_pain malaise muscle_pain red_spots_over_body,CRITICAL,Dengue,55
constipation pain_during_bowel_movements pain_in_anal_region bloody_stool irritation_in_anus,HIGH,Dimorphic hemmorhoids(piles),26
muscle_weakness stiff_neck swelling_joints movement_stiffness painful_walking,MEDIUM,Arthritis,18
fatigue mood_swings weight_loss restlessness sweating diarrhoea excessive_hunger muscle_weakness irritability abnormal_menstruation,HIGH,Hyperthyroidism,38
itching skin_rash fatigue lethargy high_fever headache loss_of_appetite mild_fever swelled_lymph_nodes malaise red_spots_over_body,CRITICAL,Chicken pox,44
fatigue weight_gain cold_hands_and_feets mood_swings lethargy dizziness puffy_face_and_eyes enlarged_thyroid brittle_nails swollen_extremeties depression irritability abnormal_menstruation,CRITICAL,Hypothyroidism,53
acidity indigestion headache blurred_and_distorted_vision stiff_neck depression irritability visual_disturbances,HIGH,Migraine,28
vomiting indigestion loss_of_appetite passage_of_gases internal_itching,MEDIUM,Peptic ulcer diseae,23
skin_rash pus_filled_pimples blackheads scurring,LOW,Acne,9
itching vomiting fatigue weight_loss high_fever yellowish_skin dark_urine abdominal_pain,HIGH,Jaundice,31
back_pain weakness_in_limbs neck_pain dizziness loss_of_balance,MEDIUM,Cervical spondylosis,23
muscle_wasting patches_in_throat high_fever extra_marital_contacts,MEDIUM,AIDS,21
muscle_wasting patches_in_throat extra_marital_contacts,MEDIUM,AIDS,14
skin_rash joint_pain skin_peeling silver_like_dusting small_dents_in_nails inflammatory_nails,MEDIUM,Psoriasis,15
continuous_sneezing chills fatigue cough high_fever headache swelled_lymph_nodes malaise phlegm throat_irritation redness_of_eyes sinus_pressure runny_nose congestion chest_pain loss_of_smell muscle_pain,CRITICAL,Common Cold,77
stiff_neck swelling_joints movement_stiffness painful_walking,MEDIUM,Arthritis,16
itching skin_rash nodal_skin_eruptions dischromic _patches,LOW,Fungal infection,8
constipation pain_during_bowel_movements pain_in_anal_region bloody_stool irritation_in_anus,HIGH,Dimorphic hemmorhoids(piles),26
chills vomiting high_fever sweating headache nausea diarrhoea muscle_pain,HIGH,Malaria,34
fatigue cramps bruising obesity swollen_legs swollen_blood_vessels prominent_veins_on_calf,HIGH,Varicose veins,32
vomiting headache nausea spinning_movements loss_of_balance unsteadiness,HIGH,(vertigo) Paroymsal  Positional Vertigo,27
yellowish_skin abdominal_pain swelling_of_stomach distention_of_abdomen history_of_alcohol_consumption fluid_overload,HIGH,Alcoholic hepatitis,27
fatigue yellowish_skin nausea loss_of_appetite yellowing_of_eyes family_history,HIGH,Hepatitis C,25
vomiting fatigue anxiety sweating headache nausea blurred_and_distorted_vision excessive_hunger drying_and_tingling_lips slurred_speech irritability palpitations,CRITICAL,Hypoglycemia,47
mood_swings weight_loss restlessness sweating diarrhoea fast_heart_rate excessive_hunger muscle_weakness irritability abnormal_menstruation,HIGH,Hyperthyroidism,39
chills vomiting fatigue high_fever headache nausea constipation abdominal_pain diarrhoea toxic_look_(typhos) belly_pain,CRITICAL,Typhoid,50
joint_pain neck_pain knee_pain hip_joint_pain swelling_joints painful_walking,MEDIUM,Osteoarthristis,20
vomiting breathlessness sweating chest_pain,MEDIUM,Heart attack,19
vomiting fatigue anxiety sweating headache nausea blurred_and_distorted_vision excessive_hunger drying_and_tingling_lips slurred_speech irritability palpitations,CRITICAL,Hypoglycemia,47
fatigue cough high_fever family_history mucoid_sputum,MEDIUM,Bronchial Asthma,24
itching vomiting yellowish_skin nausea loss_of_appetite abdominal_pain yellowing_of_eyes,HIGH,Chronic cholestasis,26
skin_rash joint_pain skin_peeling silver_like_dusting small_dents_in_nails inflammatory_nails,MEDIUM,Psoriasis,15
vomiting fatigue anxiety headache nausea blurred_and_distorted_vision excessive_hunger drying_and_tingling_lips slurred_speech irritability palpitations,CRITICAL,Hypoglycemia,44
fatigue restlessness lethargy irregular_sugar_level blurred_and_distorted_vision obesity excessive_hunger increased_appetite polyuria,HIGH,Diabetes,38
burning_micturition bladder_discomfort foul_smell_of urine continuous_feel_of_urine,MEDIUM,Urinary tract infection,16
chills vomiting fatigue high_fever headache nausea constipation abdominal_pain diarrhoea toxic_look_(typhos) belly_pain,CRITICAL,Typhoid,50
muscle_weakness stiff_neck swelling_joints movement_stiffness painful_walking,MEDIUM,Arthritis,18
muscle_wasting patches_in_throat high_fever extra_marital_contacts,MEDIUM,AIDS,21
vomiting headache weakness_of_one_body_side altered_sensorium,MEDIUM,Paralysis (brain hemorrhage),14
joint_pain vomiting fatigue yellowish_skin dark_urine nausea loss_of_appetite abdominal_pain yellowing_of_eyes,HIGH,Hepatitis D,36
itching skin_rash stomach_pain burning_micturition spotting_ urination,MEDIUM,Drug Reaction,15
itching skin_rash burning_micturition spotting_ urination,LOW,Drug Reaction,10
joint_pain vomiting fatigue high_fever yellowish_skin dark_urine nausea loss_of_appetite abdominal_pain yellowing_of_eyes acute_liver_failure coma stomach_bleeding,CRITICAL,Hepatitis E,62
acidity indigestion headache blurred_and_distorted_vision excessive_hunger stiff_neck depression irritability visual_disturbances,HIGH,Migraine,32
acidity indigestion headache blurred_and_distorted_vision excessive_hunger stiff_neck depression irritability visual_disturbances,HIGH,Migraine,32
skin_rash high_fever blister red_sore_around_nose yellow_crust_ooze,MEDIUM,Impetigo,19
back_pain weakness_in_limbs neck_pain dizziness loss_of_balance,MEDIUM,Cervical spondylosis,23
chills vomiting fatigue high_fever headache nausea constipation abdominal_pain diarrhoea toxic_look_(typhos) belly_pain,CRITICAL,Typhoid,50
skin_rash joint_pain skin_peeling silver_like_dusting small_dents_in_nails inflammatory_nails,MEDIUM,Psoriasis,15
vomiting fatigue anxiety sweating headache nausea blurred_and_distorted_vision excessive_hunger drying_and_tingling_lips slurred_speech irritability palpitations,CRITICAL,Hypoglycemia,47
vomiting fatigue anxiety sweating headache nausea blurred_and_distorted_vision excessive_hunger drying_and_tingling_lips slurred_speech irritability palpitations,CRITICAL,Hypoglycemia,47
skin_rash chills joint_pain vomiting fatigue high_fever headache nausea loss_of_appetite pain_behind_the_eyes back_pain malaise muscle_pain red_spots_over_body,CRITICAL,Dengue,55
stomach_pain acidity ulcers_on_tongue vomiting cough chest_pain,HIGH,GERD,28
continuous_sneezing chills fatigue cough headache swelled_lymph_nodes malaise phlegm throat_irritation redness_of_eyes sinus_pressure runny_nose congestion chest_pain loss_of_smell muscle_pain,CRITICAL,Common Cold,70
sunken_eyes dehydration diarrhoea,MEDIUM,Gastroenteritis,13
skin_rash pus_filled_pimples blackheads scurring,LOW,Acne,9
vomiting headache nausea spinning_movements loss_of_balance unsteadiness,HIGH,(vertigo) Paroymsal  Positional Vertigo,27
fatigue mood_swings weight_loss restlessness sweating diarrhoea fast_heart_rate muscle_weakness irritability abnormal_menstruation,HIGH,Hyperthyroidism,39
joint_pain vomiting fatigue high_fever yellowish_skin dark_urine nausea loss_of_appetite abdominal_pain yellowing_of_eyes acute_liver_failure coma stomach_bleeding,CRITICAL,Hepatitis E,62
constipation pain_during_bowel_movements bloody_stool irritation_in_anus,MEDIUM,Dimorphic hemmorhoids(piles),20
continuous_sneezing chills fatigue cough high_fever headache swelled_lymph_nodes malaise phlegm throat_irritation redness_of_eyes sinus_pressure runny_nose congestion chest_pain loss_of_smell muscle_pain,CRITICAL,Common Cold,77
fatigue cramps obesity swollen_legs swollen_blood_vessels prominent_veins_on_calf,HIGH,Varicose veins,28
vomiting indigestion loss_of_appetite abdominal_pain passage_of_gases internal_itching,HIGH,Peptic ulcer diseae,27
acidity indigestion headache excessive_hunger stiff_neck depression irritability visual_disturbances,HIGH,Migraine,27
headache chest_pain dizziness loss_of_balance lack_of_concentration,MEDIUM,Hypertension,21
fatigue cough high_fever breathlessness mucoid_sputum,MEDIUM,Bronchial Asthma,23
fatigue weight_loss restlessness lethargy irregular_sugar_level blurred_and_distorted_vision obesity excessive_hunger increased_appetite polyuria,CRITICAL,Diabetes,41
chills vomiting fatigue high_fever headache nausea constipation abdominal_pain diarrhoea toxic_look_(typhos) belly_pain,CRITICAL,Typhoid,50
burning_micturition bladder_discomfort foul_smell_of urine continuous_feel_of_urine,MEDIUM,Urinary tract infection,16
fatigue cramps bruising obesity swollen_legs swollen_blood_vessels prominent_veins_on_calf,HIGH,Varicose veins,32
acidity indigestion headache excessive_hunger stiff_neck depression irritability visual_disturbances,HIGH,Migraine,27
vomiting indigestion loss_of_appetite abdominal_pain passage_of_gases internal_itching,HIGH,Peptic ulcer diseae,27
itching skin_rash stomach_pain burning_micturition spotting_ urination,MEDIUM,Drug Reaction,15
itching skin_rash burning_micturition spotting_ urination,LOW,Drug Reaction,10
vomiting fatigue anxiety headache nausea blurred_and_distorted_vision excessive_hunger drying_and_tingling_lips slurred_speech irritability palpitations,CRITICAL,Hypoglycemia,44
back_pain weakness_in_limbs neck_pain dizziness loss_of_balance,MEDIUM,Cervical spondylosis,23
skin_rash chills joint_pain vomiting fatigue high_fever headache nausea loss_of_appetite pain_behind_the_eyes back_pain malaise muscle_pain red_spots_over_body,CRITICAL,Dengue,55
joint_pain vomiting fatigue high_fever yellowish_skin dark_urine nausea loss_of_appetite abdominal_pain yellowing_of_eyes acute_liver_failure coma stomach_bleeding,CRITICAL,Hepatitis E,62
skin_rash high_fever blister red_sore_around_nose yellow_crust_ooze,MEDIUM,Impetigo,19
itching skin_rash fatigue lethargy high_fever headache loss_of_appetite swelled_lymph_nodes malaise red_spots_over_body,HIGH,Chicken pox,39
joint_pain vomiting fatigue high_fever yellowish_skin nausea loss_of_appetite abdominal_pain yellowing_of_eyes acute_liver_failure coma stomach_bleeding,CRITICAL,Hepatitis E,58
constipation pain_in_anal_region bloody_stool irritation_in_anus,MEDIUM,Dimorphic hemmorhoids(piles),21
muscle_weakness stiff_neck swelling_joints movement_stiffness painful_walking,MEDIUM,Arthritis,18
acidity indigestion blurred_and_distorted_vision excessive_hunger stiff_neck depression irritability visual_disturbances,HIGH,Migraine,29
skin_rash chills joint_pain vomiting fatigue high_fever headache nausea loss_of_appetite pain_behind_the_eyes back_pain malaise muscle_pain red_spots_over_body,CRITICAL,Dengue,55
vomiting headache weakness_of_one_body_side altered_sensorium,MEDIUM,Paralysis (brain hemorrhage),14
itching fatigue lethargy yellowish_skin dark_urine loss_of_appetite abdominal_pain yellow_urine yellowing_of_eyes malaise receiving_blood_transfusion receiving_unsterile_injections,CRITICAL,Hepatitis B,43
continuous_sneezing chills fatigue cough high_fever headache malaise phlegm throat_irritation redness_of_eyes sinus_pressure runny_nose congestion chest_pain loss_of_smell muscle_pain,CRITICAL,Common Cold,71
skin_rash pus_filled_pimples blackheads scurring,LOW,Acne,9
acidity ulcers_on_tongue vomiting cough chest_pain,MEDIUM,GERD,23
burning_micturition bladder_discomfort foul_smell_of urine continuous_feel_of_urine,MEDIUM,Urinary tract infection,16
chills vomiting high_fever sweating headache nausea diarrhoea muscle_pain,HIGH,Malaria,34
itching fatigue weight_loss high_fever yellowish_skin dark_urine abdominal_pain,HIGH,Jaundice,26
itching fatigue lethargy yellowish_skin dark_urine abdominal_pain yellow_urine yellowing_of_eyes malaise receiving_blood_transfusion receiving_unsterile_injections,HIGH,Hepatitis B,39
fatigue weight_gain mood_swings lethargy dizziness puffy_face_and_eyes enlarged_thyroid brittle_nails swollen_extremeties depression irritability abnormal_menstruation,CRITICAL,Hypothyroidism,48
fatigue mood_swings weight_loss restlessness sweating diarrhoea fast_heart_rate excessive_hunger muscle_weakness irritability abnormal_menstruation,CRITICAL,Hyperthyroidism,43
back_pain weakness_in_limbs neck_pain dizziness loss_of_balance,MEDIUM,Cervical spondylosis,23
vomiting indigestion loss_of_appetite abdominal_pain passage_of_gases internal_itching,HIGH,Peptic ulcer diseae,27
vomiting breathlessness sweating chest_pain,MEDIUM,Heart attack,19
acidity indigestion headache blurred_and_distorted_vision excessive_hunger stiff_neck depression irritability visual_disturbances,HIGH,Migraine,32
fatigue weight_gain cold_hands_and_feets mood_swings lethargy dizziness puffy_face_and_eyes enlarged_thyroid brittle_nails swollen_extremeties depression irritability abnormal_menstruation,CRITICAL,Hypothyroidism,53
fatigue weight_loss restlessness lethargy irregular_sugar_level obesity excessive_hunger increased_appetite polyuria,HIGH,Diabetes,36
muscle_weakness stiff_neck swelling_joints movement_stiffness painful_walking,MEDIUM,Arthritis,18
muscle_weakness stiff_neck swelling_joints movement_stiffness painful_walking,MEDIUM,Arthritis,18
vomiting breathlessness sweating chest_pain,MEDIUM,Heart attack,19
headache chest_pain dizziness lack_of_concentration,MEDIUM,Hypertension,17
skin_rash pus_filled_pimples blackheads,LOW,Acne,7
vomiting yellowish_skin abdominal_pain swelling_of_stomach distention_of_abdomen history_of_alcohol_consumption fluid_overload,HIGH,Alcoholic hepatitis,32
yellowish_skin abdominal_pain swelling_of_stomach distention_of_abdomen history_of_alcohol_consumption fluid_overload,HIGH,Alcoholic hepatitis,27
itching skin_rash nodal_skin_eruptions,LOW,Fungal infection,8
continuous_sneezing chills fatigue cough high_fever headache swelled_lymph_nodes malaise phlegm throat_irritation redness_of_eyes sinus_pressure runny_nose congestion chest_pain loss_of_smell muscle_pain,CRITICAL,Common Cold,77
stiff_neck swelling_joints movement_stiffness painful_walking,MEDIUM,Arthritis,16
acidity indigestion headache blurred_and_distorted_vision excessive_hunger stiff_neck depression irritability visual_disturbances,HIGH,Migraine,32
itching skin_rash stomach_pain burning_micturition spotting_ urination,MEDIUM,Drug Reaction,15
burning_micturition bladder_discomfort foul_smell_of urine continuous_feel_of_urine,MEDIUM,Urinary tract infection,16
chills vomiting fatigue weight_loss cough high_fever breathlessness sweating loss_of_appetite mild_fever yellowing_of_eyes swelled_lymph_nodes malaise phlegm chest_pain blood_in_sputum,CRITICAL,Tuberculosis,75
burning_micturition bladder_discomfort continuous_feel_of_urine,MEDIUM,Urinary tract infection,16
itching vomiting fatigue weight_loss high_fever yellowish_skin dark_urine abdominal_pain,HIGH,Jaundice,31
back_pain weakness_in_limbs neck_pain dizziness loss_of_balance,MEDIUM,Cervical spondylosis,23
fatigue mood_swings weight_loss restlessness sweating diarrhoea fast_heart_rate excessive_hunger muscle_weakness irritability abnormal_menstruation,CRITICAL,Hyperthyroidism,43
vomiting indigestion loss_of_appetite abdominal_pain internal_itching,MEDIUM,Peptic ulcer diseae,22
fatigue cough high_fever breathlessness family_history mucoid_sputum,HIGH,Bronchial Asthma,28
continuous_sneezing shivering chills watering_from_eyes,MEDIUM,Allergy,16
burning_micturition bladder_discomfort foul_smell_of urine continuous_feel_of_urine,MEDIUM,Urinary tract infection,16
vomiting sunken_eyes dehydration diarrhoea,MEDIUM,Gastroenteritis,18
vomiting indigestion loss_of_appetite abdominal_pain passage_of_gases internal_itching,HIGH,Peptic ulcer diseae,27
itching fatigue lethargy high_fever headache loss_of_appetite mild_fever swelled_lymph_nodes malaise red_spots_over_body,CRITICAL,Chicken pox,41
fatigue weight_gain cold_hands_and_feets mood_swings lethargy dizziness puffy_face_and_eyes enlarged_thyroid brittle_nails swollen_extremeties depression irritability abnormal_menstruation,CRITICAL,Hypothyroidism,53
skin_rash blackheads scurring,LOW,Acne,7
chills fatigue cough high_fever breathlessness sweating malaise phlegm chest_pain fast_heart_rate rusty_sputum,CRITICAL,Pneumonia,52
skin_rash high_fever blister yellow_crust_ooze,MEDIUM,Impetigo,17
vomiting fatigue anxiety sweating headache nausea blurred_and_distorted_vision excessive_hunger drying_and_tingling_lips slurred_speech irritability palpitations,CRITICAL,Hypoglycemia,47
acidity indigestion headache blurred_and_distorted_vision excessive_hunger stiff_neck irritability visual_disturbances,HIGH,Migraine,29
fatigue weight_loss restlessness lethargy irregular_sugar_level blurred_and_distorted_vision excessive_hunger increased_appetite polyuria,HIGH,Diabetes,37
chills vomiting high_fever sweating headache nausea diarrhoea muscle_pain,HIGH,Malaria,34
itching skin_rash fatigue lethargy high_fever headache loss_of_appetite mild_fever swelled_lymph_nodes malaise red_spots_over_body,CRITICAL,Chicken pox,44
itching skin_rash fatigue lethargy high_fever headache mild_fever swelled_lymph_nodes malaise red_spots_over_body,CRITICAL,Chicken pox,40
fatigue weight_loss restlessness lethargy irregular_sugar_level blurred_and_distorted_vision obesity excessive_hunger increased_appetite polyuria,CRITICAL,Diabetes,41
fatigue weight_gain cold_hands_and_feets mood_swings lethargy dizziness puffy_face_and_eyes enlarged_thyroid brittle_nails swollen_extremeties depression irritability abnormal_menstruation,CRITICAL,Hypothyroidism,53
itching skin_rash fatigue lethargy high_fever loss_of_appetite mild_fever swelled_lymph_nodes malaise red_spots_over_body,CRITICAL,Chicken pox,41
vomiting yellowish_skin abdominal_pain swelling_of_stomach distention_of_abdomen history_of_alcohol_consumption,HIGH,Alcoholic hepatitis,28
vomiting indigestion loss_of_appetite abdominal_pain passage_of_gases internal_itching,HIGH,Peptic ulcer diseae,27
skin_rash pus_filled_pimples blackheads scurring,LOW,Acne,9
joint_pain vomiting fatigue dark_urine nausea loss_of_appetite abdominal_pain yellowing_of_eyes,HIGH,Hepatitis D,33
weakness_in_limbs neck_pain dizziness loss_of_balance,MEDIUM,Cervical spondylosis,20
chest_pain dizziness loss_of_balance lack_of_concentration,MEDIUM,Hypertension,18
skin_rash joint_pain skin_peeling silver_like_dusting small_dents_in_nails inflammatory_nails,MEDIUM,Psoriasis,15
joint_pain vomiting fatigue yellowish_skin dark_urine nausea loss_of_appetite abdominal_pain yellowing_of_eyes,HIGH,Hepatitis D,36
acidity indigestion headache blurred_and_distorted_vision excessive_hunger stiff_neck depression irritability visual_disturbances,HIGH,Migraine,32
fatigue yellowish_skin nausea loss_of_appetite family_history,MEDIUM,Hepatitis C,21
cramps bruising obesity swollen_legs swollen_blood_vessels prominent_veins_on_calf,HIGH,Varicose veins,28
chills vomiting fatigue high_fever headache nausea constipation abdominal_pain diarrhoea toxic_look_(typhos) belly_pain,CRITICAL,Typhoid,50
chills vomiting fatigue high_fever headache nausea constipation abdominal_pain diarrhoea toxic_look_(typhos),CRITICAL,Typhoid,46
vomiting headache nausea spinning_movements loss_of_balance unsteadiness,HIGH,(vertigo) Paroymsal  Positional Vertigo,27
itching vomiting fatigue weight_loss high_fever yellowish_skin dark_urine abdominal_pain,HIGH,Jaundice,31
fatigue mood_swings weight_loss restlessness sweating diarrhoea fast_heart_rate excessive_hunger muscle_weakness irritability abnormal_menstruation,CRITICAL,Hyperthyroidism,43
joint_pain neck_pain knee_pain hip_joint_pain swelling_joints painful_walking,MEDIUM,Osteoarthristis,20
vomiting indigestion loss_of_appetite abdominal_pain passage_of_gases internal_itching,HIGH,Peptic ulcer diseae,27
bladder_discomfort foul_smell_of urine continuous_feel_of_urine,LOW,Urinary tract infection,10
joint_pain vomiting yellowish_skin dark_urine nausea loss_of_appetite abdominal_pain yellowing_of_eyes,HIGH,Hepatitis D,32
back_pain weakness_in_limbs neck_pain dizziness loss_of_balance,MEDIUM,Cervical spondylosis,23
skin_rash joint_pain skin_peeling silver_like_dusting small_dents_in_nails inflammatory_nails,MEDIUM,Psoriasis,15
joint_pain knee_pain hip_joint_pain swelling_joints painful_walking,MEDIUM,Osteoarthristis,15
vomiting fatigue anxiety headache nausea blurred_and_distorted_vision excessive_hunger drying_and_tingling_lips slurred_speech irritability palpitations,CRITICAL,Hypoglycemia,44
skin_rash pus_filled_pimples blackheads scurring,LOW,Acne,9
joint_pain vomiting yellowish_skin nausea loss_of_appetite abdominal_pain diarrhoea mild_fever yellowing_of_eyes muscle_pain,CRITICAL,hepatitis A,41
continuous_sneezing chills fatigue cough high_fever headache swelled_lymph_nodes malaise phlegm throat_irritation redness_of_eyes sinus_pressure runny_nose congestion chest_pain loss_of_smell muscle_pain,CRITICAL,Common Cold,77
burning_micturition foul_smell_of urine continuous_feel_of_urine,LOW,Urinary tract infection,12
skin_rash stomach_pain burning_micturition spotting_ urination,MEDIUM,Drug Reaction,14
chills vomiting weight_loss cough high_fever breathlessness sweating loss_of_appetite mild_fever yellowing_of_eyes swelled_lymph_nodes malaise phlegm chest_pain blood_in_sputum,CRITICAL,Tuberculosis,71
skin_rash blister red_sore_around_nose yellow_crust_ooze,LOW,Impetigo,12
acidity indigestion blurred_and_distorted_vision excessive_hunger stiff_neck depression irritability visual_disturbances,HIGH,Migraine,29
fatigue weight_loss restlessness lethargy irregular_sugar_level obesity excessive_hunger increased_appetite polyuria,HIGH,Diabetes,36
chills vomiting high_fever sweating headache nausea diarrhoea muscle_pain,HIGH,Malaria,34
vomiting indigestion loss_of_appetite abdominal_pain passage_of_gases internal_itching,HIGH,Peptic ulcer diseae,27
chills fatigue cough high_fever breathlessness sweating malaise phlegm chest_pain fast_heart_rate rusty_sputum,CRITICAL,Pneumonia,52
fatigue restlessness lethargy irregular_sugar_level blurred_and_distorted_vision obesity excessive_hunger increased_appetite polyuria,HIGH,Diabetes,38
fatigue cramps bruising obesity swollen_legs prominent_veins_on_calf,HIGH,Varicose veins,27
itching vomiting fatigue weight_loss high_fever yellowish_skin dark_urine abdominal_pain,HIGH,Jaundice,31
chills vomiting high_fever sweating headache nausea diarrhoea muscle_pain,HIGH,Malaria,34
fatigue cramps bruising obesity swollen_legs swollen_blood_vessels prominent_veins_on_calf,HIGH,Varicose veins,32
vomiting sweating chest_pain,MEDIUM,Heart attack,15
skin_rash joint_pain skin_peeling silver_like_dusting small_dents_in_nails inflammatory_nails,MEDIUM,Psoriasis,15
shivering chills watering_from_eyes,LOW,Allergy,12
fatigue weight_loss restlessness lethargy irregular_sugar_level blurred_and_distorted_vision obesity excessive_hunger increased_appetite polyuria,CRITICAL,Diabetes,41
joint_pain neck_pain knee_pain hip_joint_pain swelling_joints painful_walking,MEDIUM,Osteoarthristis,20
itching fatigue lethargy yellowish_skin dark_urine loss_of_appetite abdominal_pain yellow_urine yellowing_of_eyes malaise receiving_blood_transfusion receiving_unsterile_injections,CRITICAL,Hepatitis B,43
chills vomiting fatigue weight_loss cough high_fever breathlessness sweating loss_of_appetite mild_fever yellowing_of_eyes swelled_lymph_nodes malaise phlegm chest_pain blood_in_sputum,CRITICAL,Tuberculosis,75
skin_rash joint_pain skin_peeling silver_like_dusting small_dents_in_nails inflammatory_nails,MEDIUM,Psoriasis,15
headache chest_pain dizziness loss_of_balance lack_of_concentration,MEDIUM,Hypertension,21
vomiting fatigue anxiety sweating headache nausea blurred_and_distorted_vision excessive_hunger drying_and_tingling_lips slurred_speech irritability palpitations,CRITICAL,Hypoglycemia,47
muscle_weakness stiff_neck swelling_joints movement_stiffness painful_walking,MEDIUM,Arthritis,18
skin_rash high_fever red_sore_around_nose yellow_crust_ooze,MEDIUM,Impetigo,15
itching vomiting fatigue weight_loss high_fever yellowish_skin dark_urine abdominal_pain,HIGH,Jaundice,31
itching skin_rash fatigue lethargy headache loss_of_appetite mild_fever swelled_lymph_nodes malaise red_spots_over_body,HIGH,Chicken pox,37
itching fatigue lethargy yellowish_skin dark_urine loss_of_appetite abdominal_pain yellow_urine yellowing_of_eyes malaise receiving_blood_transfusion receiving_unsterile_injections,CRITICAL,Hepatitis B,43
vomiting yellowish_skin abdominal_pain swelling_of_stomach distention_of_abdomen history_of_alcohol_consumption fluid_overload,HIGH,Alcoholic hepatitis,32
stomach_pain acidity ulcers_on_tongue vomiting chest_pain,MEDIUM,GERD,24
fatigue mood_swings weight_loss restlessness sweating diarrhoea fast_heart_rate muscle_weakness irritability abnormal_menstruation,HIGH,Hyperthyroidism,39
vomiting yellowish_skin abdominal_pain swelling_of_stomach distention_of_abdomen history_of_alcohol_consumption fluid_overload,HIGH,Alcoholic hepatitis,32
fatigue weight_gain cold_hands_and_feets mood_swings lethargy dizziness puffy_face_and_eyes enlarged_thyroid brittle_nails swollen_extremeties depression irritability abnormal_menstruation,CRITICAL,Hypothyroidism,53
chills vomiting high_fever sweating headache nausea diarrhoea muscle_pain,HIGH,Malaria,34
continuous_sneezing shivering chills watering_from_eyes,MEDIUM,Allergy,16
fatigue weight_gain cold_hands_and_feets mood_swings lethargy dizziness puffy_face_and_eyes enlarged_thyroid brittle_nails swollen_extremeties depression irritability abnormal_menstruation,CRITICAL,Hypothyroidism,53
headache chest_pain dizziness loss_of_balance lack_of_concentration,MEDIUM,Hypertension,21
skin_rash chills joint_pain vomiting fatigue high_fever headache nausea loss_of_appetite pain_behind_the_eyes back_pain malaise muscle_pain,CRITICAL,Dengue,52
skin_rash high_fever blister yellow_crust_ooze,MEDIUM,Impetigo,17
fatigue yellowish_skin nausea loss_of_appetite yellowing_of_eyes family_history,HIGH,Hepatitis C,25
joint_pain vomiting fatigue yellowish_skin dark_urine nausea loss_of_appetite abdominal_pain yellowing_of_eyes,HIGH,Hepatitis D,36
vomiting breathlessness sweating chest_pain,MEDIUM,Heart attack,19
joint_pain vomiting fatigue high_fever yellowish_skin dark_urine nausea loss_of_appetite abdominal_pain yellowing_of_eyes acute_liver_failure coma stomach_bleeding,CRITICAL,Hepatitis E,62
skin_rash high_fever blister red_sore_around_nose yellow_crust_ooze,MEDIUM,Impetigo,19
continuous_sneezing chills fatigue cough high_fever headache swelled_lymph_nodes malaise phlegm throat_irritation redness_of_eyes sinus_pressure runny_nose congestion chest_pain loss_of_smell muscle_pain,CRITICAL,Common Cold,77
joint_pain vomiting yellowish_skin dark_urine nausea loss_of_appetite abdominal_pain diarrhoea mild_fever yellowing_of_eyes muscle_pain,CRITICAL,hepatitis A,45
skin_rash chills joint_pain vomiting fatigue high_fever headache nausea loss_of_appetite pain_behind_the_eyes back_pain malaise muscle_pain red_spots_over_body,CRITICAL,Dengue,55
muscle_weakness swelling_joints movement_stiffness painful_walking,MEDIUM,Arthritis,14
skin_rash chills joint_pain vomiting fatigue high_fever headache nausea loss_of_appetite pain_behind_the_eyes back_pain malaise muscle_pain,CRITICAL,Dengue,52
chills vomiting high_fever sweating headache nausea diarrhoea muscle_pain,HIGH,Malaria,34
skin_rash pus_filled_pimples blackheads scurring,LOW,Acne,9
acidity indigestion headache blurred_and_distorted_vision excessive_hunger stiff_neck depression irritability visual_disturbances,HIGH,Migraine,32
itching fatigue lethargy yellowish_skin dark_urine loss_of_appetite abdominal_pain yellow_urine yellowing_of_eyes malaise receiving_blood_transfusion receiving_unsterile_injections,CRITICAL,Hepatitis B,43
itching skin_rash lethargy high_fever headache loss_of_appetite mild_fever swelled_lymph_nodes malaise red_spots_over_body,CRITICAL,Chicken pox,40
back_pain weakness_in_limbs neck_pain dizziness,MEDIUM,Cervical spondylosis,19
indigestion loss_of_appetite abdominal_pain passage_of_gases internal_itching,MEDIUM,Peptic ulcer diseae,22
itching fatigue lethargy yellowish_skin dark_urine loss_of_appetite yellow_urine yellowing_of_eyes malaise receiving_blood_transfusion receiving_unsterile_injections,HIGH,Hepatitis B,39
itching skin_rash nodal_skin_eruptions dischromic _patches,LOW,Fungal infection,8
joint_pain vomiting fatigue high_fever yellowish_skin dark_urine nausea loss_of_appetite abdominal_pain yellowing_of_eyes acute_liver_failure coma stomach_bleeding,CRITICAL,Hepatitis E,62
joint_pain neck_pain knee_pain hip_joint_pain swelling_joints painful_walking,MEDIUM,Osteoarthristis,20
continuous_sneezing fatigue cough high_fever headache swelled_lymph_nodes malaise phlegm throat_irritation redness_of_eyes sinus_pressure runny_nose congestion chest_pain loss_of_smell muscle_pain,CRITICAL,Common Cold,74
chills fatigue cough high_fever breathlessness sweating malaise phlegm chest_pain fast_heart_rate rusty_sputum,CRITICAL,Pneumonia,52
chills fatigue cough high_fever breathlessness sweating malaise phlegm chest_pain fast_heart_rate rusty_sputum,CRITICAL,Pneumonia,52
continuous_sneezing chills cough high_fever headache swelled_lymph_nodes malaise phlegm throat_irritation redness_of_eyes sinus_pressure runny_nose congestion chest_pain loss_of_smell muscle_pain,CRITICAL,Common Cold,73
chills fatigue cough high_fever breathlessness sweating malaise phlegm chest_pain fast_heart_rate rusty_sputum,CRITICAL,Pneumonia,52
chills vomiting fatigue weight_loss cough high_fever breathlessness sweating loss_of_appetite mild_fever yellowing_of_eyes swelled_lymph_nodes malaise phlegm chest_pain blood_in_sputum,CRITICAL,Tuberculosis,75
itching skin_rash fatigue lethargy high_fever headache loss_of_appetite swelled_lymph_nodes malaise red_spots_over_body,HIGH,Chicken pox,39
back_pain weakness_in_limbs neck_pain dizziness loss_of_balance,MEDIUM,Cervical spondylosis,23
acidity indigestion headache blurred_and_distorted_vision excessive_hunger depression irritability visual_disturbances,HIGH,Migraine,28
fatigue weight_gain cold_hands_and_feets mood_swings lethargy dizziness puffy_face_and_eyes enlarged_thyroid brittle_nails swollen_extremeties depression irritability abnormal_menstruation,CRITICAL,Hypothyroidism,53
vomiting headache nausea spinning_movements loss_of_balance unsteadiness,HIGH,(vertigo) Paroymsal  Positional Vertigo,27
sunken_eyes dehydration diarrhoea,MEDIUM,Gastroenteritis,13
constipation pain_during_bowel_movements pain_in_anal_region bloody_stool irritation_in_anus,HIGH,Dimorphic hemmorhoids(piles),26
fatigue yellowish_skin nausea loss_of_appetite yellowing_of_eyes family_history,HIGH,Hepatitis C,25
itching vomiting yellowish_skin nausea loss_of_appetite abdominal_pain yellowing_of_eyes,HIGH,Chronic cholestasis,26
muscle_wasting patches_in_throat high_fever extra_marital_contacts,MEDIUM,AIDS,21
vomiting anxiety sweating headache nausea blurred_and_distorted_vision excessive_hunger drying_and_tingling_lips slurred_speech irritability palpitations,CRITICAL,Hypoglycemia,43
vomiting fatigue high_fever yellowish_skin dark_urine nausea loss_of_appetite abdominal_pain yellowing_of_eyes acute_liver_failure coma stomach_bleeding,CRITICAL,Hepatitis E,59
joint_pain vomiting fatigue yellowish_skin dark_urine loss_of_appetite abdominal_pain yellowing_of_eyes,HIGH,Hepatitis D,31
vomiting headache nausea spinning_movements loss_of_balance unsteadiness,HIGH,(vertigo) Paroymsal  Positional Vertigo,27
chills vomiting weight_loss cough high_fever breathlessness sweating loss_of_appetite mild_fever yellowing_of_eyes swelled_lymph_nodes malaise phlegm chest_pain blood_in_sputum,CRITICAL,Tuberculosis,71
stomach_pain acidity ulcers_on_tongue vomiting cough chest_pain,HIGH,GERD,28
muscle_wasting high_fever extra_marital_contacts,MEDIUM,AIDS,15
vomiting headache weakness_of_one_body_side altered_sensorium,MEDIUM,Paralysis (brain hemorrhage),14
itching vomiting nausea loss_of_appetite abdominal_pain yellowing_of_eyes,MEDIUM,Chronic cholestasis,23
itching fatigue lethargy yellowish_skin dark_urine loss_of_appetite abdominal_pain yellow_urine yellowing_of_eyes malaise receiving_blood_transfusion receiving_unsterile_injections,CRITICAL,Hepatitis B,43
bladder_discomfort foul_smell_of urine continuous_feel_of_urine,LOW,Urinary tract infection,10
itching vomiting yellowish_skin nausea loss_of_appetite abdominal_pain yellowing_of_eyes,HIGH,Chronic cholestasis,26
itching vomiting fatigue weight_loss high_fever yellowish_skin dark_urine abdominal_pain,HIGH,Jaundice,31
joint_pain vomiting fatigue high_fever yellowish_skin dark_urine nausea loss_of_appetite abdominal_pain yellowing_of_eyes acute_liver_failure coma stomach_bleeding,CRITICAL,Hepatitis E,62
fatigue weight_gain cold_hands_and_feets mood_swings lethargy dizziness puffy_face_and_eyes enlarged_thyroid brittle_nails swollen_extremeties depression irritability abnormal_menstruation,CRITICAL,Hypothyroidism,53
fatigue cough high_fever breathlessness family_history mucoid_sputum,HIGH,Bronchial Asthma,28
itching skin_rash stomach_pain burning_micturition spotting_ urination,MEDIUM,Drug Reaction,15
vomiting yellowish_skin nausea loss_of_appetite abdominal_pain yellowing_of_eyes,HIGH,Chronic cholestasis,25
fatigue high_fever breathlessness family_history mucoid_sputum,MEDIUM,Bronchial Asthma,24
itching vomiting weight_loss high_fever yellowish_skin dark_urine abdominal_pain,HIGH,Jaundice,27
skin_rash pus_filled_pimples blackheads scurring,LOW,Acne,9
skin_rash high_fever blister red_sore_around_nose yellow_crust_ooze,MEDIUM,Impetigo,19
skin_rash chills joint_pain vomiting fatigue high_fever headache nausea loss_of_appetite pain_behind_the_eyes back_pain malaise red_spots_over_body,CRITICAL,Dengue,53
muscle_wasting high_fever extra_marital_contacts,MEDIUM,AIDS,15
skin_rash high_fever blister yellow_crust_ooze,MEDIUM,Impetigo,17
back_pain weakness_in_limbs neck_pain dizziness loss_of_balance,MEDIUM,Cervical spondylosis,23
fatigue yellowish_skin nausea loss_of_appetite family_history,MEDIUM,Hepatitis C,21
vomiting fatigue anxiety sweating headache blurred_and_distorted_vision excessive_hunger drying_and_tingling_lips slurred_speech irritability palpitations,CRITICAL,Hypoglycemia,42
itching skin_rash stomach_pain spotting_ urination,LOW,Drug Reaction,9
chills vomiting fatigue weight_loss cough high_fever breathlessness sweating loss_of_appetite mild_fever yellowing_of_eyes swelled_lymph_nodes malaise phlegm chest_pain blood_in_sputum,CRITICAL,Tuberculosis,75
chills fatigue cough high_fever headache swelled_lymph_nodes malaise phlegm throat_irritation redness_of_eyes sinus_pressure runny_nose congestion chest_pain loss_of_smell muscle_pain,CRITICAL,Common Cold,73
vomiting yellowish_skin abdominal_pain swelling_of_stomach distention_of_abdomen history_of_alcohol_consumption fluid_overload,HIGH,Alcoholic hepatitis,32
vomiting headache weakness_of_one_body_side altered_sensorium,MEDIUM,Paralysis (brain hemorrhage),14
constipation pain_during_bowel_movements pain_in_anal_region bloody_stool irritation_in_anus,HIGH,Dimorphic hemmorhoids(piles),26
fatigue weight_gain mood_swings lethargy dizziness puffy_face_and_eyes enlarged_thyroid brittle_nails swollen_extremeties depression irritability abnormal_menstruation,CRITICAL,Hypothyroidism,48
vomiting headache nausea spinning_movements loss_of_balance unsteadiness,HIGH,(vertigo) Paroymsal  Positional Vertigo,27
acidity indigestion headache blurred_and_distorted_vision excessive_hunger stiff_neck depression irritability visual_disturbances,HIGH,Migraine,32
chills fatigue high_fever headache nausea constipation abdominal_pain diarrhoea toxic_look_(typhos) belly_pain,CRITICAL,Typhoid,45
continuous_sneezing shivering chills watering_from_eyes,MEDIUM,Allergy,16
acidity indigestion headache blurred_and_distorted_vision excessive_hunger stiff_neck depression irritability visual_disturbances,HIGH,Migraine,32
fatigue weight_gain cold_hands_and_feets mood_swings lethargy dizziness puffy_face_and_eyes enlarged_thyroid brittle_nails swollen_extremeties depression irritability abnormal_menstruation,CRITICAL,Hypothyroidism,53
fatigue cramps bruising obesity swollen_legs swollen_blood_vessels prominent_veins_on_calf,HIGH,Varicose veins,32
chills vomiting high_fever sweating headache nausea diarrhoea muscle_pain,HIGH,Malaria,34
stomach_pain acidity ulcers_on_tongue vomiting cough chest_pain,HIGH,GERD,28
yellowish_skin abdominal_pain swelling_of_stomach distention_of_abdomen history_of_alcohol_consumption fluid_overload,HIGH,Alcoholic hepatitis,27
skin_rash joint_pain skin_peeling silver_like_dusting inflammatory_nails,MEDIUM,Psoriasis,13
itching vomiting fatigue weight_loss high_fever yellowish_skin dark_urine,HIGH,Jaundice,27
itching fatigue yellowish_skin dark_urine loss_of_appetite abdominal_pain yellow_urine yellowing_of_eyes malaise receiving_blood_transfusion receiving_unsterile_injections,CRITICAL,Hepatitis B,41
headache nausea spinning_movements loss_of_balance unsteadiness,MEDIUM,(vertigo) Paroymsal  Positional Vertigo,22
fatigue cough high_fever breathlessness family_history mucoid_sputum,HIGH,Bronchial Asthma,28
headache chest_pain loss_of_balance lack_of_concentration,MEDIUM,Hypertension,17
fatigue cough high_fever breathlessness family_history mucoid_sputum,HIGH,Bronchial Asthma,28
itching skin_rash fatigue lethargy high_fever headache loss_of_appetite mild_fever swelled_lymph_nodes malaise red_spots_over_body,CRITICAL,Chicken pox,44
continuous_sneezing shivering chills watering_from_eyes,MEDIUM,Allergy,16
continuous_sneezing chills fatigue cough high_fever headache swelled_lymph_nodes malaise phlegm throat_irritation redness_of_eyes sinus_pressure runny_nose congestion chest_pain loss_of_smell muscle_pain,CRITICAL,Common Cold,77
vomiting headache nausea spinning_movements loss_of_balance unsteadiness,HIGH,(vertigo) Paroymsal  Positional Vertigo,27
chills fatigue high_fever headache nausea constipation abdominal_pain diarrhoea toxic_look_(typhos) belly_pain,CRITICAL,Typhoid,45
vomiting headache nausea spinning_movements loss_of_balance unsteadiness,HIGH,(vertigo) Paroymsal  Positional Vertigo,27
vomiting headache altered_sensorium,LOW,Paralysis (brain hemorrhage),10
continuous_sneezing chills fatigue cough high_fever headache malaise phlegm throat_irritation redness_of_eyes sinus_pressure runny_nose congestion chest_pain loss_of_smell muscle_pain,CRITICAL,Common Cold,71
itching fatigue lethargy yellowish_skin dark_urine abdominal_pain yellow_urine yellowing_of_eyes malaise receiving_blood_transfusion receiving_unsterile_injections,HIGH,Hepatitis B,39
vomiting sunken_eyes dehydration diarrhoea,MEDIUM,Gastroenteritis,18
constipation pain_during_bowel_movements pain_in_anal_region bloody_stool irritation_in_anus,HIGH,Dimorphic hemmorhoids(piles),26
vomiting yellowish_skin swelling_of_stomach distention_of_abdomen history_of_alcohol_consumption fluid_overload,HIGH,Alcoholic hepatitis,28
back_pain weakness_in_limbs neck_pain dizziness loss_of_balance,MEDIUM,Cervical spondylosis,23
fatigue weight_gain mood_swings lethargy dizziness puffy_face_and_eyes enlarged_thyroid brittle_nails swollen_extremeties depression irritability abnormal_menstruation,CRITICAL,Hypothyroidism,48
chills fatigue cough high_fever breathlessness malaise phlegm chest_pain fast_heart_rate rusty_sputum,CRITICAL,Pneumonia,49
skin_rash pus_filled_pimples blackheads scurring,LOW,Acne,9
continuous_sneezing chills fatigue cough high_fever headache swelled_lymph_nodes malaise phlegm throat_irritation redness_of_eyes sinus_pressure runny_nose congestion chest_pain loss_of_smell muscle_pain,CRITICAL,Common Cold,77
vomiting sunken_eyes diarrhoea,MEDIUM,Gastroenteritis,14
chills fatigue cough high_fever sweating malaise phlegm chest_pain fast_heart_rate rusty_sputum,CRITICAL,Pneumonia,48
joint_pain fatigue yellowish_skin dark_urine nausea loss_of_appetite abdominal_pain yellowing_of_eyes,HIGH,Hepatitis D,31
muscle_wasting patches_in_throat high_fever extra_marital_contacts,MEDIUM,AIDS,21
muscle_weakness stiff_neck swelling_joints movement_stiffness painful_walking,MEDIUM,Arthritis,18
fatigue cramps bruising obesity swollen_legs prominent_veins_on_calf,HIGH,Varicose veins,27
joint_pain neck_pain knee_pain hip_joint_pain swelling_joints painful_walking,MEDIUM,Osteoarthristis,20
vomiting indigestion loss_of_appetite abdominal_pain passage_of_gases internal_itching,HIGH,Peptic ulcer diseae,27
chills fatigue cough high_fever breathlessness sweating malaise chest_pain fast_heart_rate rusty_sputum,CRITICAL,Pneumonia,47
skin_rash high_fever blister red_sore_around_nose yellow_crust_ooze,MEDIUM,Impetigo,19
skin_rash chills joint_pain vomiting fatigue high_fever headache nausea loss_of_appetite pain_behind_the_eyes back_pain malaise red_spots_over_body,CRITICAL,Dengue,53
joint_pain vomiting yellowish_skin dark_urine nausea loss_of_appetite abdominal_pain diarrhoea mild_fever yellowing_of_eyes muscle_pain,CRITICAL,hepatitis A,45
fatigue mood_swings weight_loss restlessness sweating diarrhoea fast_heart_rate excessive_hunger muscle_weakness irritability abnormal_menstruation,CRITICAL,Hyperthyroidism,43
chills fatigue cough high_fever breathlessness sweating malaise phlegm chest_pain fast_heart_rate rusty_sputum,CRITICAL,Pneumonia,52
fatigue yellowish_skin nausea loss_of_appetite yellowing_of_eyes family_history,HIGH,Hepatitis C,25
skin_rash fatigue lethargy high_fever headache loss_of_appetite mild_fever swelled_lymph_nodes malaise red_spots_over_body,CRITICAL,Chicken pox,43
acidity indigestion headache blurred_and_distorted_vision stiff_neck depression irritability visual_disturbances,HIGH,Migraine,28
itching skin_rash stomach_pain burning_micturition spotting_ urination,MEDIUM,Drug Reaction,15
vomiting breathlessness sweating chest_pain,MEDIUM,Heart attack,19
fatigue mood_swings weight_loss restlessness sweating diarrhoea fast_heart_rate excessive_hunger muscle_weakness irritability abnormal_menstruation,CRITICAL,Hyperthyroidism,43
itching skin_rash stomach_pain burning_micturition spotting_ urination,MEDIUM,Drug Reaction,15
itching vomiting yellowish_skin nausea loss_of_appetite abdominal_pain yellowing_of_eyes,HIGH,Chronic cholestasis,26
itching skin_rash stomach_pain burning_micturition spotting_ urination,MEDIUM,Drug Reaction,15
fatigue weight_loss restlessness lethargy irregular_sugar_level blurred_and_distorted_vision obesity excessive_hunger increased_appetite polyuria,CRITICAL,Diabetes,41
skin_rash chills joint_pain vomiting fatigue high_fever headache nausea loss_of_appetite pain_behind_the_eyes back_pain malaise muscle_pain red_spots_over_body,CRITICAL,Dengue,55
skin_rash high_fever blister red_sore_around_nose yellow_crust_ooze,MEDIUM,Impetigo,19
vomiting breathlessness sweating chest_pain,MEDIUM,Heart attack,19
yellowish_skin abdominal_pain swelling_of_stomach distention_of_abdomen history_of_alcohol_consumption fluid_overload,HIGH,Alcoholic hepatitis,27
chills vomiting fatigue high_fever headache nausea constipation abdominal_pain diarrhoea toxic_look_(typhos) belly_pain,CRITICAL,Typhoid,50
vomiting fatigue anxiety sweating headache nausea blurred_and_distorted_vision excessive_hunger drying_and_tingling_lips slurred_speech irritability palpitations,CRITICAL,Hypoglycemia,47
itching skin_rash stomach_pain burning_micturition spotting_ urination,MEDIUM,Drug Reaction,15
chills fatigue cough high_fever breathlessness sweating malaise phlegm chest_pain fast_heart_rate rusty_sputum,CRITICAL,Pneumonia,52
headache chest_pain loss_of_balance lack_of_concentration,MEDIUM,Hypertension,17
chills vomiting high_fever sweating headache diarrhoea muscle_pain,HIGH,Malaria,29
vomiting headache altered_sensorium,LOW,Paralysis (brain hemorrhage),10
itching skin_rash fatigue high_fever headache loss_of_appetite mild_fever swelled_lymph_nodes malaise red_spots_over_body,CRITICAL,Chicken pox,42
skin_rash joint_pain skin_peeling silver_like_dusting small_dents_in_nails inflammatory_nails,MEDIUM,Psoriasis,15
vomiting headache nausea spinning_movements loss_of_balance unsteadiness,HIGH,(vertigo) Paroymsal  Positional Vertigo,27
itching skin_rash nodal_skin_eruptions,LOW,Fungal infection,8
vomiting indigestion loss_of_appetite abdominal_pain passage_of_gases internal_itching,HIGH,Peptic ulcer diseae,27
fatigue weight_gain cold_hands_and_feets mood_swings lethargy puffy_face_and_eyes enlarged_thyroid brittle_nails swollen_extremeties depression irritability abnormal_menstruation,CRITICAL,Hypothyroidism,49
constipation pain_during_bowel_movements pain_in_anal_region bloody_stool irritation_in_anus,HIGH,Dimorphic hemmorhoids(piles),26
fatigue lethargy yellowish_skin dark_urine loss_of_appetite abdominal_pain yellow_urine yellowing_of_eyes malaise receiving_blood_transfusion receiving_unsterile_injections,CRITICAL,Hepatitis B,42
chills fatigue cough high_fever breathlessness sweating malaise phlegm chest_pain fast_heart_rate rusty_sputum,CRITICAL,Pneumonia,52
continuous_sneezing chills fatigue cough high_fever headache swelled_lymph_nodes malaise phlegm throat_irritation redness_of_eyes sinus_pressure runny_nose congestion chest_pain loss_of_smell muscle_pain,CRITICAL,Common Cold,77
vomiting breathlessness sweating chest_pain,MEDIUM,Heart attack,19
joint_pain yellowish_skin dark_urine nausea loss_of_appetite abdominal_pain diarrhoea mild_fever yellowing_of_eyes muscle_pain,CRITICAL,hepatitis A,40
fatigue cough high_fever breathlessness family_history mucoid_sputum,HIGH,Bronchial Asthma,28
back_pain weakness_in_limbs neck_pain dizziness loss_of_balance,MEDIUM,Cervical spondylosis,23
itching vomiting fatigue weight_loss high_fever yellowish_skin dark_urine abdominal_pain,HIGH,Jaundice,31
joint_pain yellowish_skin dark_urine nausea loss_of_appetite abdominal_pain diarrhoea mild_fever yellowing_of_eyes muscle_pain,CRITICAL,hepatitis A,40
headache weakness_of_one_body_side altered_sensorium,LOW,Paralysis (brain hemorrhage),9
fatigue cough high_fever breathlessness family_history mucoid_sputum,HIGH,Bronchial Asthma,28
joint_pain vomiting fatigue yellowish_skin dark_urine nausea loss_of_appetite abdominal_pain yellowing_of_eyes,HIGH,Hepatitis D,36
fatigue mood_swings weight_loss restlessness sweating diarrhoea fast_heart_rate excessive_hunger muscle_weakness irritability abnormal_menstruation,CRITICAL,Hyperthyroidism,43
vomiting sunken_eyes dehydration diarrhoea,MEDIUM,Gastroenteritis,18
stomach_pain ulcers_on_tongue vomiting cough chest_pain,HIGH,GERD,25
continuous_sneezing chills fatigue cough high_fever headache swelled_lymph_nodes malaise phlegm throat_irritation redness_of_eyes sinus_pressure runny_nose congestion chest_pain loss_of_smell muscle_pain,CRITICAL,Common Cold,77
burning_micturition bladder_discomfort foul_smell_of urine continuous_feel_of_urine,MEDIUM,Urinary tract infection,16
fatigue weight_gain cold_hands_and_feets mood_swings lethargy dizziness puffy_face_and_eyes enlarged_thyroid brittle_nails swollen_extremeties depression irritability abnormal_menstruation,CRITICAL,Hypothyroidism,53
itching skin_rash nodal_skin_eruptions,LOW,Fungal infection,8
stomach_pain ulcers_on_tongue vomiting cough chest_pain,HIGH,GERD,25
chills vomiting high_fever sweating headache nausea diarrhoea muscle_pain,HIGH,Malaria,34
skin_rash stomach_pain burning_micturition spotting_ urination,MEDIUM,Drug Reaction,14
fatigue yellowish_skin nausea yellowing_of_eyes family_history,MEDIUM,Hepatitis C,21
itching skin_rash fatigue lethargy high_fever headache loss_of_appetite mild_fever swelled_lymph_nodes malaise red_spots_over_body,CRITICAL,Chicken pox,44
fatigue mood_swings weight_loss restlessness sweating diarrhoea fast_heart_rate excessive_hunger muscle_weakness irritability abnormal_menstruation,CRITICAL,Hyperthyroidism,43
itching vomiting fatigue weight_loss high_fever yellowish_skin dark_urine abdominal_pain,HIGH,Jaundice,31
fatigue mood_swings weight_loss restlessness sweating diarrhoea fast_heart_rate excessive_hunger muscle_weakness irritability abnormal_menstruation,CRITICAL,Hyperthyroidism,43
muscle_weakness stiff_neck swelling_joints movement_stiffness painful_walking,MEDIUM,Arthritis,18
skin_rash nodal_skin_eruptions dischromic _patches,LOW,Fungal infection,7
continuous_sneezing shivering chills watering_from_eyes,MEDIUM,Allergy,16
vomiting yellowish_skin abdominal_pain swelling_of_stomach distention_of_abdomen history_of_alcohol_consumption,HIGH,Alcoholic hepatitis,28
stomach_pain acidity ulcers_on_tongue vomiting cough chest_pain,HIGH,GERD,28
chills vomiting fatigue high_fever headache nausea constipation diarrhoea toxic_look_(typhos) belly_pain,CRITICAL,Typhoid,46
itching fatigue lethargy yellowish_skin dark_urine loss_of_appetite abdominal_pain yellow_urine yellowing_of_eyes malaise receiving_blood_transfusion receiving_unsterile_injections,CRITICAL,Hepatitis B,43
fatigue yellowish_skin nausea loss_of_appetite family_history,MEDIUM,Hepatitis C,21
vomiting sunken_eyes diarrhoea,MEDIUM,Gastroenteritis,14
joint_pain neck_pain knee_pain hip_joint_pain swelling_joints painful_walking,MEDIUM,Osteoarthristis,20
skin_rash chills joint_pain vomiting fatigue high_fever headache nausea loss_of_appetite pain_behind_the_eyes back_pain malaise muscle_pain red_spots_over_body,CRITICAL,Dengue,55
acidity indigestion blurred_and_distorted_vision excessive_hunger stiff_neck depression irritability visual_disturbances,HIGH,Migraine,29
chills fatigue cough high_fever breathlessness sweating malaise phlegm chest_pain fast_heart_rate rusty_sputum,CRITICAL,Pneumonia,52
vomiting loss_of_appetite abdominal_pain passage_of_gases internal_itching,MEDIUM,Peptic ulcer diseae,22
back_pain weakness_in_limbs neck_pain dizziness,MEDIUM,Cervical spondylosis,19
itching skin_rash nodal_skin_eruptions dischromic _patches,LOW,Fungal infection,8
itching skin_rash stomach_pain burning_micturition spotting_ urination,MEDIUM,Drug Reaction,15
chills vomiting high_fever sweating headache nausea diarrhoea muscle_pain,HIGH,Malaria,34
vomiting yellowish_skin abdominal_pain swelling_of_stomach distention_of_abdomen fluid_overload,HIGH,Alcoholic hepatitis,27
burning_micturition bladder_discomfort continuous_feel_of_urine,MEDIUM,Urinary tract infection,16
muscle_weakness stiff_neck swelling_joints movement_stiffness painful_walking,MEDIUM,Arthritis,18
joint_pain vomiting yellowish_skin dark_urine nausea loss_of_appetite abdominal_pain diarrhoea mild_fever yellowing_of_eyes muscle_pain,CRITICAL,hepatitis A,45
headache chest_pain dizziness loss_of_balance lack_of_concentration,MEDIUM,Hypertension,21
vomiting breathlessness chest_pain,MEDIUM,Heart attack,16
stomach_pain acidity ulcers_on_tongue vomiting cough chest_pain,HIGH,GERD,28
itching skin_rash nodal_skin_eruptions dischromic _patches,LOW,Fungal infection,8
muscle_wasting patches_in_throat high_fever extra_marital_contacts,MEDIUM,AIDS,21
burning_micturition bladder_discomfort foul_smell_of urine continuous_feel_of_urine,MEDIUM,Urinary tract infection,16
fatigue cold_hands_and_feets mood_swings lethargy dizziness puffy_face_and_eyes enlarged_thyroid brittle_nails swollen_extremeties depression irritability abnormal_menstruation,CRITICAL,Hypothyroidism,50
itching vomiting yellowish_skin nausea loss_of_appetite yellowing_of_eyes,MEDIUM,Chronic cholestasis,22
fatigue weight_gain cold_hands_and_feets mood_swings lethargy dizziness puffy_face_and_eyes enlarged_thyroid brittle_nails swollen_extremeties depression irritability abnormal_menstruation,CRITICAL,Hypothyroidism,53
chills vomiting fatigue weight_loss cough high_fever sweating loss_of_appetite mild_fever yellowing_of_eyes swelled_lymph_nodes malaise phlegm chest_pain blood_in_sputum,CRITICAL,Tuberculosis,71
skin_rash chills joint_pain vomiting high_fever headache nausea loss_of_appetite pain_behind_the_eyes back_pain malaise muscle_pain red_spots_over_body,CRITICAL,Dengue,51
vomiting indigestion loss_of_appetite passage_of_gases internal_itching,MEDIUM,Peptic ulcer diseae,23
muscle_wasting patches_in_throat high_fever extra_marital_contacts,MEDIUM,AIDS,21
skin_rash pus_filled_pimples blackheads scurring,LOW,Acne,9
itching skin_rash fatigue lethargy high_fever headache loss_of_appetite mild_fever swelled_lymph_nodes malaise red_spots_over_body,CRITICAL,Chicken pox,44
fatigue cough high_fever breathlessness sweating malaise phlegm chest_pain fast_heart_rate rusty_sputum,CRITICAL,Pneumonia,49
itching stomach_pain burning_micturition spotting_ urination,LOW,Drug Reaction,12
skin_rash pus_filled_pimples blackheads scurring,LOW,Acne,9
pain_during_bowel_movements pain_in_anal_region bloody_stool irritation_in_anus,MEDIUM,Dimorphic hemmorhoids(piles),22
fatigue yellowish_skin nausea loss_of_appetite family_history,MEDIUM,Hepatitis C,21
fatigue weight_gain cold_hands_and_feets mood_swings dizziness puffy_face_and_eyes enlarged_thyroid brittle_nails swollen_extremeties depression irritability abnormal_menstruation,CRITICAL,Hypothyroidism,51
vomiting headache nausea spinning_movements loss_of_balance unsteadiness,HIGH,(vertigo) Paroymsal  Positional Vertigo,27
continuous_sneezing chills fatigue cough high_fever headache swelled_lymph_nodes malaise phlegm throat_irritation redness_of_eyes sinus_pressure runny_nose congestion chest_pain loss_of_smell muscle_pain,CRITICAL,Common Cold,77
joint_pain vomiting fatigue high_fever yellowish_skin dark_urine nausea loss_of_appetite abdominal_pain yellowing_of_eyes acute_liver_failure coma stomach_bleeding,CRITICAL,Hepatitis E,62
back_pain weakness_in_limbs neck_pain dizziness loss_of_balance,MEDIUM,Cervical spondylosis,23
joint_pain vomiting fatigue yellowish_skin dark_urine nausea loss_of_appetite abdominal_pain yellowing_of_eyes,HIGH,Hepatitis D,36
itching fatigue weight_loss high_fever yellowish_skin dark_urine abdominal_pain,HIGH,Jaundice,26
itching vomiting weight_loss high_fever yellowish_skin dark_urine abdominal_pain,HIGH,Jaundice,27
itching skin_rash nodal_skin_eruptions dischromic _patches,LOW,Fungal infection,8
constipation pain_during_bowel_movements pain_in_anal_region bloody_stool irritation_in_anus,HIGH,Dimorphic hemmorhoids(piles),26
joint_pain vomiting fatigue yellowish_skin dark_urine nausea loss_of_appetite abdominal_pain yellowing_of_eyes,HIGH,Hepatitis D,36
itching vomiting fatigue weight_loss high_fever yellowish_skin dark_urine abdominal_pain,HIGH,Jaundice,31
vomiting headache weakness_of_one_body_side altered_sensorium,MEDIUM,Paralysis (brain hemorrhage),14
itching vomiting yellowish_skin nausea loss_of_appetite abdominal_pain yellowing_of_eyes,HIGH,Chronic cholestasis,26
itching vomiting fatigue weight_loss high_fever yellowish_skin dark_urine abdominal_pain,HIGH,Jaundice,31
back_pain weakness_in_limbs dizziness loss_of_balance,MEDIUM,Cervical spondylosis,18
itching fatigue lethargy yellowish_skin dark_urine loss_of_appetite abdominal_pain yellow_urine yellowing_of_eyes malaise receiving_blood_transfusion receiving_unsterile_injections,CRITICAL,Hepatitis B,43
skin_rash high_fever blister red_sore_around_nose yellow_crust_ooze,MEDIUM,Impetigo,19
itching skin_rash stomach_pain burning_micturition spotting_ urination,MEDIUM,Drug Reaction,15
muscle_wasting patches_in_throat high_fever extra_marital_contacts,MEDIUM,AIDS,21
vomiting yellowish_skin abdominal_pain swelling_of_stomach distention_of_abdomen history_of_alcohol_consumption,HIGH,Alcoholic hepatitis,28
vomiting indigestion loss_of_appetite abdominal_pain passage_of_gases internal_itching,HIGH,Peptic ulcer diseae,27
skin_rash joint_pain skin_peeling silver_like_dusting small_dents_in_nails inflammatory_nails,MEDIUM,Psoriasis,15
skin_rash joint_pain skin_peeling silver_like_dusting small_dents_in_nails,MEDIUM,Psoriasis,13
joint_pain vomiting fatigue yellowish_skin dark_urine nausea loss_of_appetite abdominal_pain yellowing_of_eyes,HIGH,Hepatitis D,36
muscle_wasting patches_in_throat high_fever extra_marital_contacts,MEDIUM,AIDS,21
muscle_weakness stiff_neck swelling_joints movement_stiffness painful_walking,MEDIUM,Arthritis,18
stomach_pain acidity vomiting cough chest_pain,MEDIUM,GERD,24
burning_micturition bladder_discomfort foul_smell_of urine continuous_feel_of_urine,MEDIUM,Urinary tract infection,16
fatigue weight_loss restlessness lethargy irregular_sugar_level blurred_and_distorted_vision obesity excessive_hunger increased_appetite polyuria,CRITICAL,Diabetes,41
itching vomiting yellowish_skin nausea loss_of_appetite yellowing_of_eyes,MEDIUM,Chronic cholestasis,22
acidity headache blurred_and_distorted_vision excessive_hunger stiff_neck depression irritability visual_disturbances,HIGH,Migraine,27
chills vomiting fatigue high_fever nausea constipation abdominal_pain diarrhoea toxic_look_(typhos) belly_pain,CRITICAL,Typhoid,47
vomiting headache nausea spinning_movements loss_of_balance unsteadiness,HIGH,(vertigo) Paroymsal  Positional Vertigo,27
back_pain weakness_in_limbs neck_pain dizziness loss_of_balance,MEDIUM,Cervical spondylosis,23
joint_pain yellowish_skin dark_urine nausea loss_of_appetite abdominal_pain diarrhoea mild_fever yellowing_of_eyes muscle_pain,CRITICAL,hepatitis A,40
chills vomiting fatigue high_fever headache nausea constipation abdominal_pain diarrhoea toxic_look_(typhos) belly_pain,CRITICAL,Typhoid,50
constipation pain_during_bowel_movements pain_in_anal_region bloody_stool irritation_in_anus,HIGH,Dimorphic hemmorhoids(piles),26
joint_pain vomiting high_fever yellowish_skin dark_urine nausea loss_of_appetite abdominal_pain yellowing_of_eyes acute_liver_failure coma stomach_bleeding,CRITICAL,Hepatitis E,58
vomiting sunken_eyes dehydration diarrhoea,MEDIUM,Gastroenteritis,18
chills vomiting sweating headache nausea diarrhoea muscle_pain,HIGH,Malaria,27
vomiting fatigue anxiety sweating headache nausea blurred_and_distorted_vision excessive_hunger drying_and_tingling_lips slurred_speech irritability palpitations,CRITICAL,Hypoglycemia,47
fatigue mood_swings weight_loss restlessness diarrhoea fast_heart_rate excessive_hunger muscle_weakness irritability abnormal_menstruation,CRITICAL,Hyperthyroidism,40
vomiting headache nausea spinning_movements loss_of_balance unsteadiness,HIGH,(vertigo) Paroymsal  Positional Vertigo,27
muscle_weakness stiff_neck swelling_joints movement_stiffness painful_walking,MEDIUM,Arthritis,18
fatigue yellowish_skin nausea loss_of_appetite family_history,MEDIUM,Hepatitis C,21
chills vomiting fatigue weight_loss cough high_fever breathlessness loss_of_appetite mild_fever yellowing_of_eyes swelled_lymph_nodes malaise phlegm chest_pain blood_in_sputum,CRITICAL,Tuberculosis,72
vomiting headache weakness_of_one_body_side altered_sensorium,MEDIUM,Paralysis (brain hemorrhage),14
joint_pain vomiting fatigue yellowish_skin dark_urine nausea loss_of_appetite abdominal_pain yellowing_of_eyes,HIGH,Hepatitis D,36
fatigue yellowish_skin nausea loss_of_appetite yellowing_of_eyes family_history,HIGH,Hepatitis C,25
chills fatigue cough high_fever breathlessness sweating malaise phlegm chest_pain fast_heart_rate rusty_sputum,CRITICAL,Pneumonia,52
fatigue cramps bruising obesity swollen_legs swollen_blood_vessels prominent_veins_on_calf,HIGH,Varicose veins,32
fatigue yellowish_skin nausea loss_of_appetite yellowing_of_eyes family_history,HIGH,Hepatitis C,25
vomiting yellowish_skin abdominal_pain swelling_of_stomach history_of_alcohol_consumption fluid_overload,HIGH,Alcoholic hepatitis,28
fatigue weight_loss restlessness lethargy irregular_sugar_level blurred_and_distorted_vision obesity excessive_hunger increased_appetite polyuria,CRITICAL,Diabetes,41
fatigue weight_loss restlessness lethargy irregular_sugar_level blurred_and_distorted_vision obesity excessive_hunger increased_appetite polyuria,CRITICAL,Diabetes,41
chills fatigue cough high_fever breathlessness sweating malaise phlegm chest_pain fast_heart_rate rusty_sputum,CRITICAL,Pneumonia,52
skin_rash chills joint_pain vomiting fatigue high_fever headache nausea loss_of_appetite pain_behind_the_eyes back_pain malaise muscle_pain red_spots_over_body,CRITICAL,Dengue,55
joint_pain fatigue high_fever yellowish_skin dark_urine nausea loss_of_appetite abdominal_pain yellowing_of_eyes acute_liver_failure coma stomach_bleeding,CRITICAL,Hepatitis E,57
fatigue mood_swings weight_loss restlessness sweating diarrhoea fast_heart_rate excessive_hunger muscle_weakness irritability abnormal_menstruation,CRITICAL,Hyperthyroidism,43
joint_pain vomiting yellowish_skin dark_urine nausea loss_of_appetite abdominal_pain diarrhoea mild_fever yellowing_of_eyes muscle_pain,CRITICAL,hepatitis A,45
vomiting fatigue anxiety sweating headache nausea excessive_hunger drying_and_tingling_lips slurred_speech irritability palpitations,CRITICAL,Hypoglycemia,42
constipation pain_during_bowel_movements pain_in_anal_region bloody_stool irritation_in_anus,HIGH,Dimorphic hemmorhoids(piles),26
itching skin_rash stomach_pain burning_micturition,MEDIUM,Drug Reaction,15
joint_pain vomiting high_fever yellowish_skin dark_urine nausea loss_of_appetite abdominal_pain yellowing_of_eyes acute_liver_failure coma stomach_bleeding,CRITICAL,Hepatitis E,58
fatigue mood_swings weight_loss sweating diarrhoea fast_heart_rate excessive_hunger muscle_weakness irritability abnormal_menstruation,HIGH,Hyperthyroidism,38
fatigue weight_gain cold_hands_and_feets mood_swings lethargy dizziness puffy_face_and_eyes enlarged_thyroid brittle_nails swollen_extremeties depression irritability abnormal_menstruation,CRITICAL,Hypothyroidism,53
itching skin_rash nodal_skin_eruptions dischromic _patches,LOW,Fungal infection,8
skin_rash pus_filled_pimples blackheads scurring,LOW,Acne,9
vomiting headache weakness_of_one_body_side altered_sensorium,MEDIUM,Paralysis (brain hemorrhage),14
shivering chills watering_from_eyes,LOW,Allergy,12
joint_pain neck_pain knee_pain hip_joint_pain swelling_joints painful_walking,MEDIUM,Osteoarthristis,20
vomiting breathlessness sweating chest_pain,MEDIUM,Heart attack,19
vomiting headache nausea spinning_movements loss_of_balance,MEDIUM,(vertigo) Paroymsal  Positional Vertigo,23
joint_pain vomiting fatigue high_fever yellowish_skin dark_urine nausea loss_of_appetite abdominal_pain yellowing_of_eyes coma stomach_bleeding,CRITICAL,Hepatitis E,56
chills vomiting fatigue high_fever headache nausea constipation abdominal_pain diarrhoea toxic_look_(typhos) belly_pain,CRITICAL,Typhoid,50
skin_rash high_fever blister red_sore_around_nose yellow_crust_ooze,MEDIUM,Impetigo,19
vomiting sunken_eyes dehydration diarrhoea,MEDIUM,Gastroenteritis,18
vomiting indigestion abdominal_pain passage_of_gases internal_itching,MEDIUM,Peptic ulcer diseae,23
fatigue cramps bruising obesity swollen_blood_vessels prominent_veins_on_calf,HIGH,Varicose veins,27
stomach_pain acidity ulcers_on_tongue vomiting cough chest_pain,HIGH,GERD,28
joint_pain vomiting yellowish_skin dark_urine nausea loss_of_appetite abdominal_pain yellowing_of_eyes,HIGH,Hepatitis D,32
constipation pain_during_bowel_movements pain_in_anal_region irritation_in_anus,MEDIUM,Dimorphic hemmorhoids(piles),21
fatigue yellowish_skin nausea loss_of_appetite yellowing_of_eyes family_history,HIGH,Hepatitis C,25
chills fatigue cough high_fever breathlessness sweating malaise phlegm chest_pain fast_heart_rate rusty_sputum,CRITICAL,Pneumonia,52
back_pain weakness_in_limbs neck_pain dizziness loss_of_balance,MEDIUM,Cervical spondylosis,23
continuous_sneezing chills fatigue cough headache swelled_lymph_nodes malaise phlegm throat_irritation redness_of_eyes sinus_pressure runny_nose congestion chest_pain loss_of_smell muscle_pain,CRITICAL,Common Cold,70
joint_pain vomiting yellowish_skin dark_urine nausea loss_of_appetite abdominal_pain diarrhoea mild_fever yellowing_of_eyes muscle_pain,CRITICAL,hepatitis A,45
vomiting headache nausea loss_of_balance unsteadiness,MEDIUM,(vertigo) Paroymsal  Positional Vertigo,21
muscle_wasting patches_in_throat high_fever extra_marital_contacts,MEDIUM,AIDS,21
constipation pain_during_bowel_movements pain_in_anal_region bloody_stool irritation_in_anus,HIGH,Dimorphic hemmorhoids(piles),26
vomiting indigestion loss_of_appetite abdominal_pain passage_of_gases internal_itching,HIGH,Peptic ulcer diseae,27
vomiting headache nausea spinning_movements loss_of_balance unsteadiness,HIGH,(vertigo) Paroymsal  Positional Vertigo,27
joint_pain vomiting fatigue yellowish_skin dark_urine nausea loss_of_appetite abdominal_pain,HIGH,Hepatitis D,32
joint_pain neck_pain knee_pain hip_joint_pain swelling_joints painful_walking,MEDIUM,Osteoarthristis,20
chills vomiting fatigue high_fever nausea constipation abdominal_pain diarrhoea toxic_look_(typhos) belly_pain,CRITICAL,Typhoid,47
stomach_pain acidity ulcers_on_tongue vomiting cough chest_pain,HIGH,GERD,28
vomiting headache weakness_of_one_body_side altered_sensorium,MEDIUM,Paralysis (brain hemorrhage),14
itching fatigue lethargy yellowish_skin dark_urine loss_of_appetite abdominal_pain yellow_urine yellowing_of_eyes malaise receiving_blood_transfusion receiving_unsterile_injections,CRITICAL,Hepatitis B,43
muscle_weakness stiff_neck swelling_joints movement_stiffness painful_walking,MEDIUM,Arthritis,18
vomiting yellowish_skin swelling_of_stomach distention_of_abdomen history_of_alcohol_consumption fluid_overload,HIGH,Alcoholic hepatitis,28
fatigue weight_loss restlessness lethargy irregular_sugar_level blurred_and_distorted_vision obesity increased_appetite polyuria,HIGH,Diabetes,37
stomach_pain acidity vomiting cough chest_pain,MEDIUM,GERD,24
itching skin_rash nodal_skin_eruptions dischromic _patches,LOW,Fungal infection,8
chills vomiting high_fever sweating headache nausea diarrhoea muscle_pain,HIGH,Malaria,34
fatigue mood_swings restlessness sweating diarrhoea fast_heart_rate excessive_hunger muscle_weakness irritability abnormal_menstruation,CRITICAL,Hyperthyroidism,40
muscle_weakness stiff_neck swelling_joints painful_walking,MEDIUM,Arthritis,13
itching vomiting fatigue weight_loss high_fever yellowish_skin dark_urine abdominal_pain,HIGH,Jaundice,31
skin_rash pus_filled_pimples blackheads scurring,LOW,Acne,9
skin_rash pus_filled_pimples blackheads scurring,LOW,Acne,9
joint_pain vomiting fatigue high_fever yellowish_skin dark_urine nausea loss_of_appetite abdominal_pain yellowing_of_eyes acute_liver_failure coma stomach_bleeding,CRITICAL,Hepatitis E,62
skin_rash blackheads scurring,LOW,Acne,7
itching skin_rash stomach_pain burning_micturition spotting_ urination,MEDIUM,Drug Reaction,15
chest_pain dizziness loss_of_balance lack_of_concentration,MEDIUM,Hypertension,18
vomiting headache nausea spinning_movements loss_of_balance,MEDIUM,(vertigo) Paroymsal  Positional Vertigo,23
fatigue cough high_fever breathlessness family_history mucoid_sputum,HIGH,Bronchial Asthma,28
joint_pain vomiting high_fever yellowish_skin dark_urine nausea loss_of_appetite abdominal_pain yellowing_of_eyes acute_liver_failure coma stomach_bleeding,CRITICAL,Hepatitis E,58
back_pain neck_pain dizziness loss_of_balance,MEDIUM,Cervical spondylosis,16
vomiting headache nausea spinning_movements loss_of_balance unsteadiness,HIGH,(vertigo) Paroymsal  Positional Vertigo,27
constipation pain_during_bowel_movements pain_in_anal_region bloody_stool,MEDIUM,Dimorphic hemmorhoids(piles),20
burning_micturition bladder_discomfort foul_smell_of urine continuous_feel_of_urine,MEDIUM,Urinary tract infection,16
joint_pain vomiting fatigue yellowish_skin dark_urine nausea loss_of_appetite abdominal_pain yellowing_of_eyes,HIGH,Hepatitis D,36
vomiting yellowish_skin abdominal_pain swelling_of_stomach distention_of_abdomen history_of_alcohol_consumption fluid_overload,HIGH,Alcoholic hepatitis,32
continuous_sneezing shivering chills watering_from_eyes,MEDIUM,Allergy,16
continuous_sneezing shivering watering_from_eyes,MEDIUM,Allergy,13
joint_pain vomiting fatigue yellowish_skin dark_urine nausea loss_of_appetite yellowing_of_eyes,HIGH,Hepatitis D,32
vomiting headache nausea spinning_movements loss_of_balance unsteadiness,HIGH,(vertigo) Paroymsal  Positional Vertigo,27
fatigue cough high_fever breathlessness family_history,MEDIUM,Bronchial Asthma,24
continuous_sneezing shivering chills watering_from_eyes,MEDIUM,Allergy,16
fatigue mood_swings weight_loss restlessness sweating diarrhoea fast_heart_rate excessive_hunger muscle_weakness irritability abnormal_menstruation,CRITICAL,Hyperthyroidism,43
itching skin_rash stomach_pain spotting_ urination,LOW,Drug Reaction,9
stomach_pain acidity ulcers_on_tongue vomiting cough chest_pain,HIGH,GERD,28
itching skin_rash fatigue lethargy high_fever headache loss_of_appetite mild_fever swelled_lymph_nodes malaise red_spots_over_body,CRITICAL,Chicken pox,44
vomiting breathlessness sweating chest_pain,MEDIUM,Heart attack,19
itching skin_rash fatigue lethargy high_fever headache loss_of_appetite mild_fever swelled_lymph_nodes malaise red_spots_over_body,CRITICAL,Chicken pox,44
chills vomiting fatigue weight_loss high_fever breathlessness sweating loss_of_appetite mild_fever yellowing_of_eyes swelled_lymph_nodes malaise phlegm chest_pain blood_in_sputum,CRITICAL,Tuberculosis,71
back_pain weakness_in_limbs dizziness loss_of_balance,MEDIUM,Cervical spondylosis,18
joint_pain vomiting high_fever yellowish_skin dark_urine nausea loss_of_appetite abdominal_pain yellowing_of_eyes acute_liver_failure coma stomach_bleeding,CRITICAL,Hepatitis E,58
continuous_sneezing shivering chills watering_from_eyes,MEDIUM,Allergy,16
chills fatigue cough high_fever sweating malaise phlegm chest_pain fast_heart_rate rusty_sputum,CRITICAL,Pneumonia,48
itching vomiting fatigue weight_loss yellowish_skin dark_urine abdominal_pain,MEDIUM,Jaundice,24
muscle_weakness stiff_neck swelling_joints movement_stiffness painful_walking,MEDIUM,Arthritis,18
itching fatigue yellowish_skin dark_urine loss_of_appetite abdominal_pain yellow_urine yellowing_of_eyes malaise receiving_blood_transfusion receiving_unsterile_injections,CRITICAL,Hepatitis B,41
burning_micturition bladder_discomfort continuous_feel_of_urine,MEDIUM,Urinary tract infection,16
vomiting headache nausea spinning_movements loss_of_balance unsteadiness,HIGH,(vertigo) Paroymsal  Positional Vertigo,27
vomiting indigestion loss_of_appetite abdominal_pain passage_of_gases internal_itching,HIGH,Peptic ulcer diseae,27
chills fatigue cough high_fever breathlessness sweating malaise phlegm chest_pain fast_heart_rate rusty_sputum,CRITICAL,Pneumonia,52
fatigue cramps bruising obesity swollen_legs swollen_blood_vessels prominent_veins_on_calf,HIGH,Varicose veins,32
skin_rash high_fever blister red_sore_around_nose yellow_crust_ooze,MEDIUM,Impetigo,19
itching fatigue lethargy dark_urine loss_of_appetite abdominal_pain yellow_urine yellowing_of_eyes malaise receiving_blood_transfusion receiving_unsterile_injections,CRITICAL,Hepatitis B,40
vomiting sweating chest_pain,MEDIUM,Heart attack,15
itching skin_rash fatigue lethargy high_fever headache loss_of_appetite mild_fever swelled_lymph_nodes malaise red_spots_over_body,CRITICAL,Chicken pox,44
back_pain weakness_in_limbs neck_pain dizziness loss_of_balance,MEDIUM,Cervical spondylosis,23
vomiting fatigue sweating headache nausea blurred_and_distorted_vision excessive_hunger drying_and_tingling_lips slurred_speech irritability palpitations,CRITICAL,Hypoglycemia,43
stomach_pain acidity ulcers_on_tongue vomiting cough chest_pain,HIGH,GERD,28
joint_pain vomiting yellowish_skin dark_urine nausea loss_of_appetite abdominal_pain diarrhoea mild_fever yellowing_of_eyes muscle_pain,CRITICAL,hepatitis A,45
skin_rash high_fever blister red_sore_around_nose yellow_crust_ooze,MEDIUM,Impetigo,19
joint_pain neck_pain knee_pain hip_joint_pain painful_walking,MEDIUM,Osteoarthristis,15
chills vomiting fatigue weight_loss cough breathlessness sweating loss_of_appetite mild_fever yellowing_of_eyes swelled_lymph_nodes malaise phlegm chest_pain blood_in_sputum,CRITICAL,Tuberculosis,68
vomiting high_fever sweating headache nausea diarrhoea muscle_pain,HIGH,Malaria,31
itching skin_rash fatigue lethargy headache loss_of_appetite mild_fever swelled_lymph_nodes malaise red_spots_over_body,HIGH,Chicken pox,37
vomiting yellowish_skin abdominal_pain swelling_of_stomach distention_of_abdomen history_of_alcohol_consumption fluid_overload,HIGH,Alcoholic hepatitis,32
back_pain weakness_in_limbs neck_pain dizziness loss_of_balance,MEDIUM,Cervical spondylosis,23
itching vomiting nausea loss_of_appetite abdominal_pain yellowing_of_eyes,MEDIUM,Chronic cholestasis,23
constipation pain_during_bowel_movements pain_in_anal_region bloody_stool irritation_in_anus,HIGH,Dimorphic hemmorhoids(piles),26
fatigue mood_swings weight_loss restlessness sweating diarrhoea fast_heart_rate excessive_hunger muscle_weakness irritability abnormal_menstruation,CRITICAL,Hyperthyroidism,43
skin_rash chills joint_pain vomiting fatigue high_fever headache nausea loss_of_appetite pain_behind_the_eyes back_pain malaise muscle_pain red_spots_over_body,CRITICAL,Dengue,55
skin_rash joint_pain skin_peeling silver_like_dusting small_dents_in_nails inflammatory_nails,MEDIUM,Psoriasis,15
acidity headache blurred_and_distorted_vision excessive_hunger stiff_neck depression irritability visual_disturbances,HIGH,Migraine,27
fatigue mood_swings restlessness sweating diarrhoea fast_heart_rate excessive_hunger muscle_weakness irritability abnormal_menstruation,CRITICAL,Hyperthyroidism,40
headache chest_pain dizziness loss_of_balance lack_of_concentration,MEDIUM,Hypertension,21
skin_rash blackheads scurring,LOW,Acne,7
itching skin_rash lethargy high_fever headache loss_of_appetite mild_fever swelled_lymph_nodes malaise red_spots_over_body,CRITICAL,Chicken pox,40
patches_in_throat high_fever extra_marital_contacts,MEDIUM,AIDS,18
muscle_wasting patches_in_throat high_fever,MEDIUM,AIDS,16
headache chest_pain dizziness loss_of_balance lack_of_concentration,MEDIUM,Hypertension,21
constipation pain_in_anal_region bloody_stool irritation_in_anus,MEDIUM,Dimorphic hemmorhoids(piles),21
itching skin_rash fatigue lethargy high_fever headache mild_fever swelled_lymph_nodes malaise red_spots_over_body,CRITICAL,Chicken pox,40
shivering chills watering_from_eyes,LOW,Allergy,12
skin_rash joint_pain skin_peeling silver_like_dusting small_dents_in_nails inflammatory_nails,MEDIUM,Psoriasis,15
chills fatigue cough high_fever breathlessness sweating malaise phlegm chest_pain fast_heart_rate rusty_sputum,CRITICAL,Pneumonia,52
vomiting breathlessness sweating chest_pain,MEDIUM,Heart attack,19
fatigue weight_loss restlessness irregular_sugar_level blurred_and_distorted_vision obesity excessive_hunger increased_appetite polyuria,HIGH,Diabetes,39
headache nausea spinning_movements loss_of_balance unsteadiness,MEDIUM,(vertigo) Paroymsal  Positional Vertigo,22
joint_pain vomiting yellowish_skin dark_urine nausea loss_of_appetite abdominal_pain diarrhoea mild_fever yellowing_of_eyes muscle_pain,CRITICAL,hepatitis A,45
fatigue weight_loss restlessness lethargy irregular_sugar_level blurred_and_distorted_vision obesity excessive_hunger increased_appetite polyuria,CRITICAL,Diabetes,41
skin_rash pus_filled_pimples scurring,LOW,Acne,7
joint_pain vomiting fatigue yellowish_skin dark_urine nausea loss_of_appetite abdominal_pain yellowing_of_eyes,HIGH,Hepatitis D,36
acidity indigestion headache blurred_and_distorted_vision excessive_hunger stiff_neck depression irritability visual_disturbances,HIGH,Migraine,32
vomiting sunken_eyes dehydration diarrhoea,MEDIUM,Gastroenteritis,18
joint_pain vomiting fatigue high_fever yellowish_skin dark_urine nausea loss_of_appetite abdominal_pain yellowing_of_eyes acute_liver_failure coma stomach_bleeding,CRITICAL,Hepatitis E,62
itching vomiting yellowish_skin nausea abdominal_pain yellowing_of_eyes,MEDIUM,Chronic cholestasis,22
skin_rash high_fever blister red_sore_around_nose yellow_crust_ooze,MEDIUM,Impetigo,19
constipation pain_during_bowel_movements pain_in_anal_region bloody_stool irritation_in_anus,HIGH,Dimorphic hemmorhoids(piles),26
continuous_sneezing chills fatigue cough high_fever swelled_lymph_nodes malaise phlegm throat_irritation redness_of_eyes sinus_pressure runny_nose congestion chest_pain loss_of_smell muscle_pain,CRITICAL,Common Cold,74
fatigue restlessness lethargy irregular_sugar_level blurred_and_distorted_vision obesity excessive_hunger increased_appetite polyuria,HIGH,Diabetes,38
chills fatigue cough high_fever breathlessness sweating malaise phlegm chest_pain fast_heart_rate rusty_sputum,CRITICAL,Pneumonia,52
vomiting headache nausea spinning_movements loss_of_balance unsteadiness,HIGH,(vertigo) Paroymsal  Positional Vertigo,27
continuous_sneezing shivering chills watering_from_eyes,MEDIUM,Allergy,16
fatigue mood_swings weight_loss restlessness sweating diarrhoea fast_heart_rate excessive_hunger muscle_weakness irritability abnormal_menstruation,CRITICAL,Hyperthyroidism,43
